Date,SPY,IEF,GLD,VNQ
2010-01-04,84.36898803710938,60.71373748779297,109.80000305175781,23.14558219909668
2010-01-05,84.5923080444336,60.980281829833984,109.69999694824219,23.11960220336914
2010-01-06,84.65189361572266,60.73419189453125,111.51000213623047,23.07804298400879
2010-01-07,85.00920104980469,60.73419189453125,110.81999969482422,23.327409744262695
2010-01-08,85.2920913696289,60.80938720703125,111.37000274658203,23.15596580505371
2010-01-11,85.41119384765625,60.850399017333984,112.8499984741211,23.291051864624023
2010-01-12,84.6146469116211,61.287879943847656,110.48999786376953,22.901399612426758
2010-01-13,85.32933044433594,60.993896484375,111.54000091552734,23.363784790039062
2010-01-14,85.56007385253906,61.281044006347656,112.02999877929688,23.342998504638672
2010-01-15,84.59977722167969,61.55448532104492,110.86000061035156,23.16636085510254
2010-01-19,85.6568603515625,61.44513702392578,111.5199966430664,23.63913917541504
2010-01-20,84.7858657836914,61.6569938659668,108.94000244140625,23.374177932739258
2010-01-21,83.15553283691406,61.88254165649414,107.37000274658203,22.70396614074707
2010-01-22,81.30181884765625,61.93730926513672,107.16999816894531,22.132478713989258
2010-01-25,81.71869659423828,61.80056381225586,107.4800033569336,22.288330078125
2010-01-26,81.37625122070312,61.92361831665039,107.55999755859375,22.08051300048828
2010-01-27,81.76335906982422,61.78001022338867,106.52999877929688,22.27794647216797
2010-01-28,80.82535552978516,61.759525299072266,106.4800033569336,22.08572006225586
2010-01-29,79.9468994140625,61.99882507324219,105.95999908447266,21.961023330688477
2010-02-01,81.19015502929688,61.786163330078125,108.3499984741211,22.36107063293457
2010-02-02,82.17284393310547,61.889060974121094,109.12999725341797,22.66759490966797
2010-02-03,81.76335906982422,61.59416580200195,108.69999694824219,22.29871368408203
2010-02-04,79.23967742919922,62.1016845703125,104.37000274658203,21.472658157348633
2010-02-05,79.40345001220703,62.30058288574219,104.68000030517578,21.867504119873047
2010-02-08,78.83024597167969,62.24566650390625,104.04000091552734,21.389524459838867
2010-02-09,79.82037353515625,61.90968322753906,105.41000366210938,21.32198143005371
2010-02-10,79.66404724121094,61.7381706237793,105.12000274658203,21.36354637145996
2010-02-11,80.497802734375,61.662757873535156,107.12999725341797,21.566165924072266
2010-02-12,80.43082427978516,61.806766510009766,107.04000091552734,21.820751190185547
2010-02-16,81.69639587402344,61.94389724731445,109.62000274658203,22.439001083374023
2010-02-17,82.08349609375,61.61469268798828,109.25,22.64162254333496
2010-02-18,82.5674057006836,61.3952522277832,109.9800033569336,22.97932243347168
2010-02-19,82.73863983154297,61.429500579833984,109.47000122070312,22.994905471801758
2010-02-22,82.75350189208984,61.38152313232422,109.06999969482422,23.05204963684082
2010-02-23,81.74849700927734,61.847869873046875,107.88999938964844,22.87541389465332
2010-02-24,82.50039672851562,61.882179260253906,107.36000061035156,23.109207153320312
2010-02-25,82.38872528076172,62.108524322509766,108.30999755859375,23.197526931762695
2010-02-26,82.44084167480469,62.204551696777344,109.43000030517578,23.1871337890625
2010-03-01,83.29696655273438,62.26917266845703,109.43000030517578,23.384572982788086
2010-03-02,83.52774047851562,62.30354690551758,111.0199966430664,23.394954681396484
2010-03-03,83.60218048095703,62.24166488647461,111.62999725341797,23.332603454589844
2010-03-04,83.85530090332031,62.351688385009766,110.83000183105469,23.47808265686035
2010-03-05,85.05387878417969,62.056007385253906,110.80999755859375,24.117128372192383
2010-03-08,85.06877899169922,61.890987396240234,109.87999725341797,24.36130142211914
2010-03-09,85.21022033691406,62.049137115478516,109.72000122070312,24.4184513092041
2010-03-10,85.58988189697266,61.94595718383789,108.47000122070312,24.636661529541016
2010-03-11,85.94721984863281,61.890987396240234,108.5999984741211,24.782136917114258
2010-03-12,85.95466613769531,61.98726272583008,107.94999694824219,24.979562759399414
2010-03-15,85.97701263427734,61.98726272583008,108.36000061035156,24.922412872314453
2010-03-16,86.66191864013672,62.227909088134766,110.4000015258789,25.525083541870117
2010-03-17,87.17555236816406,62.30354690551758,109.58999633789062,25.90434455871582
2010-03-18,87.13089752197266,62.13851547241211,110.33999633789062,25.764062881469727
2010-03-19,86.68987274169922,62.056007385253906,108.27999877929688,25.483509063720703
2010-03-22,87.1533203125,62.26228713989258,107.75,25.80563735961914
2010-03-23,87.76628875732422,62.13161087036133,108.31999969482422,25.732900619506836
2010-03-24,87.34021759033203,61.512752532958984,106.30000305175781,25.8731746673584
2010-03-25,87.19819641113281,61.2857780456543,106.77999877929688,25.936513900756836
2010-03-26,87.14586639404297,61.43018341064453,108.58999633789062,25.800413131713867
2010-03-29,87.6989974975586,61.340782165527344,108.75,25.878915786743164
2010-03-30,87.75884246826172,61.4027214050293,107.97000122070312,25.842294692993164
2010-03-31,87.45979309082031,61.54708480834961,108.94999694824219,25.54916000366211
2010-04-01,88.05783081054688,61.41956329345703,110.26000213623047,25.680021286010742
2010-04-05,88.77543640136719,60.8678092956543,110.88999938964844,26.245344161987305
2010-04-06,88.98477935791016,61.047122955322266,111.02999877929688,26.847293853759766
2010-04-07,88.47643280029297,61.426414489746094,112.48999786376953,26.25580596923828
2010-04-08,88.78292083740234,61.357479095458984,112.6500015258789,26.287212371826172
2010-04-09,89.36599731445312,61.426414489746094,113.63999938964844,26.658863067626953
2010-04-12,89.50802612304688,61.591957092285156,113.01000213623047,26.49135971069336
2010-04-13,89.5753173828125,61.709197998046875,112.69000244140625,27.140424728393555
2010-04-14,90.59191131591797,61.54365921020508,113.02999877929688,27.18230438232422
2010-04-15,90.66666412353516,61.647132873535156,113.6500015258789,26.439006805419922
2010-04-16,89.22395324707031,62.01944351196289,111.23999786376953,25.83182144165039
2010-04-19,89.56033325195312,61.86779022216797,111.1500015258789,25.946977615356445
2010-04-20,90.36016845703125,61.895408630371094,111.45999908447266,26.386667251586914
2010-04-21,90.19572448730469,62.095367431640625,112.30999755859375,26.847293853759766
2010-04-22,90.46484375,61.950531005859375,111.83999633789062,27.260822296142578
2010-04-23,91.05536651611328,61.77818298339844,113.19000244140625,27.62198829650879
2010-04-26,90.71150970458984,61.819541931152344,112.75,27.84183120727539
2010-04-27,88.5661392211914,62.39878463745117,114.62999725341797,26.95199203491211
2010-04-28,89.23889923095703,62.08157730102539,114.30999755859375,27.03573226928711
2010-04-29,90.34524536132812,62.184993743896484,114.27999877929688,28.2553653717041
2010-04-30,88.81280517578125,62.564334869384766,115.36000061035156,27.37596321105957
2010-05-03,89.96399688720703,62.400367736816406,115.7300033569336,28.28676414489746
2010-05-04,87.8484878540039,62.82237243652344,114.87000274658203,27.64291763305664
2010-05-05,87.32527160644531,63.064456939697266,115.08999633789062,27.27128028869629
2010-05-06,84.42484283447266,63.75615310668945,118.48999786376953,26.151123046875
2010-05-07,83.16899871826172,63.583248138427734,118.2699966430664,25.71142578125
2010-05-10,86.83190155029297,63.09903335571289,117.56999969482422,27.407377243041992
2010-05-11,86.58523559570312,63.175174713134766,120.66000366210938,27.56964683532715
2010-05-12,87.79620361328125,63.01601028442383,121.4000015258789,28.014562606811523
2010-05-13,86.70480346679688,63.18893814086914,120.55999755859375,27.559165954589844
2010-05-14,85.1350326538086,63.59708786010742,120.37000274658203,26.685033798217773
2010-05-17,85.17985534667969,63.4587287902832,119.36000061035156,26.721668243408203
2010-05-18,84.02122497558594,63.922142028808594,119.48999786376953,26.046428680419922
2010-05-19,83.54280090332031,63.97755813598633,116.62999725341797,25.805654525756836
2010-05-20,80.38825988769531,64.60009765625,115.83999633789062,24.481338500976562
2010-05-21,81.56189727783203,64.6346664428711,115.22000122070312,25.303136825561523
2010-05-24,80.51533508300781,64.6346664428711,116.83999633789062,24.737825393676758
2010-05-25,80.59757232666016,64.85599517822266,117.36000061035156,24.93674087524414
2010-05-26,80.1116714477539,64.72457122802734,118.47000122070312,24.884397506713867
2010-05-27,82.79529571533203,64.10894775390625,118.69000244140625,26.250572204589844
2010-05-28,81.75626373291016,64.39944458007812,118.87999725341797,25.91556739807129
2010-06-01,80.38078308105469,64.48269653320312,119.91000366210938,25.376426696777344
2010-06-02,82.47386169433594,64.11508178710938,119.77999877929688,25.873693466186523
2010-06-03,82.75789642333984,64.0248794555664,117.95999908447266,25.800413131713867
2010-06-04,79.85004425048828,64.91278839111328,119.19000244140625,24.340007781982422
2010-06-07,78.85585021972656,65.1763916015625,121.48999786376953,24.209152221679688
2010-06-08,79.7005844116211,64.97525787353516,121.0,24.64360809326172
2010-06-09,79.27446746826172,64.98210144042969,120.55999755859375,24.790176391601562
2010-06-10,81.5917739868164,64.378662109375,118.97000122070312,25.86322593688965
2010-06-11,81.98796081542969,64.78791046142578,120.01000213623047,26.172054290771484
2010-06-14,81.86088562011719,64.73246765136719,119.5999984741211,26.496583938598633
2010-06-15,83.72223663330078,64.53129577636719,120.98999786376953,27.088075637817383
2010-06-16,83.69229888916016,64.71163177490234,120.33000183105469,26.842056274414062
2010-06-17,83.82687377929688,65.016845703125,121.9000015258789,26.899633407592773
2010-06-18,83.91775512695312,64.8850326538086,122.83000183105469,26.815887451171875
2010-06-21,83.6773910522461,64.83647155761719,120.38999938964844,26.60651969909668
2010-06-22,82.2954330444336,65.2248764038086,121.44999694824219,25.816110610961914
2010-06-23,82.0400390625,65.46769714355469,120.94999694824219,25.884151458740234
2010-06-24,80.68058776855469,65.41223907470703,121.30000305175781,25.336219787597656
2010-06-25,81.01860809326172,65.51624298095703,122.76000213623047,25.97557258605957
2010-06-28,80.76324462890625,65.98101043701172,121.08999633789062,25.669111251831055
2010-06-29,78.26963806152344,66.26541900634766,121.2699966430664,24.828968048095703
2010-06-30,77.52609252929688,66.362548828125,121.68000030517578,24.564773559570312
2010-07-01,77.18058776855469,66.33330535888672,117.04000091552734,24.4802303314209
2010-07-02,76.7599868774414,66.21512603759766,118.48999786376953,24.00996208190918
2010-07-06,77.26321411132812,66.37501525878906,116.51000213623047,23.476287841796875
2010-07-07,79.6966781616211,66.1663818359375,117.7300033569336,24.617612838745117
2010-07-08,80.48533630371094,66.00646209716797,117.20999908447266,24.924089431762695
2010-07-09,81.08619689941406,65.83258819580078,118.36000061035156,25.241117477416992
2010-07-12,81.13874053955078,65.9438705444336,117.33999633789062,25.32036781311035
2010-07-13,82.363037109375,65.61698913574219,118.36000061035156,25.943870544433594
2010-07-14,82.35549926757812,65.9438705444336,118.30000305175781,25.790637969970703
2010-07-15,82.37805938720703,66.2846450805664,118.2300033569336,25.706092834472656
2010-07-16,80.10978698730469,66.66714477539062,116.66999816894531,24.871240615844727
2010-07-19,80.58296203613281,66.49331665039062,115.7300033569336,25.17770004272461
2010-07-20,81.47674560546875,66.56282806396484,116.6500015258789,25.647974014282227
2010-07-21,80.41773223876953,66.98709106445312,115.8499984741211,25.114303588867188
2010-07-22,82.21279907226562,66.61843872070312,116.86000061035156,26.054838180541992
2010-07-23,82.92633056640625,66.40284729003906,116.08999633789062,26.387710571289062
2010-07-26,83.79004669189453,66.3819580078125,115.5199966430664,27.048198699951172
2010-07-27,83.78253936767578,66.15251922607422,113.51000213623047,27.042919158935547
2010-07-28,83.24178314208984,66.4376449584961,113.77999877929688,26.990079879760742
2010-07-29,82.83619689941406,66.57677459716797,114.29000091552734,26.76287269592285
2010-07-30,82.82117462158203,66.96620178222656,115.48999786376953,26.92138671875
2010-08-02,84.69135284423828,66.75907897949219,115.54000091552734,27.824935913085938
2010-08-03,84.28578186035156,67.07291412353516,115.98999786376953,27.555463790893555
2010-08-04,84.8490982055664,66.79393005371094,116.72000122070312,27.750972747802734
2010-08-05,84.75894927978516,67.11475372314453,116.9800033569336,27.4022274017334
2010-08-06,84.41346740722656,67.55400085449219,117.83999633789062,27.275405883789062
2010-08-09,84.86410522460938,67.54006958007812,117.4000015258789,27.587160110473633
2010-08-10,84.40592956542969,67.88175201416016,117.7300033569336,27.317676544189453
2010-08-11,82.09262084960938,68.26530456542969,117.33999633789062,26.63606071472168
2010-08-12,81.58941650390625,68.09095001220703,118.7699966430664,26.303180694580078
2010-08-13,81.34906768798828,68.3837890625,118.73999786376953,26.303180694580078
2010-08-16,81.31150817871094,68.87891387939453,119.7300033569336,26.282045364379883
2010-08-17,82.3104476928711,68.53021240234375,119.75,26.88440704345703
2010-08-18,82.46066284179688,68.46051025390625,120.22000122070312,26.91082763671875
2010-08-19,81.02607727050781,68.76731872558594,120.38999938964844,26.223918914794922
2010-08-20,80.76324462890625,68.54418182373047,119.97000122070312,26.13937759399414
2010-08-23,80.45529174804688,68.63484954833984,119.77999877929688,26.00198745727539
2010-08-24,79.26109313964844,69.17877197265625,120.36000061035156,25.89630126953125
2010-08-25,79.56900787353516,68.86500549316406,121.36000061035156,26.308448791503906
2010-08-26,79.03572082519531,69.17877197265625,120.95999908447266,26.149934768676758
2010-08-27,80.25997924804688,68.3837890625,121.01000213623047,26.583219528198242
2010-08-30,79.09585571289062,68.9067611694336,120.91000366210938,26.37714958190918
2010-08-31,79.09585571289062,69.21356201171875,122.08000183105469,26.577943801879883
2010-09-01,81.46173095703125,68.71517944335938,121.69000244140625,27.444496154785156
2010-09-02,82.22032165527344,68.42857360839844,122.29000091552734,27.793231964111328
2010-09-03,83.28681945800781,68.03714752197266,121.86000061035156,28.200090408325195
2010-09-07,82.34800720214844,68.57537078857422,122.69999694824219,27.766807556152344
2010-09-08,82.92633056640625,68.38665008544922,122.70999908447266,27.824935913085938
2010-09-09,83.30937194824219,67.84837341308594,121.55999755859375,27.50263023376465
2010-09-10,83.72997283935547,67.65260314941406,121.7300033569336,27.650571823120117
2010-09-13,84.66129302978516,67.97417449951172,121.62000274658203,28.104976654052734
2010-09-14,84.6087417602539,68.31671142578125,124.0199966430664,27.999300003051758
2010-09-15,84.93171691894531,68.07902526855469,123.94000244140625,28.24235725402832
2010-09-16,84.90916442871094,67.84139251708984,124.62999725341797,28.094411849975586
2010-09-17,84.94087982177734,67.99520874023438,124.54000091552734,28.178956985473633
2010-09-20,86.23963928222656,68.20487213134766,124.87000274658203,28.865856170654297
2010-09-21,86.06596374511719,68.84097290039062,126.01000213623047,28.443138122558594
2010-09-22,85.64312744140625,68.94583129882812,126.19999694824219,28.05742835998535
2010-09-23,84.94842529296875,69.04371643066406,126.30000305175781,27.365238189697266
2010-09-24,86.70027160644531,68.70116424560547,126.69000244140625,28.139362335205078
2010-09-27,86.28495788574219,69.2324447631836,126.72000122070312,27.792816162109375
2010-09-28,86.58699035644531,69.46319580078125,127.8499984741211,27.90479850769043
2010-09-29,86.43597412109375,69.29537200927734,127.94999694824219,27.686185836791992
2010-09-30,86.17920684814453,69.21150207519531,127.91000366210938,27.766162872314453
2010-10-01,86.54169464111328,69.24864196777344,128.91000366210938,27.90479850769043
2010-10-04,85.89231872558594,69.49383544921875,128.4600067138672,28.160686492919922
2010-10-05,87.62147521972656,69.50785827636719,130.99000549316406,28.60852813720703
2010-10-06,87.6139144897461,69.95630645751953,131.80999755859375,28.453920364379883
2010-10-07,87.50820922851562,70.0263671875,130.3699951171875,28.53388214111328
2010-10-08,87.99906158447266,70.05437469482422,131.66000366210938,28.61385726928711
2010-10-11,88.08212280273438,70.12454223632812,132.2899932861328,28.60852813720703
2010-10-12,88.35391235351562,69.92127990722656,131.9600067138672,28.811124801635742
2010-10-13,89.04105377197266,69.92127990722656,134.07000732421875,29.109683990478516
2010-10-14,88.69371032714844,69.5218505859375,134.75,29.035045623779297
2010-10-15,88.87496185302734,69.22055053710938,133.67999267578125,28.99771499633789
2010-10-18,89.3128890991211,69.54998779296875,134.27999877929688,29.370920181274414
2010-10-19,88.14248657226562,69.78816986083984,130.11000061035156,29.008390426635742
2010-10-20,89.00328826904297,69.7461166381836,131.32000732421875,29.64282989501953
2010-10-21,89.19961547851562,69.36077117919922,129.47000122070312,29.610837936401367
2010-10-22,89.36573791503906,69.38176727294922,129.72999572753906,29.626834869384766
2010-10-25,89.6300277709961,69.36077117919922,130.85000610351562,29.680143356323242
2010-10-26,89.64515686035156,68.89830017089844,130.8800048828125,29.46689224243164
2010-10-27,89.38839721679688,68.49894714355469,129.52000427246094,29.258974075317383
2010-10-28,89.40349578857422,68.89830017089844,131.24000549316406,29.077693939208984
2010-10-29,89.47142028808594,69.20653533935547,132.6199951171875,29.08302879333496
2010-11-01,89.5016860961914,69.09073638916016,131.9199981689453,29.33361053466797
2010-11-02,90.21147918701172,69.32254791259766,132.49000549316406,29.536203384399414
2010-11-03,90.57392120361328,69.54723358154297,131.57000732421875,29.536203384399414
2010-11-04,92.31819915771484,70.10913848876953,136.02999877929688,30.2186222076416
2010-11-05,92.66553497314453,69.8140869140625,136.3800048828125,30.543851852416992
2010-11-08,92.49187469482422,69.83521270751953,137.77999877929688,30.378572463989258
2010-11-09,91.82735443115234,69.24524688720703,135.58999633789062,29.14700698852539
2010-11-10,92.19737243652344,69.50507354736328,137.24000549316406,29.509546279907227
2010-11-11,91.85002899169922,69.4278564453125,137.66000366210938,29.274965286254883
2010-11-12,90.7626724243164,68.85189056396484,133.69000244140625,29.0030517578125
2010-11-15,90.63428497314453,67.96691131591797,132.4199981689453,28.725811004638672
2010-11-16,89.22228240966797,68.4726333618164,130.97000122070312,27.73950958251953
2010-11-17,89.26761627197266,68.27598571777344,130.3800048828125,27.9527530670166
2010-11-18,90.58146667480469,68.11442565917969,132.08999633789062,28.203336715698242
2010-11-19,90.83064270019531,68.25494384765625,132.1999969482422,28.352624893188477
2010-11-22,90.75511932373047,68.62015533447266,133.47999572753906,28.4272518157959
2010-11-23,89.44124603271484,68.7606201171875,134.41000366210938,28.203336715698242
2010-11-24,90.7626724243164,68.02308654785156,134.17999267578125,28.747146606445312
2010-11-26,89.70555877685547,68.31813049316406,133.11000061035156,28.68850326538086
2010-11-29,89.97737884521484,68.46563720703125,133.50999450683594,28.672496795654297
2010-11-30,89.47142028808594,68.5849609375,135.4199981689453,28.54454803466797
2010-12-01,91.37430572509766,67.68305969238281,135.3800048828125,28.709827423095703
2010-12-02,92.54470825195312,67.51412963867188,135.1999969482422,29.15235137939453
2010-12-03,92.79389953613281,67.52117156982422,138.07000732421875,29.14700698852539
2010-12-06,92.69573211669922,67.94355773925781,139.11000061035156,29.20564842224121
2010-12-07,92.74858093261719,66.8170394897461,136.5,29.269628524780273
2010-12-08,93.08837127685547,66.24675750732422,134.7899932861328,28.8377742767334
2010-12-09,93.45082092285156,66.38755798339844,135.3699951171875,28.581872940063477
2010-12-10,93.9944839477539,65.82431030273438,135.41000366210938,28.768470764160156
2010-12-13,94.05488586425781,66.03556060791016,136.0500030517578,28.81645965576172
2010-12-14,94.1379623413086,65.33847045898438,136.17999267578125,28.53388214111328
2010-12-15,93.70758056640625,65.07096099853516,134.6999969482422,28.261981964111328
2010-12-16,94.25125122070312,65.45820617675781,133.80999755859375,28.309965133666992
2010-12-17,94.35220336914062,66.02145385742188,134.1999969482422,28.54454803466797
2010-12-20,94.57990264892578,66.01445770263672,135.11000061035156,28.885765075683594
2010-12-21,95.17960357666016,66.15525817871094,135.32000732421875,29.189653396606445
2010-12-22,95.4755859375,65.97216033935547,135.0500030517578,29.413576126098633
2010-12-23,95.3389663696289,65.73992156982422,134.66000366210938,29.28029441833496
2010-12-27,95.37691497802734,65.9933090209961,135.02000427246094,29.644100189208984
2010-12-28,95.5135726928711,65.30008697509766,137.22000122070312,29.76268768310547
2010-12-29,95.5818862915039,66.03424835205078,137.7100067138672,29.82198143005371
2010-12-30,95.4300537109375,65.90006256103516,137.02999877929688,29.902820587158203
2010-12-31,95.45282745361328,66.23188781738281,138.72000122070312,29.843534469604492
2011-01-03,96.43964385986328,66.02721405029297,138.0,30.398685455322266
2011-01-04,96.38648223876953,66.18246459960938,134.75,29.81657600402832
2011-01-05,96.887451171875,65.46946716308594,134.3699951171875,29.924365997314453
2011-01-06,96.69770812988281,65.80839538574219,133.8300018310547,29.644100189208984
2011-01-07,96.5079345703125,66.24600982666016,133.5800018310547,29.654882431030273
2011-01-10,96.38648223876953,66.47191619873047,134.1199951171875,29.649492263793945
2011-01-11,96.72805786132812,66.210693359375,134.91000366210938,29.584815979003906
2011-01-12,97.60099792480469,66.02010345458984,135.4600067138672,29.70877456665039
2011-01-13,97.44160461425781,66.46488189697266,134.0500030517578,29.805801391601562
2011-01-14,98.14755249023438,66.28136444091797,132.69000244140625,30.005220413208008
2011-01-18,98.31452178955078,66.11894989013672,133.42999267578125,30.263940811157227
2011-01-19,97.35054016113281,66.28837585449219,133.72000122070312,29.865081787109375
2011-01-20,97.221435546875,65.7730712890625,131.1999969482422,29.87047576904297
2011-01-21,97.44160461425781,65.9918441772461,131.02999877929688,29.892044067382812
2011-01-24,97.99571990966797,65.99897003173828,130.36000061035156,30.04296875
2011-01-25,98.048828125,66.33074188232422,130.10000610351562,30.393295288085938
2011-01-26,98.42839050292969,65.92832946777344,131.16000366210938,30.441795349121094
2011-01-27,98.67131805419922,66.17536926269531,127.93000030517578,30.921485900878906
2011-01-28,96.94820404052734,66.47898864746094,130.27999877929688,30.409461975097656
2011-01-31,97.67692565917969,66.2177505493164,129.8699951171875,30.813697814941406
2011-02-01,99.24059295654297,65.9099349975586,130.8000030517578,30.889150619506836
2011-02-02,99.05082702636719,65.75421905517578,130.4499969482422,30.889150619506836
2011-02-03,99.27096557617188,65.37911987304688,132.1999969482422,30.97538948059082
2011-02-04,99.55180358886719,64.97574615478516,131.66000366210938,30.74901580810547
2011-02-07,100.17427062988281,64.94744873046875,131.67999267578125,31.050846099853516
2011-02-08,100.6296615600586,64.5015869140625,133.13999938964844,31.185585021972656
2011-02-09,100.40198516845703,64.86958312988281,133.07000732421875,31.207151412963867
2011-02-10,100.43994140625,64.65727996826172,132.85000610351562,31.336515426635742
2011-02-11,101.0395736694336,64.95452117919922,132.32000732421875,31.541324615478516
2011-02-14,101.28245544433594,64.97574615478516,132.9499969482422,31.546714782714844
2011-02-15,100.963623046875,65.1243667602539,133.97000122070312,31.42814826965332
2011-02-16,101.60131072998047,65.03238677978516,134.10000610351562,31.498205184936523
2011-02-17,101.90493774414062,65.27294158935547,135.0399932861328,31.530559539794922
2011-02-18,102.1174545288086,65.25885009765625,135.41000366210938,31.654510498046875
2011-02-22,100.06797790527344,65.88870239257812,136.2899932861328,31.379627227783203
2011-02-23,99.45310974121094,65.72591400146484,137.50999450683594,31.115524291992188
2011-02-24,99.38481140136719,65.89579010009766,136.47999572753906,30.878387451171875
2011-02-25,100.44750213623047,66.10809326171875,137.3800048828125,31.482030868530273
2011-02-28,101.0699462890625,66.0798110961914,137.66000366210938,32.26356506347656
2011-03-01,99.38481140136719,66.1550064086914,140.02999877929688,31.30417823791504
2011-03-02,99.59737396240234,65.807373046875,139.9199981689453,31.018526077270508
2011-03-03,101.3128433227539,65.36048126220703,138.08999633789062,31.46587371826172
2011-03-04,100.55379486083984,65.82862091064453,139.35000610351562,31.164052963256836
2011-03-07,99.76429748535156,65.66548156738281,139.72000122070312,30.937667846679688
2011-03-08,100.63726806640625,65.50945281982422,139.36000061035156,31.374248504638672
2011-03-09,100.49305725097656,65.89258575439453,139.41000366210938,31.341907501220703
2011-03-10,98.63336181640625,66.45286560058594,137.77000427246094,30.862218856811523
2011-03-11,99.31647491455078,66.29683685302734,138.22000122070312,31.17481803894043
2011-03-14,98.71682739257812,66.44580078125,138.86000061035156,30.862218856811523
2011-03-15,97.58584594726562,66.68699645996094,136.27000427246094,30.70050621032715
2011-03-16,95.77924346923828,67.2544937133789,136.24000549316406,30.24776268005371
2011-03-17,97.046875,67.04874420166016,136.97000122070312,30.479530334472656
2011-03-18,97.39986419677734,67.00621795654297,138.3699951171875,30.7867431640625
2011-03-21,98.90933227539062,66.65860748291016,139.13999938964844,31.120927810668945
2011-03-22,98.56624603271484,66.69404602050781,139.0500030517578,30.921485900878906
2011-03-23,98.848388671875,66.60897064208984,140.33999633789062,30.581941604614258
2011-03-24,99.79366302490234,66.26844787597656,139.22000122070312,30.711292266845703
2011-03-25,100.09864807128906,66.09112548828125,139.25999450683594,30.95124626159668
2011-03-28,99.85468292236328,66.11239624023438,138.5399932861328,30.913246154785156
2011-03-29,100.52555084228516,65.92088317871094,138.2100067138672,31.038116455078125
2011-03-30,101.21932983398438,66.14787292480469,138.6699981689453,31.48874282836914
2011-03-31,101.08209228515625,65.97760009765625,139.86000061035156,31.7439022064209
2011-04-01,101.50901794433594,66.11846160888672,139.1999969482422,31.79277229309082
2011-04-04,101.59285736083984,66.26775360107422,139.83999633789062,31.771055221557617
2011-04-05,101.5776138305664,65.93355560302734,142.0500030517578,31.803625106811523
2011-04-06,101.89781188964844,65.6490478515625,142.3800048828125,31.81991958618164
2011-04-07,101.63858032226562,65.65614318847656,142.50999450683594,31.467039108276367
2011-04-08,101.2879409790039,65.46411895751953,143.66000366210938,31.238998413085938
2011-04-11,100.98296356201172,65.5494384765625,142.63999938964844,31.260709762573242
2011-04-12,100.22825622558594,65.91935729980469,141.61000061035156,31.206422805786133
2011-04-13,100.2206039428711,66.17536926269531,141.89999389648438,31.157564163208008
2011-04-14,100.29682922363281,65.95487976074219,143.80999755859375,31.608169555664062
2011-04-15,100.66276550292969,66.43851470947266,145.0500030517578,32.01535415649414
2011-04-18,99.53446960449219,66.60212707519531,145.92999267578125,31.72761344909668
2011-04-19,100.10623168945312,66.6874771118164,145.92999267578125,31.977357864379883
2011-04-20,101.47090148925781,66.42433166503906,146.5,32.35195541381836
2011-04-21,101.98932647705078,66.47406005859375,146.74000549316406,32.569122314453125
2011-04-25,101.88256072998047,66.70880126953125,146.8699951171875,32.78628921508789
2011-04-26,102.75926971435547,66.99331665039062,146.3800048828125,33.07403564453125
2011-04-27,103.4301528930664,66.80126190185547,149.1999969482422,33.31834411621094
2011-04-28,103.76563262939453,67.05733489990234,149.82000732421875,33.76353073120117
2011-04-29,104.00955963134766,67.19245910644531,152.3699951171875,33.568084716796875
2011-05-02,103.84947204589844,67.17182922363281,150.41000366210938,33.61693572998047
2011-05-03,103.47592163085938,67.35004425048828,149.8800048828125,33.329200744628906
2011-05-04,102.78977966308594,67.52117156982422,147.72999572753906,33.13917922973633
2011-05-05,101.85968017578125,67.85633087158203,143.47000122070312,33.117462158203125
2011-05-06,102.30949401855469,67.89202117919922,145.3000030517578,32.82429122924805
2011-05-09,102.70592498779297,67.99182891845703,147.3800048828125,32.99259567260742
2011-05-10,103.58263397216797,67.66375732421875,147.89999389648438,33.5137825012207
2011-05-11,102.492431640625,67.9062271118164,146.5399932861328,33.16089630126953
2011-05-12,102.98040008544922,67.75650787353516,146.58999633789062,33.21518325805664
2011-05-13,102.18751525878906,68.02034759521484,145.6300048828125,32.86228561401367
2011-05-16,101.53949737548828,68.18438720703125,145.3699951171875,32.911163330078125
2011-05-17,101.5242691040039,68.38401794433594,144.74000549316406,32.90030288696289
2011-05-18,102.43145751953125,67.99182891845703,145.60000610351562,33.22062683105469
2011-05-19,102.67543029785156,68.0631332397461,145.64999389648438,33.36177444458008
2011-05-20,101.85968017578125,68.22708892822266,147.49000549316406,32.95458984375
2011-05-23,100.67801666259766,68.31986236572266,147.8300018310547,32.61798858642578
2011-05-24,100.59417724609375,68.39112091064453,148.58999633789062,32.71571731567383
2011-05-25,100.92959594726562,68.39828491210938,148.5800018310547,32.86772918701172
2011-05-26,101.39466094970703,68.77623748779297,148.22000122070312,33.307472229003906
2011-05-27,101.7834243774414,68.7690658569336,149.6999969482422,33.49750518798828
2011-05-31,102.84312438964844,68.87599182128906,149.63999938964844,34.02955627441406
2011-06-01,100.5331802368164,69.44367218017578,149.91000366210938,33.05231475830078
2011-06-02,100.42645263671875,69.02896881103516,149.5,32.813438415527344
2011-06-03,99.42768859863281,69.3006591796875,150.22000122070312,32.94374465942383
2011-06-06,98.37567901611328,69.25773620605469,150.47999572753906,32.46055221557617
2011-06-07,98.314697265625,69.38645935058594,150.4199981689453,32.802581787109375
2011-06-08,97.90303802490234,69.53656005859375,149.80999755859375,32.71027755737305
2011-06-09,98.65013885498047,69.25773620605469,150.55999755859375,32.357398986816406
2011-06-10,97.27787780761719,69.47940063476562,149.24000549316406,31.54302406311035
2011-06-13,97.3541259765625,69.32923126220703,147.77000427246094,31.67333221435547
2011-06-14,98.58914184570312,68.77879333496094,148.6699981689453,32.145660400390625
2011-06-15,96.835693359375,69.52227020263672,149.1199951171875,31.629901885986328
2011-06-16,97.04914855957031,69.71533203125,148.97000122070312,31.879623413085938
2011-06-17,97.33877563476562,69.66524505615234,149.94000244140625,32.18366622924805
2011-06-20,97.83678436279297,69.55804443359375,150.02999877929688,32.574562072753906
2011-06-21,99.17755126953125,69.46510314941406,150.75999450683594,32.829734802246094
2011-06-22,98.57994842529297,69.43647766113281,150.99000549316406,32.73199462890625
2011-06-23,98.29644775390625,69.80107879638672,148.33999633789062,32.06965637207031
2011-06-24,97.15489959716797,70.09420776367188,146.25999450683594,32.074581146240234
2011-06-27,98.02063751220703,69.82254028320312,145.72999572753906,32.21146011352539
2011-06-28,99.30008697509766,69.17913818359375,146.24000549316406,32.47974395751953
2011-06-29,100.15054321289062,68.76451110839844,147.17999267578125,32.8192138671875
2011-06-30,101.10820770263672,68.52857971191406,146.0,32.906837463378906
2011-07-01,102.60215759277344,68.35733032226562,144.92999267578125,33.47079086303711
2011-07-05,102.51792907714844,68.78727722167969,147.6300048828125,33.7281379699707
2011-07-06,102.64053344726562,68.90907287597656,148.91000366210938,33.98000717163086
2011-07-07,103.7054214477539,68.64401245117188,149.14999389648438,34.407073974609375
2011-07-08,102.96992492675781,69.37491607666016,150.25,34.36327362060547
2011-07-11,101.10820770263672,69.90515899658203,151.58999633789062,33.766456604003906
2011-07-12,100.67151641845703,70.00552368164062,152.77000427246094,33.88143539428711
2011-07-13,101.00860595703125,70.12015533447266,154.13999938964844,33.54744338989258
2011-07-14,100.31140899658203,69.7188949584961,154.5399932861328,33.2353515625
2011-07-15,100.8936996459961,70.00552368164062,155.1999969482422,33.60218811035156
2011-07-18,100.0662612915039,69.9625473022461,156.57000732421875,33.366756439208984
2011-07-19,101.69046020507812,70.2276840209961,154.66000366210938,33.903343200683594
2011-07-20,101.62918090820312,69.88373565673828,156.02000427246094,34.14973449707031
2011-07-21,103.03887176513672,69.4967041015625,154.8300018310547,34.423500061035156
2011-07-22,103.10783386230469,69.76188659667969,156.1199951171875,34.593238830566406
2011-07-25,102.533203125,69.53973388671875,157.33999633789062,34.270179748535156
2011-07-26,102.15015411376953,69.8335189819336,157.77000427246094,34.34685134887695
2011-07-27,100.05857849121094,69.7188949584961,157.19000244140625,33.38318634033203
2011-07-28,99.76744079589844,69.85508728027344,157.32000732421875,33.41604995727539
2011-07-29,99.08560180664062,70.70062255859375,158.2899932861328,33.42151641845703
2011-08-01,98.66417694091797,70.9577865600586,157.72000122070312,32.917789459228516
2011-08-02,96.14358520507812,71.61148834228516,161.52000427246094,31.866506576538086
2011-08-03,96.66455841064453,71.6689453125,161.49000549316406,31.60369300842285
2011-08-04,92.13665771484375,72.61712646484375,160.63999938964844,30.059650421142578
2011-08-05,91.99876403808594,71.77670288085938,161.75,29.30952262878418
2011-08-08,86.00750732421875,72.91887664794922,167.1199951171875,26.76348304748535
2011-08-09,90.00674438476562,73.34266662597656,168.61000061035156,29.20001983642578
2011-08-10,86.03047180175781,74.3124771118164,174.5800018310547,28.526552200317383
2011-08-11,89.89183044433594,73.22055053710938,170.75,30.004898071289062
2011-08-12,90.49707794189453,73.73062896728516,169.97000122070312,29.99941635131836
2011-08-15,92.41248321533203,73.45758819580078,171.8000030517578,31.094491958618164
2011-08-16,91.62332916259766,73.79530334472656,173.9199981689453,31.001407623291016
2011-08-17,91.68460845947266,74.3124771118164,174.4199981689453,31.089008331298828
2011-08-18,87.73131561279297,74.7004165649414,177.72000122070312,29.703754425048828
2011-08-19,86.29859924316406,74.77935791015625,179.9499969482422,29.134326934814453
2011-08-22,86.36758422851562,74.64293670654297,184.58999633789062,29.167179107666016
2011-08-23,89.20999145507812,74.34117126464844,177.6699981689453,29.884435653686523
2011-08-24,90.46643829345703,73.54386138916016,171.64999389648438,30.278654098510742
2011-08-25,89.08737182617188,73.99642944335938,172.36000061035156,29.71470832824707
2011-08-26,90.38216400146484,74.23347473144531,177.47000122070312,30.07608413696289
2011-08-29,92.9793930053711,73.74495697021484,173.88999938964844,31.10543441772461
2011-08-30,93.22457885742188,74.2549819946289,179.10000610351562,31.193044662475586
2011-08-31,93.6382827758789,73.98918151855469,177.72000122070312,31.543476104736328
2011-09-01,92.65762329101562,74.57880401611328,177.8699951171875,31.089008331298828
2011-09-02,90.29022979736328,75.26284790039062,183.24000549316406,30.35532569885254
2011-09-06,89.63135528564453,75.36357879638672,182.89999389648438,30.223918914794922
2011-09-07,92.15961456298828,74.96037292480469,177.0800018310547,31.362773895263672
2011-09-08,91.20195770263672,75.32758331298828,181.80999755859375,31.121870040893555
2011-09-09,88.8115463256836,75.69471740722656,180.6999969482422,30.14726448059082
2011-09-12,89.38619232177734,75.46436309814453,176.6699981689453,30.245817184448242
2011-09-13,90.20596313476562,75.2412338256836,178.5399932861328,30.316993713378906
2011-09-14,91.45476531982422,75.28435516357422,177.2100067138672,30.514102935791016
2011-09-15,93.03304290771484,74.7228012084961,174.39999389648438,31.017839431762695
2011-09-16,93.58362579345703,74.8668212890625,176.02999877929688,31.318988800048828
2011-09-19,92.65181732177734,75.47880554199219,173.30999755859375,30.634567260742188
2011-09-20,92.54399108886719,75.57954406738281,175.77999877929688,30.61813735961914
2011-09-21,89.81781005859375,75.90355682373047,173.58999633789062,29.002906799316406
2011-09-22,86.91449737548828,76.60909271240234,169.0500030517578,28.29658317565918
2011-09-23,87.43817901611328,75.97549438476562,159.8000030517578,28.505008697509766
2011-09-26,89.51746368408203,75.6587142944336,157.5800018310547,28.90306282043457
2011-09-27,90.51863861083984,75.15480041503906,160.6300048828125,29.190542221069336
2011-09-28,88.67037200927734,75.16915893554688,156.22000122070312,28.44973373413086
2011-09-29,89.37113189697266,75.16915893554688,157.6999969482422,28.892009735107422
2011-09-30,87.13783264160156,75.64433288574219,158.05999755859375,28.123554229736328
2011-10-03,84.6580810546875,76.34481048583984,160.9600067138672,26.796701431274414
2011-10-04,86.51404571533203,75.9552230834961,157.63999938964844,27.85264778137207
2011-10-05,88.11589050292969,75.63789367675781,159.4600067138672,27.614925384521484
2011-10-06,89.70999908447266,75.11125183105469,160.49000549316406,28.372329711914062
2011-10-07,89.10932922363281,74.72169494628906,159.17999267578125,27.581748962402344
2011-10-10,92.08963775634766,73.93539428710938,163.27000427246094,28.958354949951172
2011-10-11,92.18206787109375,74.1806411743164,162.10000610351562,28.383390426635742
2011-10-12,92.99066162109375,73.92816925048828,163.25999450683594,28.847780227661133
2011-10-13,92.80583953857422,74.22393035888672,162.3000030517578,28.659820556640625
2011-10-14,94.39228057861328,73.85602569580078,163.39999389648438,29.323230743408203
2011-10-17,92.59024047851562,74.33939361572266,162.6199951171875,28.687469482421875
2011-10-18,94.39998626708984,74.25994873046875,161.83999633789062,29.699186325073242
2011-10-19,93.2833023071289,74.37540435791016,159.8699951171875,29.35639762878418
2011-10-20,93.69149780273438,74.22393035888672,157.77000427246094,29.522258758544922
2011-10-21,95.47042083740234,74.08686828613281,159.52000427246094,30.495285034179688
2011-10-24,96.64097595214844,74.05078887939453,161.02000427246094,31.252689361572266
2011-10-25,94.7619400024414,74.68560028076172,165.58999633789062,30.74406623840332
2011-10-26,95.72455596923828,74.1373519897461,167.39999389648438,30.970731735229492
2011-10-27,99.05913543701172,73.24285125732422,169.5500030517578,32.44132614135742
2011-10-28,99.0360336303711,73.68289184570312,169.6199951171875,32.507659912109375
2011-10-31,96.64866638183594,74.67120361328125,167.33999633789062,32.14277267456055
2011-11-01,93.95330047607422,75.56681823730469,167.3800048828125,31.10894012451172
2011-11-02,95.48582458496094,75.3861083984375,169.05999755859375,31.706012725830078
2011-11-03,97.22628021240234,75.0318832397461,171.72000122070312,32.14277267456055
2011-11-04,96.63330841064453,75.25601196289062,170.85000610351562,31.882923126220703
2011-11-07,97.23399353027344,75.34272003173828,174.97999572753906,31.888465881347656
2011-11-08,98.48153686523438,75.00298309326172,173.52999877929688,32.30311584472656
2011-11-09,94.84666442871094,75.66797637939453,172.07000732421875,30.826990127563477
2011-11-10,95.73995971679688,75.29940032958984,171.13999938964844,30.821462631225586
2011-11-11,97.54200744628906,74.95238494873047,173.9600067138672,31.65073585510254
2011-11-14,96.61786651611328,75.42223358154297,173.1999969482422,31.064725875854492
2011-11-15,97.0953598022461,75.32106018066406,173.36000061035156,31.29691505432129
2011-11-16,95.55513763427734,75.59569549560547,171.50999450683594,30.99837303161621
2011-11-17,94.03801727294922,75.74755096435547,167.10000610351562,30.42893409729004
2011-11-18,93.93792724609375,75.4655990600586,167.6199951171875,30.62244415283203
2011-11-21,92.15128326416016,75.6751937866211,163.5,29.84844207763672
2011-11-22,91.78929901123047,75.90656280517578,165.30999755859375,29.710235595703125
2011-11-23,89.763916015625,76.16679382324219,164.8300018310547,28.814598083496094
2011-11-25,89.594482421875,75.68250274658203,163.39999389648438,28.941761016845703
2011-11-28,92.18978118896484,75.68968200683594,166.6300048828125,29.588598251342773
2011-11-29,92.45159912109375,75.54515075683594,166.8800048828125,29.544376373291016
2011-11-30,96.25592803955078,75.10420227050781,170.1300048828125,30.920963287353516
2011-12-01,96.24053955078125,75.08245086669922,169.6300048828125,30.666667938232422
2011-12-02,96.15583801269531,75.41561126708984,169.82000732421875,30.639019012451172
2011-12-05,97.20318603515625,75.3721694946289,167.32000732421875,30.898855209350586
2011-12-06,97.23399353027344,75.17656707763672,168.17999267578125,30.849096298217773
2011-12-07,97.59591674804688,75.51695251464844,169.39999389648438,31.18633460998535
2011-12-08,95.45500946044922,75.90084838867188,165.97999572753906,30.478687286376953
2011-12-09,97.07225799560547,75.37937927246094,166.39999389648438,31.147642135620117
2011-12-12,95.6552505493164,75.64012908935547,161.99000549316406,30.594785690307617
2011-12-13,94.7619400024414,75.98780059814453,158.4499969482422,30.23543357849121
2011-12-14,93.7530746459961,76.30645751953125,152.88999938964844,30.412353515625
2011-12-15,94.0919189453125,76.24124908447266,152.3300018310547,30.920963287353516
2011-12-16,94.23141479492188,76.61062622070312,155.22999572753906,31.26373291015625
2011-12-19,93.22395324707031,76.87129974365234,154.8699951171875,30.99283790588379
2011-12-20,96.04490661621094,76.17606353759766,156.97999572753906,31.93268585205078
2011-12-21,96.23091125488281,75.9297866821289,157.16000366210938,31.92163848876953
2011-12-22,97.0833969116211,76.02395629882812,156.0399932861328,32.38051223754883
2011-12-23,97.951416015625,75.71255493164062,156.30999755859375,32.5213623046875
2011-12-27,98.02886962890625,75.75537109375,154.91000366210938,32.66669845581055
2011-12-28,96.74242401123047,76.23423767089844,151.02999877929688,32.275421142578125
2011-12-29,97.7421646118164,76.32852935791016,150.33999633789062,32.56049346923828
2011-12-30,97.26164245605469,76.59701538085938,151.99000549316406,32.420745849609375
2012-01-03,98.81163787841797,76.11087799072266,155.9199981689453,32.69465255737305
2012-01-04,98.96662902832031,75.87149047851562,156.7100067138672,32.135677337646484
2012-01-05,99.2301025390625,75.88594818115234,157.77999877929688,32.43751907348633
2012-01-06,98.97438049316406,76.1834487915039,157.1999969482422,32.33131408691406
2012-01-09,99.21463012695312,76.19792175292969,156.5,32.219520568847656
2012-01-10,100.07489776611328,76.04560089111328,158.63999938964844,32.5772590637207
2012-01-11,100.12909698486328,76.48817443847656,159.6699981689453,32.80644607543945
2012-01-12,100.36937713623047,76.32852935791016,160.3800048828125,32.56609344482422
2012-01-13,99.85013580322266,76.66956329345703,159.25999450683594,32.63874435424805
2012-01-17,100.23762512207031,76.74209594726562,160.5,32.90705871582031
2012-01-18,101.34587097167969,76.50269317626953,161.60000610351562,33.13623809814453
2012-01-19,101.88060760498047,76.04560089111328,161.22000122070312,33.26482009887695
2012-01-20,102.26038360595703,75.78435516357422,162.07000732421875,33.471622467041016
2012-01-23,101.99684143066406,75.61754608154297,163.16000366210938,33.63372039794922
2012-01-24,101.88060760498047,75.70460510253906,162.00999450683594,33.890865325927734
2012-01-25,102.73308563232422,76.06734466552734,166.4199981689453,34.32686996459961
2012-01-26,102.20616149902344,76.47364807128906,167.27000427246094,34.56721878051758
2012-01-27,102.15962219238281,76.70585632324219,168.97000122070312,34.57841873168945
2012-01-30,101.81087493896484,76.96705627441406,168.02999877929688,34.32127380371094
2012-01-31,101.77210998535156,77.25731658935547,169.30999755859375,34.48896789550781
2012-02-01,102.66334533691406,76.98902893066406,169.55999755859375,34.8299446105957
2012-02-02,102.82606506347656,77.09806823730469,171.0500030517578,34.908206939697266
2012-02-03,104.267578125,76.48753356933594,167.63999938964844,35.39451599121094
2012-02-06,104.19782257080078,76.69828796386719,167.17999267578125,35.282711029052734
2012-02-07,104.46133422851562,76.20403289794922,169.6999969482422,35.19327926635742
2012-02-08,104.7713394165039,76.24037170410156,168.5,35.25475311279297
2012-02-09,104.90312194824219,76.06591796875,168.02000427246094,34.99763870239258
2012-02-10,104.12806701660156,76.49480438232422,167.13999938964844,34.673423767089844
2012-02-13,104.90312194824219,76.44390106201172,167.50999450683594,35.02559280395508
2012-02-14,104.7713394165039,76.603759765625,167.1199951171875,34.6678466796875
2012-02-15,104.28308868408203,76.66195678710938,168.11000061035156,34.461002349853516
2012-02-16,105.43782806396484,76.31304931640625,168.0,34.8243522644043
2012-02-17,105.71685028076172,76.23306274414062,167.35000610351562,34.85230255126953
2012-02-21,105.76333618164062,75.9568862915039,171.02000427246094,34.31010437011719
2012-02-22,105.42237091064453,76.25492095947266,172.94000244140625,34.01942443847656
2012-02-23,105.88731384277344,76.36395263671875,173.02000427246094,34.444252014160156
2012-02-24,106.11981201171875,76.4221420288086,172.22999572753906,34.48896789550781
2012-02-27,106.2980728149414,76.676513671875,171.6999969482422,34.43307113647461
2012-02-28,106.60807037353516,76.71285247802734,173.49000549316406,34.23182678222656
2012-02-29,106.18960571289062,76.40753936767578,164.2899932861328,34.09210205078125
2012-03-01,106.73980712890625,76.16004943847656,166.61000061035156,34.298919677734375
2012-03-02,106.41429138183594,76.46578216552734,166.33999633789062,34.24860763549805
2012-03-05,105.98031616210938,76.31287384033203,165.64999389648438,34.595157623291016
2012-03-06,104.4303207397461,76.63325500488281,162.6999969482422,34.13680648803711
2012-03-07,105.15885925292969,76.48764038085938,163.6300048828125,34.32127380371094
2012-03-08,106.20503234863281,76.26192474365234,165.27999877929688,34.14239501953125
2012-03-09,106.61582946777344,76.20372009277344,166.3800048828125,34.31010437011719
2012-03-12,106.62358093261719,76.181884765625,165.07000732421875,34.5616340637207
2012-03-13,108.54556274414062,75.63581085205078,162.3000030517578,35.26036071777344
2012-03-14,108.42929077148438,74.76947784423828,159.57000732421875,35.16532897949219
2012-03-15,109.05703735351562,74.7476577758789,161.0800018310547,35.115020751953125
2012-03-16,109.20803833007812,74.72578430175781,161.3000030517578,35.31624984741211
2012-03-19,109.63619232177734,74.26715087890625,161.58999633789062,35.56221008300781
2012-03-20,109.31705474853516,74.30352783203125,160.1300048828125,35.51189422607422
2012-03-21,109.13800811767578,74.68211364746094,160.2100067138672,35.461578369140625
2012-03-22,108.35185241699219,74.7767562866211,159.57000732421875,34.975284576416016
2012-03-23,108.70206451416016,75.05343627929688,161.52999877929688,35.19327926635742
2012-03-26,110.22773742675781,74.96604919433594,164.39999389648438,35.605735778808594
2012-03-27,109.88523864746094,75.38105773925781,163.24000549316406,35.611366271972656
2012-03-28,109.34037017822266,75.25000762939453,161.50999450683594,35.55501937866211
2012-03-29,109.15353393554688,75.56300354003906,161.27999877929688,35.571937561035156
2012-03-30,109.60501861572266,75.19171905517578,162.1199951171875,35.86494827270508
2012-04-02,110.40678405761719,75.37187957763672,162.94000244140625,36.118492126464844
2012-04-03,109.955322265625,74.81757354736328,159.88999938964844,35.97763442993164
2012-04-04,108.86557006835938,75.19682312011719,157.2100067138672,35.58320999145508
2012-04-05,108.81108093261719,75.53231811523438,158.30999755859375,35.447959899902344
2012-04-09,107.58901977539062,76.30534362792969,159.3699951171875,35.0704345703125
2012-04-10,105.78311157226562,76.66267395019531,161.10000610351562,34.315406799316406
2012-04-11,106.639404296875,76.36371612548828,161.07000732421875,34.75489807128906
2012-04-12,108.03270721435547,76.2105484008789,162.6999969482422,35.23384475708008
2012-04-13,106.74836730957031,76.67001342773438,160.85000610351562,35.087345123291016
2012-04-16,106.67828369140625,76.6480941772461,160.4600067138672,35.5662956237793
2012-04-17,108.25843811035156,76.56786346435547,160.25,35.870567321777344
2012-04-18,107.89259338378906,76.7210464477539,159.30999755859375,35.62827682495117
2012-04-19,107.19977569580078,76.8085708618164,159.42999267578125,35.62827682495117
2012-04-20,107.37884521484375,76.81582641601562,159.5399932861328,36.062156677246094
2012-04-23,106.47590637207031,76.96902465820312,159.07000732421875,35.69027328491211
2012-04-24,106.88068389892578,76.7721176147461,159.3000030517578,36.225563049316406
2012-04-25,108.34407806396484,76.67733001708984,159.6199951171875,36.64252471923828
2012-04-26,109.09909057617188,76.93256378173828,161.02999877929688,36.73267364501953
2012-04-27,109.27810668945312,77.01275634765625,161.3800048828125,36.98624801635742
2012-04-30,108.87335205078125,77.0783920288086,161.8800048828125,36.890464782714844
2012-05-01,109.55055236816406,76.93816375732422,161.32000732421875,37.29051971435547
2012-05-02,109.2236099243164,77.0842514038086,160.58999633789062,37.23417663574219
2012-05-03,108.39076232910156,77.07696533203125,158.97000122070312,37.10457229614258
2012-05-04,106.639404296875,77.38374328613281,159.47000122070312,36.777748107910156
2012-05-07,106.71723175048828,77.3618392944336,159.0800018310547,37.03694534301758
2012-05-08,106.28912353515625,77.53712463378906,156.0,36.969329833984375
2012-05-09,105.65862274169922,77.60285186767578,154.47000122070312,36.85101318359375
2012-05-10,105.87657165527344,77.49330139160156,154.77000427246094,36.87917709350586
2012-05-11,105.55741882324219,77.74896240234375,153.55999755859375,36.95806884765625
2012-05-14,104.38988494873047,78.09225463867188,151.3300018310547,36.49037551879883
2012-05-15,103.79045104980469,78.11415100097656,149.74000549316406,36.29880142211914
2012-05-16,103.39347839355469,78.17262268066406,149.4600067138672,35.89874267578125
2012-05-17,101.86007690429688,78.46478271484375,152.8000030517578,34.85068893432617
2012-05-18,100.98828125,78.41368865966797,154.5500030517578,34.42808532714844
2012-05-21,102.72406005859375,78.20914459228516,154.64999389648438,35.1775016784668
2012-05-22,102.90310668945312,78.0411376953125,152.0800018310547,35.24510955810547
2012-05-23,102.95759582519531,78.24565124511719,151.6199951171875,35.29582977294922
2012-05-24,103.15996551513672,78.07765197753906,151.41000366210938,35.45359802246094
2012-05-25,102.82527923583984,78.30406188964844,152.67999267578125,35.3127326965332
2012-05-29,104.07071685791016,78.23836517333984,151.02000427246094,35.81422424316406
2012-05-30,102.56060028076172,78.9834213256836,151.91000366210938,34.96338653564453
2012-05-31,102.33488464355469,79.29019165039062,151.6199951171875,35.228214263916016
2012-06-01,99.7583999633789,79.97130584716797,157.5,34.366111755371094
2012-06-04,99.71173095703125,79.51038360595703,157.32000732421875,34.12944793701172
2012-06-05,100.46674346923828,79.24700164794922,157.13999938964844,34.833778381347656
2012-06-06,102.72406005859375,78.72754669189453,157.2100067138672,35.605735778808594
2012-06-07,102.78633880615234,78.91780090332031,154.5,35.352176666259766
2012-06-08,103.6036605834961,78.97634887695312,154.72999572753906,35.85367965698242
2012-06-11,102.28816986083984,79.18849182128906,155.36000061035156,35.047889709472656
2012-06-12,103.46354675292969,78.76415252685547,156.4600067138672,35.38034439086914
2012-06-13,102.80191802978516,79.18122100830078,157.1199951171875,35.20004653930664
2012-06-14,103.89166259765625,78.96906280517578,157.75,35.71280288696289
2012-06-15,104.95421600341797,79.33484649658203,157.83999633789062,35.932552337646484
2012-06-18,105.15763854980469,79.3128662109375,157.92999267578125,36.23119354248047
2012-06-19,106.17476654052734,79.04222106933594,157.16000366210938,36.37769317626953
2012-06-20,106.00262451171875,78.8812484741211,155.97000122070312,36.36077880859375
2012-06-21,103.62408447265625,79.04949188232422,152.02000427246094,35.769142150878906
2012-06-22,104.42213439941406,78.70570373535156,152.63999938964844,35.774784088134766
2012-06-25,102.74776458740234,79.13729095458984,153.75999450683594,35.59242630004883
2012-06-26,103.2641372680664,78.96172332763672,152.6199951171875,35.71171951293945
2012-06-27,104.19523620605469,79.07148742675781,152.8300018310547,35.85374450683594
2012-06-28,103.89791107177734,79.32748413085938,151.0500030517578,36.245758056640625
2012-06-29,106.48774719238281,78.96172332763672,155.19000244140625,37.171783447265625
2012-07-02,106.80853271484375,79.32807159423828,155.08999633789062,37.58082962036133
2012-07-03,107.5127182006836,79.1302490234375,157.4600067138672,37.80238342285156
2012-07-05,107.02759552001953,79.34272003173828,155.67999267578125,37.569454193115234
2012-07-06,106.01046752929688,79.6211166381836,153.7100067138672,37.66035461425781
2012-07-09,105.87743377685547,79.8409194946289,154.0399932861328,37.70012664794922
2012-07-10,104.95421600341797,79.8775634765625,152.14999389648438,37.2967529296875
2012-07-11,104.96981811523438,79.80427551269531,152.99000549316406,37.33652877807617
2012-07-12,104.46126556396484,79.9875259399414,152.58999633789062,37.45014572143555
2012-07-13,106.21390533447266,79.92151641845703,154.13999938964844,37.910335540771484
2012-07-16,105.9635009765625,80.09739685058594,154.2100067138672,37.98418426513672
2012-07-17,106.69117736816406,79.89221954345703,153.47000122070312,38.3477668762207
2012-07-18,107.4814453125,79.97282409667969,153.0500030517578,38.120513916015625
2012-07-19,107.76307678222656,79.85567474365234,153.3800048828125,37.72285461425781
2012-07-20,106.77725982666016,80.1706314086914,153.6699981689453,37.52401351928711
2012-07-23,105.69747924804688,80.30253601074219,153.02999877929688,37.251312255859375
2012-07-24,104.78990936279297,80.45637512207031,153.52000427246094,37.1263427734375
2012-07-25,104.81333923339844,80.50032043457031,155.6699981689453,37.10927963256836
2012-07-26,106.54248809814453,80.25125122070312,156.77000427246094,37.43880081176758
2012-07-27,108.50637817382812,79.6723861694336,157.5399932861328,37.79670715332031
2012-07-30,108.50637817382812,79.92890167236328,157.42999267578125,37.97282028198242
2012-07-31,107.74745178222656,80.06810760498047,156.49000549316406,37.9160270690918
2012-08-01,107.6535415649414,79.77604675292969,155.13999938964844,37.734214782714844
2012-08-02,106.91024780273438,79.96682739257812,154.1300048828125,37.84214782714844
2012-08-03,109.0306396484375,79.54862213134766,155.5500030517578,38.137577056884766
2012-08-06,109.24182891845703,79.59994506835938,156.3000030517578,38.097808837890625
2012-08-07,109.78955841064453,79.18168640136719,156.27999877929688,37.64899444580078
2012-08-08,109.92256927490234,79.07160186767578,156.47999572753906,37.393341064453125
2012-08-09,110.01647186279297,79.0129165649414,156.99000549316406,37.27402114868164
2012-08-10,110.19641876220703,79.24040222167969,157.17999267578125,37.32516860961914
2012-08-13,110.14167022705078,79.1889877319336,155.99000549316406,37.2967529296875
2012-08-14,110.15730285644531,78.80010223388672,155.1300048828125,37.217227935791016
2012-08-15,110.28245544433594,78.40387725830078,155.6300048828125,37.387664794921875
2012-08-16,111.0961685180664,78.21306610107422,156.55999755859375,37.67172622680664
2012-08-17,111.24486541748047,78.3084945678711,156.72000122070312,37.683082580566406
2012-08-20,111.25269317626953,78.35250091552734,157.25999450683594,37.57514190673828
2012-08-21,110.91627502441406,78.41857147216797,158.8300018310547,37.65468215942383
2012-08-22,110.96321105957031,79.02755737304688,160.5399932861328,37.6319465637207
2012-08-23,110.05558776855469,79.16700744628906,161.88999938964844,37.518333435058594
2012-08-24,110.72064208984375,79.13027954101562,161.97000122070312,37.643314361572266
2012-08-27,110.74415588378906,79.33577728271484,161.36000061035156,37.756935119628906
2012-08-28,110.63459014892578,79.3651123046875,161.63999938964844,37.887596130371094
2012-08-29,110.72064208984375,79.31378173828125,160.58999633789062,37.87623596191406
2012-08-30,109.92256927490234,79.46052551269531,160.52000427246094,37.791019439697266
2012-08-31,110.44681549072266,79.97417449951172,164.22000122070312,37.910335540771484
2012-09-04,110.34505462646484,79.79119110107422,164.47999572753906,38.17734146118164
2012-09-05,110.2511978149414,79.76177978515625,164.30999755859375,38.109169006347656
2012-09-06,112.48892974853516,79.21805572509766,164.88999938964844,38.450035095214844
2012-09-07,112.92707061767578,79.32093048095703,168.44000244140625,38.48412322998047
2012-09-10,112.28546905517578,79.35765838623047,167.2899932861328,38.18302536010742
2012-09-11,112.5984878540039,79.21070098876953,167.89999389648438,38.296653747558594
2012-09-12,112.97402954101562,78.82125091552734,167.9199981689453,38.376190185546875
2012-09-13,114.69535064697266,79.0490951538086,171.30999755859375,38.84772491455078
2012-09-14,115.20391082763672,78.30691528320312,171.8000030517578,39.063602447509766
2012-09-17,114.81269836425781,78.46856689453125,170.39999389648438,38.949981689453125
2012-09-18,114.71879577636719,78.66693115234375,171.72000122070312,38.580692291259766
2012-09-19,114.78137969970703,78.85065460205078,171.74000549316406,38.36483383178711
2012-09-20,114.78923797607422,78.89469146728516,171.47000122070312,37.79670715332031
2012-09-21,114.74126434326172,79.06372833251953,171.9600067138672,37.80238342285156
2012-09-24,114.56819152832031,79.24007415771484,171.0500030517578,37.662086486816406
2012-09-25,113.34896087646484,79.53396606445312,170.77000427246094,37.10664367675781
2012-09-26,112.71182250976562,79.86466217041016,169.80999755859375,37.10092544555664
2012-09-27,113.77376556396484,79.69564819335938,172.33999633789062,37.26124572753906
2012-09-28,113.24674224853516,79.69564819335938,171.88999938964844,37.2039794921875
2012-10-01,113.5456314086914,79.84355163574219,172.2899932861328,36.929115295410156
2012-10-02,113.66361236572266,79.79206848144531,172.10000610351562,37.209720611572266
2012-10-03,114.12772369384766,79.87294006347656,172.41000366210938,37.284156799316406
2012-10-04,114.9457778930664,79.55659484863281,173.61000061035156,37.27269744873047
2012-10-05,114.9536361694336,79.1961441040039,172.6199951171875,37.318511962890625
2012-10-08,114.56038665771484,79.4536361694336,172.0500030517578,37.23833465576172
2012-10-09,113.42762756347656,79.29174041748047,170.99000549316406,37.10092544555664
2012-10-10,112.70397186279297,79.48302459716797,170.83999633789062,37.249794006347656
2012-10-11,112.76689147949219,79.55659484863281,171.32000732421875,37.22116470336914
2012-10-12,112.3971939086914,79.56391906738281,170.05999755859375,37.089454650878906
2012-10-15,113.33325958251953,79.58599853515625,168.35000610351562,37.335689544677734
2012-10-16,114.48167419433594,79.21080780029297,169.4199981689453,37.56473922729492
2012-10-17,115.00083923339844,78.71049499511719,169.5399932861328,37.46166229248047
2012-10-18,114.70197296142578,78.57071685791016,168.7899932861328,37.84532928466797
2012-10-19,112.79052734375,78.90180969238281,166.97000122070312,37.53038024902344
2012-10-22,112.80619812011719,78.63697052001953,167.5800018310547,37.341426849365234
2012-10-23,111.24087524414062,79.0121841430664,165.42999267578125,36.96347427368164
2012-10-24,110.92626190185547,78.84294128417969,164.86000061035156,36.934852600097656
2012-10-25,111.24872589111328,78.55599212646484,166.02000427246094,36.83176803588867
2012-10-26,111.18580627441406,79.05631256103516,165.92999267578125,36.5111083984375
2012-10-31,111.18580627441406,79.38002014160156,166.8300018310547,36.86611557006836
2012-11-01,112.3499755859375,79.22164154052734,166.07000732421875,37.04364776611328
2012-11-02,111.35102081298828,79.28794860839844,162.60000610351562,37.28989028930664
2012-11-05,111.57911682128906,79.4794921875,163.22999572753906,37.04364776611328
2012-11-06,112.4522705078125,79.1185073852539,166.3000030517578,37.2039794921875
2012-11-07,109.9036636352539,79.78153991699219,166.49000549316406,37.03792953491211
2012-11-08,108.58216857910156,80.13517761230469,167.99000549316406,36.596988677978516
2012-11-09,108.67658996582031,80.14256286621094,167.82000732421875,36.4996337890625
2012-11-12,108.76313018798828,80.19413757324219,167.4499969482422,36.413753509521484
2012-11-13,108.38553619384766,80.28985595703125,167.10000610351562,36.38511657714844
2012-11-14,106.92245483398438,80.3119888305664,167.13999938964844,35.70368194580078
2012-11-15,106.74154663085938,80.27516174316406,166.08999633789062,35.537620544433594
2012-11-16,107.26856231689453,80.32675170898438,165.8800048828125,35.75522232055664
2012-11-19,109.43954467773438,80.16462707519531,167.8699951171875,36.19614791870117
2012-11-20,109.48677825927734,79.83313751220703,167.38999938964844,36.46529006958008
2012-11-21,109.6913070678711,79.71526336669922,167.55999755859375,36.40229034423828
2012-11-23,111.18580627441406,79.67100524902344,169.61000061035156,36.671451568603516
2012-11-26,110.94988250732422,79.80365753173828,169.42999267578125,36.745880126953125
2012-11-27,110.38353729248047,79.98783111572266,168.7100067138672,36.53974151611328
2012-11-28,111.2723617553711,80.09098815917969,166.5500030517578,36.49391555786133
2012-11-29,111.79149627685547,80.17204284667969,167.17999267578125,36.6943473815918
2012-11-30,111.81512451171875,80.15727996826172,166.0500030517578,36.76878356933594
2012-12-03,111.26448822021484,80.12554931640625,166.1300048828125,36.91767501831055
2012-12-04,111.10718536376953,80.26570892333984,164.4199981689453,36.974937438964844
2012-12-05,111.30384826660156,80.33209991455078,164.1199951171875,36.86041259765625
2012-12-06,111.681396484375,80.37639617919922,164.5,37.2039794921875
2012-12-07,112.01959228515625,80.1477279663086,165.16000366210938,37.341426849365234
2012-12-10,112.06684875488281,80.22149658203125,165.8000030517578,37.32423400878906
2012-12-11,112.82981872558594,80.06658935546875,165.64999389648438,37.415855407714844
2012-12-12,112.8848648071289,79.72718048095703,165.77000427246094,37.312774658203125
2012-12-13,112.19269561767578,79.57229614257812,164.3699951171875,37.0264778137207
2012-12-14,111.77578735351562,79.74937438964844,164.1300048828125,37.0207405090332
2012-12-17,113.08942413330078,79.32889556884766,164.44000244140625,37.21543502807617
2012-12-18,114.34800720214844,79.01905822753906,162.0800018310547,37.59910202026367
2012-12-19,113.49847412109375,79.12966918945312,161.69000244140625,37.54756164550781
2012-12-20,114.15135192871094,79.1813735961914,159.72999572753906,38.040016174316406
2012-12-21,113.11515045166016,79.39524841308594,160.3300018310547,37.97705078125
2012-12-24,112.7665786743164,79.31414794921875,160.6199951171875,38.02745819091797
2012-12-26,112.29129028320312,79.47735595703125,160.77999877929688,37.8477897644043
2012-12-27,112.14078521728516,79.6399154663086,161.16000366210938,37.98688507080078
2012-12-28,110.9287109375,79.82461547851562,160.5399932861328,37.737667083740234
2012-12-31,112.81410217285156,79.40349578857422,162.02000427246094,38.13758850097656
2013-01-02,115.70556640625,79.04154205322266,163.1699981689453,38.61287307739258
2013-01-03,115.44414520263672,78.63526153564453,161.1999969482422,38.607059478759766
2013-01-04,115.95114135742188,78.67214965820312,160.44000244140625,38.78673553466797
2013-01-07,115.63428497314453,78.71651458740234,159.42999267578125,38.87367630004883
2013-01-08,115.30156707763672,78.90863037109375,160.55999755859375,38.79833984375
2013-01-09,115.59464263916016,78.95291137695312,160.49000549316406,38.90845489501953
2013-01-10,116.51359558105469,78.72394561767578,161.97999572753906,38.94902801513672
2013-01-11,116.50565338134766,78.97506713867188,161.05999755859375,38.92584991455078
2013-01-14,116.42646789550781,78.94550323486328,161.5399932861328,39.03596496582031
2013-01-15,116.50565338134766,79.13758087158203,162.55999755859375,39.22145080566406
2013-01-16,116.48985290527344,79.240966796875,162.64999389648438,39.17506408691406
2013-01-17,117.24242401123047,78.87899780273438,163.35000610351562,39.29677200317383
2013-01-18,117.50382995605469,79.10063934326172,163.08999633789062,39.464866638183594
2013-01-22,118.13754272460938,79.16718292236328,163.6699981689453,39.667728424072266
2013-01-23,118.32763671875,79.20409393310547,163.2100067138672,39.65613555908203
2013-01-24,118.3593521118164,79.07110595703125,161.4199981689453,39.73728561401367
2013-01-25,119.02477264404297,78.54656982421875,160.64999389648438,39.96333694458008
2013-01-28,118.88220977783203,78.38410949707031,160.2899932861328,40.067649841308594
2013-01-29,119.34964752197266,78.26588439941406,160.99000549316406,40.18356704711914
2013-01-30,118.88220977783203,78.31025695800781,162.19000244140625,39.80104446411133
2013-01-31,118.58911895751953,78.376708984375,161.1999969482422,39.563392639160156
2013-02-01,119.80909729003906,78.11044311523438,161.4499969482422,39.795257568359375
2013-02-04,118.46236419677734,78.5616226196289,162.0,39.7025032043457
2013-02-05,119.65857696533203,78.28058624267578,161.9600067138672,39.609764099121094
2013-02-06,119.74569702148438,78.51728057861328,162.38999938964844,39.74887466430664
2013-02-07,119.58727264404297,78.55427551269531,161.83999633789062,39.58079147338867
2013-02-08,120.252685546875,78.61336517333984,161.57000732421875,39.94593048095703
2013-02-11,120.22891998291016,78.53202819824219,159.6999969482422,40.00389099121094
2013-02-12,120.427001953125,78.45065307617188,159.88999938964844,40.30527877807617
2013-02-13,120.52994537353516,78.17701721191406,159.0500030517578,40.282100677490234
2013-02-14,120.6408462524414,78.50985717773438,158.35000610351562,40.114017486572266
2013-02-15,120.49822235107422,78.43583679199219,155.75999450683594,40.13140106201172
2013-02-19,121.40137481689453,78.3101806640625,155.3300018310547,40.450191497802734
2013-02-20,119.88831329345703,78.48028564453125,151.44000244140625,40.18935775756836
2013-02-21,119.15945434570312,78.63558959960938,152.6199951171875,39.88798141479492
2013-02-22,120.323974609375,78.73179626464844,152.97000122070312,40.287906646728516
2013-02-25,118.0345458984375,79.33832550048828,154.33999633789062,39.522830963134766
2013-02-26,118.84261322021484,79.19033813476562,156.22000122070312,39.795257568359375
2013-02-27,120.3398208618164,79.15338897705078,154.57000732421875,40.08503341674805
2013-02-28,120.10216522216797,79.26433563232422,153.0,40.044456481933594
2013-03-01,120.49822235107422,79.46208190917969,152.44000244140625,40.177764892578125
2013-03-04,121.139892578125,79.27691650390625,152.3000030517578,40.47917175292969
2013-03-05,122.22520446777344,79.19541931152344,152.3800048828125,40.79793930053711
2013-03-06,122.39158630371094,78.94367980957031,153.22999572753906,40.67622375488281
2013-03-07,122.61339569091797,78.6400146484375,152.69000244140625,40.48495864868164
2013-03-08,123.13621520996094,78.2401123046875,152.7100067138672,40.554508209228516
2013-03-11,123.60356140136719,78.27716064453125,152.99000549316406,40.58928680419922
2013-03-12,123.32627868652344,78.49190521240234,154.19000244140625,40.438594818115234
2013-03-13,123.5005874633789,78.42523193359375,153.66000366210938,40.47917175292969
2013-03-14,124.15811920166016,78.44742584228516,153.67999267578125,40.73417663574219
2013-03-15,123.99423217773438,78.72147369384766,154.0,40.82691955566406
2013-03-18,123.30992126464844,78.98070526123047,155.3800048828125,40.60088348388672
2013-03-19,123.02349090576172,79.22504425048828,156.0800018310547,40.4038200378418
2013-03-20,123.88280487060547,78.9214859008789,155.3699951171875,40.531333923339844
2013-03-21,122.82453155517578,79.12882232666016,156.25,40.409610748291016
2013-03-22,123.81119537353516,79.15843963623047,155.5500030517578,40.622215270996094
2013-03-25,123.29401397705078,79.2176742553711,155.24000549316406,40.628047943115234
2013-03-26,124.28063201904297,79.29913330078125,154.72000122070312,40.978492736816406
2013-03-27,124.28063201904297,79.63978576660156,155.36000061035156,41.05442810058594
2013-03-28,124.66261291503906,79.49166870117188,154.4499969482422,41.194618225097656
2013-04-01,124.16925048828125,79.70304870605469,154.6699981689453,41.3172607421875
2013-04-02,124.78197479248047,79.54727172851562,152.42999267578125,41.445762634277344
2013-04-03,123.51673889160156,79.88097381591797,150.72999572753906,41.299739837646484
2013-04-04,124.01806640625,80.19985961914062,150.2899932861328,41.97140884399414
2013-04-05,123.4610824584961,80.45196533203125,152.80999755859375,42.199214935302734
2013-04-08,124.29654693603516,80.19246673583984,152.16000366210938,42.5379753112793
2013-04-09,124.72625732421875,80.22211456298828,153.33999633789062,42.54381561279297
2013-04-10,126.25399017333984,79.88846588134766,150.75,42.80664825439453
2013-04-11,126.66776275634766,79.97736358642578,151.0500030517578,43.05779266357422
2013-04-12,126.35747528076172,80.42233276367188,143.9499969482422,43.16291427612305
2013-04-15,123.42922973632812,80.60031127929688,131.30999755859375,42.26930618286133
2013-04-16,125.25140380859375,80.37040710449219,132.8000030517578,42.97018051147461
2013-04-17,123.42125701904297,80.51874542236328,132.8699951171875,42.51460647583008
2013-04-18,122.64947509765625,80.56324768066406,134.3000030517578,42.450355529785156
2013-04-19,123.71571350097656,80.51874542236328,135.47000122070312,43.104515075683594
2013-04-22,124.26471710205078,80.56324768066406,137.89999389648438,43.04612731933594
2013-04-23,125.54580688476562,80.51132202148438,136.8800048828125,43.28560256958008
2013-04-24,125.62540435791016,80.54838562011719,138.3699951171875,43.379032135009766
2013-04-25,126.13468933105469,80.45943450927734,141.6300048828125,43.23301696777344
2013-04-26,125.91183471679688,80.7486343383789,140.91000366210938,43.09283447265625
2013-04-29,126.75530242919922,80.71893310546875,142.3000030517578,43.4608268737793
2013-04-30,127.05762481689453,80.7041244506836,142.77000427246094,43.96894836425781
2013-05-01,125.94366455078125,80.96775817871094,141.11000061035156,43.618507385253906
2013-05-02,127.11328125,80.96775817871094,141.9199981689453,43.904693603515625
2013-05-03,128.40232849121094,80.27716827392578,142.08999633789062,44.07991409301758
2013-05-06,128.72857666015625,80.17323303222656,142.14999389648438,44.307701110839844
2013-05-07,129.38113403320312,80.06187438964844,140.3800048828125,44.553016662597656
2013-05-08,129.96987915039062,80.15841674804688,142.4600067138672,44.57637405395508
2013-05-09,129.60389709472656,80.14356994628906,140.80999755859375,44.28435516357422
2013-05-10,130.02565002441406,79.69061279296875,139.60000610351562,44.44789505004883
2013-05-13,130.1290740966797,79.54957580566406,138.42999267578125,44.65815734863281
2013-05-14,131.47378540039062,79.23030090332031,137.80999755859375,44.821685791015625
2013-05-15,132.18191528320312,79.43818664550781,134.6300048828125,45.265586853027344
2013-05-16,131.56129455566406,79.81688690185547,134.08999633789062,45.03195571899414
2013-05-17,132.83441162109375,79.38621520996094,131.07000732421875,45.28310775756836
2013-05-20,132.8264923095703,79.32684326171875,135.1199951171875,45.38824462890625
2013-05-21,133.01742553710938,79.53477478027344,132.8800048828125,45.64524459838867
2013-05-22,132.03082275390625,78.90361785888672,131.94000244140625,44.535491943359375
2013-05-23,131.64883422851562,78.98531341552734,134.61000061035156,43.70027160644531
2013-05-24,131.53746032714844,79.0150375366211,133.75999450683594,43.58930969238281
2013-05-28,132.32522583007812,78.08690643310547,133.49000549316406,43.21549606323242
2013-05-29,131.4658203125,78.40616607666016,134.8300018310547,42.29850387573242
2013-05-30,131.9512176513672,78.41358184814453,136.6999969482422,41.90132522583008
2013-05-31,130.05743408203125,78.19828796386719,133.9199981689453,41.34062957763672
2013-06-03,130.77359008789062,78.31128692626953,136.50999450683594,41.57426071166992
2013-06-04,130.14495849609375,78.11055755615234,135.22999572753906,40.996028900146484
2013-06-05,128.3228302001953,78.48967742919922,135.52000427246094,40.657264709472656
2013-06-06,129.48451232910156,78.58631134033203,136.52999877929688,41.3114013671875
2013-06-07,131.13165283203125,77.9766616821289,133.27999877929688,41.3172607421875
2013-06-10,131.13165283203125,77.78337860107422,133.94000244140625,40.96099090576172
2013-06-11,129.77894592285156,77.9766616821289,133.25,40.353546142578125
2013-06-12,128.70472717285156,77.62726593017578,134.25,39.804527282714844
2013-06-13,130.6621856689453,78.214599609375,133.74000549316406,40.838321685791016
2013-06-14,129.84259033203125,78.31869506835938,134.42999267578125,40.99018096923828
2013-06-17,130.8451690673828,78.13285064697266,133.77000427246094,41.106990814208984
2013-06-18,131.8795928955078,78.08818817138672,132.1300048828125,41.3172607421875
2013-06-19,130.05743408203125,77.017578125,130.58999633789062,40.049827575683594
2013-06-20,126.83486938476562,76.66815948486328,123.5999984741211,38.38520431518555
2013-06-21,127.24201202392578,75.85774993896484,125.05000305175781,38.90504455566406
2013-06-24,125.63420104980469,75.67191314697266,123.93000030517578,38.72872543334961
2013-06-25,126.84199523925781,75.58269500732422,123.47000122070312,39.37736892700195
2013-06-26,128.09791564941406,75.88749694824219,118.27999877929688,39.97290802001953
2013-06-27,128.84988403320312,76.29635620117188,115.94000244140625,40.774845123291016
2013-06-28,128.32186889648438,76.2071762084961,119.11000061035156,40.52130126953125
2013-07-01,129.07382202148438,76.23625946044922,121.12999725341797,40.43285369873047
2013-07-02,128.95387268066406,76.26599884033203,120.05000305175781,41.05199432373047
2013-07-03,129.0098419189453,76.11713409423828,120.73999786376953,40.78074645996094
2013-07-05,130.4017333984375,74.83657836914062,118.08999633789062,40.586143493652344
2013-07-08,131.14556884765625,75.27580261230469,119.51000213623047,40.62744903564453
2013-07-09,132.0895538330078,75.40237426757812,120.62000274658203,41.20530700683594
2013-07-10,132.137451171875,75.13441467285156,120.94999694824219,41.22299575805664
2013-07-11,133.93728637695312,75.88628387451172,124.23999786376953,42.219520568847656
2013-07-12,133.99327087402344,75.8267822265625,124.12999725341797,41.960060119628906
2013-07-15,134.50526428222656,76.0649642944336,124.18000030517578,42.1369514465332
2013-07-16,134.00128173828125,76.10224914550781,124.88999938964844,42.166439056396484
2013-07-17,134.3452606201172,76.4372329711914,123.31999969482422,42.31974411010742
2013-07-18,135.08114624023438,76.0799331665039,124.01000213623047,42.6794319152832
2013-07-19,135.3211212158203,76.4968032836914,125.11000061035156,42.649959564208984
2013-07-22,135.58511352539062,76.4893569946289,128.83999633789062,42.77967834472656
2013-07-23,135.29710388183594,76.39998626708984,129.7100067138672,42.732505798339844
2013-07-24,134.80116271972656,75.88628387451172,127.4800033569336,41.901100158691406
2013-07-25,135.12908935546875,75.99803924560547,128.6699981689453,41.96595001220703
2013-07-26,135.27310180664062,76.0649642944336,128.77999877929688,42.001346588134766
2013-07-29,134.8571014404297,75.90868377685547,128.47000122070312,41.688812255859375
2013-07-30,134.8571014404297,75.88628387451172,128.1199951171875,41.56499099731445
2013-07-31,134.953125,75.9384536743164,127.95999908447266,40.88687515258789
2013-08-01,136.5130157470703,75.26821899414062,126.61000061035156,40.727664947509766
2013-08-02,136.7449951171875,75.90938568115234,126.36000061035156,40.52719497680664
2013-08-05,136.54495239257812,75.67082214355469,125.69999694824219,40.49770736694336
2013-08-06,135.76907348632812,75.69316101074219,123.97000122070312,40.35619354248047
2013-08-07,135.32907104492188,75.968994140625,124.1500015258789,40.25005340576172
2013-08-08,135.82508850097656,76.08081817626953,126.86000061035156,40.26774215698242
2013-08-09,135.4331512451172,76.13304901123047,126.86000061035156,40.62154006958008
2013-08-12,135.27310180664062,75.98396301269531,129.1300048828125,40.332611083984375
2013-08-13,135.67308044433594,75.2979965209961,127.73999786376953,39.77833557128906
2013-08-14,134.9771728515625,75.36511993408203,129.0,39.6250114440918
2013-08-15,133.08935546875,74.94764709472656,131.69000244140625,38.89974594116211
2013-08-16,132.6494140625,74.65687561035156,132.5800018310547,37.944480895996094
2013-08-19,131.80149841308594,74.3362808227539,132.00999450683594,37.443275451660156
2013-08-20,132.4495086669922,74.73889923095703,132.4499969482422,38.292396545410156
2013-08-21,131.6334991455078,74.26922607421875,132.07000732421875,38.20393371582031
2013-08-22,132.8334197998047,74.2394027709961,132.80999755859375,38.433902740478516
2013-08-23,133.28134155273438,74.65687561035156,134.89999389648438,38.834877014160156
2013-08-26,132.78543090820312,74.8060073852539,135.4499969482422,38.72282409667969
2013-08-27,130.649658203125,75.23091125488281,136.75,38.534156799316406
2013-08-28,131.11354064941406,74.92528533935547,136.7100067138672,38.298282623291016
2013-08-29,131.3215789794922,74.99983215332031,135.8699951171875,38.35725402832031
2013-08-30,130.9055938720703,74.85818481445312,134.6199951171875,38.0329475402832
2013-09-03,131.49754333496094,74.4333267211914,136.4199981689453,37.70272445678711
2013-09-04,132.5854034423828,74.18692779541016,134.66000366210938,38.027042388916016
2013-09-05,132.75341796875,73.61949920654297,132.1999969482422,37.626075744628906
2013-09-06,132.8174285888672,74.06749725341797,134.14999389648438,38.20984649658203
2013-09-09,134.0892791748047,74.21678924560547,133.91000366210938,39.0058708190918
2013-09-10,135.08114624023438,73.8733901977539,131.74000549316406,38.976375579833984
2013-09-11,135.50511169433594,74.24667358398438,131.6999969482422,39.28892135620117
2013-09-12,135.14512634277344,74.25415802001953,127.66999816894531,39.035362243652344
2013-09-13,135.44911193847656,74.35118865966797,127.81999969482422,39.14738082885742
2013-09-16,136.2330322265625,74.51547241210938,126.44999694824219,39.53657150268555
2013-09-17,136.84091186523438,74.66478729248047,126.5,39.512977600097656
2013-09-18,138.4247283935547,75.59062957763672,132.00999450683594,40.851505279541016
2013-09-19,138.1927947998047,75.32929992675781,131.75,40.81611633300781
2013-09-20,137.22659301757812,75.4039535522461,127.95999908447266,40.149803161621094
2013-09-23,136.5916290283203,75.68769836425781,127.55000305175781,39.87488555908203
2013-09-24,136.27005004882812,75.96398162841797,127.66000366210938,39.571414947509766
2013-09-25,135.876220703125,76.17304992675781,128.7899932861328,39.70231246948242
2013-09-26,136.39869689941406,76.00881958007812,127.79000091552734,39.94629669189453
2013-09-27,135.77171325683594,76.11327362060547,128.97000122070312,39.779693603515625
2013-09-30,135.04827880859375,76.240234375,128.17999267578125,39.357177734375
2013-10-01,136.11740112304688,76.07048797607422,124.58999633789062,39.928443908691406
2013-10-02,135.9887237548828,76.19758605957031,127.05999755859375,39.98796081542969
2013-10-03,134.73483276367188,76.30229949951172,127.18000030517578,39.29174041748047
2013-10-04,135.7556915283203,76.09288787841797,126.52999877929688,39.214378356933594
2013-10-07,134.58204650878906,76.16018676757812,127.63999938964844,39.392906188964844
2013-10-08,133.01467895507812,76.12287139892578,127.4000015258789,38.964454650878906
2013-10-09,133.11109924316406,75.98820495605469,126.11000061035156,38.97040557861328
2013-10-10,135.98072814941406,75.82369232177734,124.2699966430664,39.96417236328125
2013-10-11,136.85684204101562,75.93588256835938,122.5999984741211,40.362831115722656
2013-10-14,137.40350341796875,75.68171691894531,122.83000183105469,40.38663864135742
2013-10-15,136.40673828125,75.69662475585938,123.7300033569336,40.23787307739258
2013-10-16,138.3118133544922,76.06301879882812,123.54000091552734,40.993614196777344
2013-10-17,139.2361602783203,76.49674224853516,127.41999816894531,41.61246871948242
2013-10-18,140.17657470703125,76.50418090820312,126.8499984741211,41.57080078125
2013-10-21,140.18460083007812,76.45184326171875,126.9800033569336,41.320892333984375
2013-10-22,140.99652099609375,76.9827651977539,129.33999633789062,41.70172882080078
2013-10-23,140.32131958007812,77.11737823486328,128.69000244140625,41.77908706665039
2013-10-24,140.78749084472656,76.96031951904297,129.89999389648438,41.767181396484375
2013-10-25,141.43060302734375,77.09492492675781,130.4600067138672,42.278926849365234
2013-10-28,141.6556396484375,77.02014923095703,130.55999755859375,41.97544860839844
2013-10-29,142.4111785888672,77.12486267089844,129.77000427246094,41.731483459472656
2013-10-30,141.70382690429688,76.92296600341797,129.60000610351562,41.38039779663086
2013-10-31,141.3019561767578,76.83317565917969,127.73999786376953,41.136417388916016
2013-11-01,141.63958740234375,76.4070816040039,126.94999694824219,41.35063934326172
2013-11-04,142.13792419433594,76.55683135986328,126.80999755859375,41.42799377441406
2013-11-05,141.687744140625,76.21236419677734,126.55999755859375,40.74964141845703
2013-11-06,142.4111785888672,76.44452667236328,127.19999694824219,40.690128326416016
2013-11-07,140.61068725585938,76.64672088623047,126.16000366210938,40.18434143066406
2013-11-08,142.50767517089844,75.78543853759766,124.27999877929688,39.642822265625
2013-11-11,142.53175354003906,75.74794006347656,123.87000274658203,39.68446731567383
2013-11-12,142.242431640625,75.68057250976562,122.44999694824219,39.505958557128906
2013-11-13,143.38381958007812,75.99516296386719,122.8499984741211,39.7618293762207
2013-11-14,144.09921264648438,76.36212158203125,124.2699966430664,40.04151916503906
2013-11-15,144.72621154785156,76.30219268798828,124.31999969482422,40.19026565551758
2013-11-18,144.2198028564453,76.57180786132812,122.9000015258789,39.940364837646484
2013-11-19,143.90628051757812,76.28723907470703,122.94999694824219,39.66067886352539
2013-11-20,143.4561309814453,75.86778259277344,120.12000274658203,39.17866897583008
2013-11-21,144.61366271972656,75.93521881103516,119.94000244140625,39.48215103149414
2013-11-22,145.3370819091797,76.15240478515625,119.91999816894531,39.32743453979492
2013-11-25,145.1923828125,76.21236419677734,120.45999908447266,39.14297103881836
2013-11-26,145.23255920410156,76.37710571289062,119.81999969482422,39.006099700927734
2013-11-27,145.5862274169922,76.204833984375,119.45999908447266,39.33933639526367
2013-11-29,145.4898223876953,76.15991973876953,120.69999694824219,38.97634506225586
2013-12-02,145.1119842529297,75.83282470703125,117.58000183105469,38.7502326965332
2013-12-03,144.4850311279297,75.96784210205078,117.95999908447266,38.672882080078125
2013-12-04,144.4689178466797,75.62277221679688,119.95999908447266,38.81568908691406
2013-12-05,143.83395385742188,75.43524169921875,118.30000305175781,38.95256042480469
2013-12-06,145.4416046142578,75.50277709960938,118.55000305175781,39.23222732543945
2013-12-09,145.81121826171875,75.59281921386719,119.72000122070312,39.42264938354492
2013-12-10,145.2888641357422,75.9078140258789,121.81999969482422,39.32149124145508
2013-12-11,143.65707397460938,75.61529541015625,120.86000061035156,38.416996002197266
2013-12-12,143.182861328125,75.39778900146484,118.29000091552734,38.2027702331543
2013-12-13,143.1667938232422,75.51025390625,119.37999725341797,38.297996520996094
2013-12-16,144.0590362548828,75.47271728515625,119.69000244140625,38.42888259887695
2013-12-17,143.60084533691406,75.7128677368164,118.6500015258789,38.60741424560547
2013-12-18,146.05250549316406,75.427734375,117.61000061035156,39.29174041748047
2013-12-19,145.88363647460938,75.11268615722656,114.81999969482422,38.7502326965332
2013-12-20,146.7322540283203,75.34525299072266,115.94000244140625,38.988258361816406
2013-12-23,147.51617431640625,75.10517120361328,115.56999969482422,39.06562042236328
2013-12-24,147.8394775390625,74.81263732910156,116.0999984741211,39.10066223144531
2013-12-26,148.59104919433594,74.74795532226562,116.73999786376953,39.13089370727539
2013-12-27,148.58294677734375,74.70293426513672,117.12000274658203,39.21548843383789
2013-12-30,148.5587158203125,74.9057846069336,115.38999938964844,39.22757339477539
2013-12-31,149.2618408203125,74.56768035888672,116.12000274658203,39.01605224609375
2014-01-02,147.83135986328125,74.86073303222656,118.0,39.0221061706543
2014-01-03,147.80711364746094,74.81561279296875,119.29000091552734,39.239662170410156
2014-01-06,147.37881469726562,75.02600860595703,119.5,39.439090728759766
2014-01-07,148.2839813232422,75.14625549316406,118.81999969482422,39.614349365234375
2014-01-08,148.3162841796875,74.77806854248047,118.12000274658203,39.42095947265625
2014-01-09,148.41329956054688,74.973388671875,118.45999908447266,39.42095947265625
2014-01-10,148.8173370361328,75.60462951660156,120.26000213623047,39.95882797241211
2014-01-13,146.83734130859375,75.82252502441406,121.0199966430664,39.69292449951172
2014-01-14,148.4375457763672,75.5369644165039,119.88999938964844,39.98300552368164
2014-01-15,149.2375946044922,75.46932983398438,119.66000366210938,40.28516387939453
2014-01-16,149.04368591308594,75.67974090576172,119.79000091552734,40.357688903808594
2014-01-17,148.41329956054688,75.8600845336914,120.93000030517578,40.12199401855469
2014-01-21,148.8496856689453,75.77739715576172,119.69999694824219,40.48459243774414
2014-01-22,148.94664001464844,75.56704711914062,119.19000244140625,40.659854888916016
2014-01-23,147.72628784179688,76.07795715332031,121.79000091552734,40.563167572021484
2014-01-24,144.5744171142578,76.38601684570312,122.29000091552734,40.05551528930664
2014-01-27,143.8632354736328,76.15310668945312,120.95999908447266,39.74729919433594
2014-01-28,144.71990966796875,76.26579284667969,120.94999694824219,40.07969665527344
2014-01-29,143.329833984375,76.62647247314453,122.47000122070312,39.86212921142578
2014-01-30,144.84921264648438,76.55133819580078,119.7699966430664,40.46644973754883
2014-01-31,144.00064086914062,76.85191345214844,120.08999633789062,40.68402862548828
2014-02-03,140.75991821289062,77.26964569091797,121.31999969482422,40.03738784790039
2014-02-04,141.7458038330078,77.03632354736328,120.98999786376953,40.520870208740234
2014-02-05,141.5679931640625,76.75778198242188,121.29000091552734,40.436256408691406
2014-02-06,143.4348907470703,76.61481475830078,121.23999786376953,40.732364654541016
2014-02-07,145.21290588378906,76.8180160522461,122.16999816894531,41.04059600830078
2014-02-10,145.4796142578125,76.85568237304688,122.91999816894531,41.4273567199707
2014-02-11,147.0717315673828,76.51696014404297,124.36000061035156,41.59053421020508
2014-02-12,147.1444549560547,76.33633422851562,124.43000030517578,41.61471939086914
2014-02-13,147.90414428710938,76.69757843017578,125.48999786376953,41.771854400634766
2014-02-14,148.72039794921875,76.64496612548828,127.1500015258789,41.93501663208008
2014-02-18,148.898193359375,76.83309936523438,127.4000015258789,42.140499114990234
2014-02-19,147.91220092773438,76.68252563476562,126.2699966430664,42.11631774902344
2014-02-20,148.78501892089844,76.5997314453125,127.5999984741211,42.02565002441406
2014-02-21,148.61529541015625,76.69757843017578,127.58000183105469,42.12839889526367
2014-02-24,149.43966674804688,76.62235260009766,128.99000549316406,42.231143951416016
2014-02-25,149.38304138183594,76.88574981689453,129.2100067138672,42.37013244628906
2014-02-26,149.39114379882812,77.11151123046875,128.11000061035156,42.466819763183594
2014-02-27,150.17510986328125,77.20185852050781,128.1999969482422,42.35200119018555
2014-02-28,150.554931640625,77.12667083740234,127.62000274658203,42.74481964111328
2014-03-03,149.49620056152344,77.50807189941406,130.2899932861328,42.76898956298828
2014-03-04,151.59742736816406,76.91252899169922,128.67999267578125,43.38542175292969
2014-03-05,151.73486328125,76.99542236328125,128.88999938964844,43.33103942871094
2014-03-06,152.08241271972656,76.66373443603516,130.1699981689453,42.96842575073242
2014-03-07,152.14697265625,76.33204650878906,129.08999633789062,42.50307846069336
2014-03-10,152.06622314453125,76.41495513916016,129.1300048828125,42.27949142456055
2014-03-11,151.3145751953125,76.4903335571289,129.86000061035156,42.54539108276367
2014-03-12,151.3550567626953,76.79187774658203,131.75999450683594,42.67229461669922
2014-03-13,149.65786743164062,77.2442626953125,132.2100067138672,42.47286605834961
2014-03-14,149.2375946044922,77.25182342529297,133.10000610351562,42.5816535949707
2014-03-17,150.58724975585938,76.94269561767578,131.63999938964844,42.67229461669922
2014-03-18,151.662109375,77.1311264038086,130.6199951171875,42.799224853515625
2014-03-19,150.8539276123047,76.41495513916016,128.08999633789062,41.989402770996094
2014-03-20,151.73486328125,76.42999267578125,127.86000061035156,42.06192398071289
2014-03-21,151.1463165283203,76.57327270507812,128.47000122070312,42.44869613647461
2014-03-24,150.52130126953125,76.60342407226562,126.18000030517578,42.17069625854492
2014-03-25,151.23562622070312,76.5582046508789,126.41000366210938,42.55574417114258
2014-03-26,150.14788818359375,76.88235473632812,125.41000366210938,42.07521057128906
2014-03-27,149.83135986328125,76.95779418945312,124.58999633789062,42.34284210205078
2014-03-28,150.5700225830078,76.68635559082031,124.55999755859375,42.598323822021484
2014-03-31,151.80384826660156,76.6938705444336,123.61000061035156,42.95721435546875
2014-04-01,152.8104705810547,76.53523254394531,123.38999938964844,43.151859283447266
2014-04-02,153.32186889648438,76.20294952392578,124.31999969482422,43.18836212158203
2014-04-03,153.118896484375,76.25582122802734,123.91999816894531,43.09711456298828
2014-04-04,151.30868530273438,76.72407531738281,125.56999969482422,43.243106842041016
2014-04-07,149.63648986816406,76.9053726196289,124.91000366210938,43.38301467895508
2014-04-08,150.25343322753906,77.01116943359375,126.08999633789062,43.650672912597656
2014-04-09,151.8688201904297,76.98845672607422,126.31999969482422,43.54117202758789
2014-04-10,148.67864990234375,77.3132553100586,127.01000213623047,43.12753677368164
2014-04-11,147.33926391601562,77.4718246459961,126.93000030517578,42.865962982177734
2014-04-14,148.5000762939453,77.3509750366211,127.8499984741211,43.121456146240234
2014-04-15,149.52285766601562,77.44163513183594,125.48999786376953,43.632415771484375
2014-04-16,151.08949279785156,77.32080841064453,125.54000091552734,43.91222381591797
2014-04-17,151.3006134033203,76.88272094726562,124.75,43.65673828125
2014-04-21,151.82818603515625,76.86756896972656,124.23999786376953,43.90615463256836
2014-04-22,152.5181884765625,76.8373794555664,123.77999877929688,44.00347900390625
2014-04-23,152.16099548339844,77.03379821777344,123.76000213623047,43.827083587646484
2014-04-24,152.469482421875,77.01116943359375,124.55999755859375,44.00955581665039
2014-04-25,151.21942138671875,77.11688232421875,125.43000030517578,43.83922576904297
2014-04-28,151.69834899902344,77.00357818603516,124.87999725341797,44.17987060546875
2014-04-29,152.40455627441406,77.0715560913086,124.86000061035156,44.21028518676758
2014-04-30,152.859130859375,77.27548217773438,124.22000122070312,44.36845779418945
2014-05-01,152.8753662109375,77.49795532226562,123.80000305175781,44.55699920654297
2014-05-02,152.65618896484375,77.6114501953125,125.05999755859375,44.54484176635742
2014-05-05,152.94839477539062,77.5660629272461,126.22000122070312,44.63608169555664
2014-05-06,151.61715698242188,77.65685272216797,125.9800033569336,44.47794723510742
2014-05-07,152.5100860595703,77.7174301147461,124.16999816894531,45.01322937011719
2014-05-08,152.34767150878906,77.80061340332031,124.16999816894531,45.11662673950195
2014-05-09,152.57498168945312,77.74009704589844,124.0999984741211,45.147037506103516
2014-05-12,154.0605010986328,77.53581237792969,124.94000244140625,45.28694152832031
2014-05-13,154.19850158691406,77.83844757080078,124.5999984741211,44.994972229003906
2014-05-14,153.4678955078125,78.19416809082031,125.80999755859375,45.01322937011719
2014-05-15,152.12045288085938,78.47413635253906,124.7699966430664,44.9889030456543
2014-05-16,152.6481475830078,78.30766296386719,124.5,45.40254211425781
2014-05-19,153.2082061767578,78.20925903320312,124.58000183105469,45.22003936767578
2014-05-20,152.2421875,78.43631744384766,124.69000244140625,45.08014678955078
2014-05-21,153.52479553222656,78.31520080566406,124.38999938964844,44.78209686279297
2014-05-22,153.89816284179688,78.23202514648438,124.66999816894531,44.7029914855957
2014-05-23,154.51504516601562,78.39087677001953,124.51000213623047,45.0983772277832
2014-05-27,155.46484375,78.41360473632812,121.8499984741211,45.42078399658203
2014-05-28,155.3511505126953,78.844970703125,121.19999694824219,45.134883880615234
2014-05-29,156.15475463867188,78.74658203125,120.94000244140625,45.22612380981445
2014-05-30,156.40643310546875,78.68606567382812,120.43000030517578,45.432952880859375
2014-06-02,156.58499145507812,78.32600402832031,119.69999694824219,45.57284927368164
2014-06-03,156.5038604736328,77.93181610107422,120.01000213623047,45.54851531982422
2014-06-04,156.82044982910156,77.87117004394531,119.76000213623047,45.639774322509766
2014-06-05,157.84324645996094,77.98485565185547,120.66000366210938,46.47919464111328
2014-06-06,158.59811401367188,77.9242172241211,120.61000061035156,46.284549713134766
2014-06-09,158.76051330566406,77.810546875,120.6500015258789,45.724918365478516
2014-06-10,158.77674865722656,77.67416381835938,121.38999938964844,45.3842887878418
2014-06-11,158.22474670410156,77.78022003173828,121.41000366210938,45.262630462646484
2014-06-12,157.10447692871094,78.08342742919922,122.63999938964844,45.147037506103516
2014-06-13,157.58348083496094,77.93181610107422,122.95999908447266,45.262630462646484
2014-06-16,157.71334838867188,77.93181610107422,122.41999816894531,45.03147506713867
2014-06-17,158.1516571044922,77.60585021972656,122.27999877929688,45.147037506103516
2014-06-18,159.3124542236328,78.01517486572266,122.66999816894531,45.463356018066406
2014-06-19,159.49110412597656,77.81812286376953,126.94000244140625,45.84049606323242
2014-06-20,159.8148651123047,77.90908813476562,126.5,45.9986457824707
2014-06-23,159.76596069335938,77.85601806640625,126.8499984741211,45.810062408447266
2014-06-24,158.80345153808594,78.17431640625,126.9800033569336,45.84385299682617
2014-06-25,159.52125549316406,78.25019836425781,126.98999786376953,45.75174331665039
2014-06-26,159.40704345703125,78.45482635498047,126.7300033569336,45.70876693725586
2014-06-27,159.7169189453125,78.45482635498047,126.66000366210938,46.05873107910156
2014-06-30,159.63540649414062,78.51549530029297,128.0399932861328,45.948238372802734
2014-07-01,160.7039031982422,78.25877380371094,127.69999694824219,46.19380187988281
2014-07-02,160.86705017089844,77.93987274169922,127.69999694824219,46.083290100097656
2014-07-03,161.658203125,77.78034210205078,127.16000366210938,45.81930160522461
2014-07-07,161.09539794921875,77.97022247314453,127.0199966430664,45.954376220703125
2014-07-08,160.0595703125,78.32713317871094,127.06999969482422,46.08942794799805
2014-07-09,160.77728271484375,78.34235382080078,127.83999633789062,46.163116455078125
2014-07-10,160.14108276367188,78.50942993164062,128.5399932861328,46.371849060058594
2014-07-11,160.361328125,78.63848876953125,128.77999877929688,46.37799835205078
2014-07-14,161.16885375976562,78.46385192871094,125.72000122070312,46.60514450073242
2014-07-15,160.86705017089844,78.39551544189453,124.52999877929688,46.635860443115234
2014-07-16,161.4624481201172,78.50942993164062,124.97000122070312,46.78319549560547
2014-07-17,159.62730407714844,78.9650650024414,127.08999633789062,46.54375457763672
2014-07-18,161.25852966308594,78.80561065673828,126.12999725341797,47.00420379638672
2014-07-21,160.9567108154297,78.828369140625,126.33999633789062,46.83231735229492
2014-07-22,161.658203125,78.92709350585938,125.73999786376953,46.97966384887695
2014-07-23,162.01710510253906,78.91948699951172,125.62000274658203,47.06561279296875
2014-07-24,162.0252227783203,78.60052490234375,124.3499984741211,47.00420379638672
2014-07-25,161.2666778564453,78.90434265136719,125.79000091552734,46.67882537841797
2014-07-28,161.3319091796875,78.81319427490234,125.58000183105469,47.00420379638672
2014-07-29,160.6386260986328,78.91948699951172,125.19999694824219,46.777061462402344
2014-07-30,160.66305541992188,78.36514282226562,124.83000183105469,46.67882537841797
2014-07-31,157.49024963378906,78.34235382080078,123.38999938964844,45.985069274902344
2014-08-01,157.0090789794922,78.80343627929688,124.37999725341797,45.87455749511719
2014-08-04,158.142822265625,78.84906768798828,123.98999786376953,46.19380187988281
2014-08-05,156.60939025878906,78.88713073730469,123.87000274658203,45.72106170654297
2014-08-06,156.65835571289062,78.95561981201172,125.66999816894531,45.702640533447266
2014-08-07,155.81008911132812,79.31320190429688,126.18000030517578,45.727195739746094
2014-08-08,157.61268615722656,79.24469757080078,126.19000244140625,45.997337341308594
2014-08-11,158.06942749023438,79.20671844482422,125.95999908447266,46.285884857177734
2014-08-12,157.8491973876953,79.09257507324219,125.98999786376953,46.212223052978516
2014-08-13,158.91763305664062,79.35127258300781,126.19999694824219,46.88143539428711
2014-08-14,159.66806030273438,79.51101684570312,126.30999755859375,46.85072326660156
2014-08-15,159.63540649414062,79.83061981201172,125.4800033569336,46.80160140991211
2014-08-18,160.97305297851562,79.57948303222656,124.95999908447266,47.26207733154297
2014-08-19,161.8131561279297,79.49579620361328,124.68000030517578,47.36031723022461
2014-08-20,162.2454376220703,79.25995635986328,124.22000122070312,47.575199127197266
2014-08-21,162.718505859375,79.42730712890625,122.87999725341797,47.50152587890625
2014-08-22,162.46568298339844,79.4349594116211,123.19000244140625,47.12089157104492
2014-08-25,163.28948974609375,79.49579620361328,122.73999786376953,47.01651382446289
2014-08-26,163.39552307128906,79.48057556152344,123.3499984741211,47.10859680175781
2014-08-27,163.3302459716797,79.70125579833984,123.31999969482422,47.139305114746094
2014-08-28,163.24049377441406,79.80777740478516,124.0,47.13316345214844
2014-08-29,163.70545959472656,79.81536102294922,123.86000061035156,47.384883880615234
2014-09-02,163.62384033203125,79.3054428100586,121.6500015258789,47.39101028442383
2014-09-03,163.53407287597656,79.4197769165039,122.1500015258789,47.5138053894043
2014-09-04,163.29762268066406,79.13776397705078,121.4800033569336,47.335758209228516
2014-09-05,164.03170776367188,79.16064453125,122.05999755859375,47.83919906616211
2014-09-08,163.6074981689453,79.07682800292969,120.7300033569336,47.790077209472656
2014-09-09,162.57164001464844,78.89382934570312,120.87000274658203,47.49536895751953
2014-09-10,163.18338012695312,78.69572448730469,120.26000213623047,46.7463493347168
2014-09-11,163.37103271484375,78.5966567993164,119.47000122070312,46.78319549560547
2014-09-12,162.41671752929688,78.29938507080078,118.37999725341797,45.3465461730957
2014-09-15,162.2943572998047,78.44419860839844,118.63999938964844,45.125526428222656
2014-09-16,163.51785278320312,78.42134857177734,118.83000183105469,45.56755828857422
2014-09-17,163.738037109375,78.22319793701172,117.54000091552734,45.555294036865234
2014-09-18,164.61074829101562,78.16979217529297,117.77999877929688,45.156211853027344
2014-09-19,164.4624481201172,78.46707916259766,117.08999633789062,45.21147918701172
2014-09-22,163.19229125976562,78.63475799560547,116.8499984741211,44.85540008544922
2014-09-23,162.25811767578125,78.80243682861328,117.5999984741211,44.52999496459961
2014-09-24,163.5283203125,78.58141326904297,117.05000305175781,44.411014556884766
2014-09-25,160.88963317871094,78.9625244140625,117.38999938964844,44.21271896362305
2014-09-26,162.16796875,78.7948226928711,117.05999755859375,44.807613372802734
2014-09-29,161.87298583984375,79.04632568359375,117.02999877929688,44.74562072753906
2014-09-30,161.44692993164062,78.97771453857422,116.20999908447266,44.52256393432617
2014-10-01,159.2589874267578,79.64127349853516,116.7699966430664,44.55973434448242
2014-10-02,159.28353881835938,79.4045639038086,116.73999786376953,44.485382080078125
2014-10-03,161.03717041015625,79.38166046142578,114.61000061035156,44.764217376708984
2014-10-06,160.84869384765625,79.5114517211914,116.02999877929688,44.8819580078125
2014-10-07,158.3657684326172,79.977294921875,116.36000061035156,44.528751373291016
2014-10-08,161.13552856445312,80.2597885131836,117.47000122070312,45.495418548583984
2014-10-09,157.939697265625,80.12234497070312,117.63999938964844,45.495418548583984
2014-10-10,156.1368865966797,80.4354019165039,117.58999633789062,45.538795471191406
2014-10-13,153.57203674316406,80.85538482666016,118.5199966430664,45.58216857910156
2014-10-14,153.80963134765625,81.0157470703125,118.58999633789062,46.31956100463867
2014-10-15,152.76901245117188,81.47386932373047,118.98999786376953,46.13987350463867
2014-10-16,152.63784790039062,81.25245666503906,119.22000122070312,46.2142219543457
2014-10-17,154.44064331054688,81.0157470703125,118.98999786376953,46.27000427246094
2014-10-20,155.9402313232422,81.1302490234375,119.80000305175781,46.97639465332031
2014-10-21,159.0295867919922,80.90882873535156,120.0199966430664,47.40397262573242
2014-10-22,157.898681640625,80.88587188720703,119.33999633789062,47.41636276245117
2014-10-23,159.7342529296875,80.54994201660156,118.5199966430664,47.781986236572266
2014-10-24,160.96343994140625,80.61869049072266,118.3499984741211,47.74479675292969
2014-10-27,160.74217224121094,80.70264434814453,118.05999755859375,48.097999572753906
2014-10-28,162.58590698242188,80.50419616699219,118.0999984741211,48.30867385864258
2014-10-29,162.340087890625,80.23686218261719,116.41000366210938,48.03601837158203
2014-10-30,163.38076782226562,80.32085418701172,115.19000244140625,48.339664459228516
2014-10-31,165.2490997314453,80.19107818603516,112.66000366210938,48.94693374633789
2014-11-03,165.33924865722656,80.16122436523438,112.1500015258789,49.37448501586914
2014-11-04,164.76564025878906,80.15361022949219,112.22000122070312,49.455055236816406
2014-11-05,165.80638122558594,80.17650604248047,109.79000091552734,49.34970474243164
2014-11-06,166.4700469970703,79.93179321289062,109.87999725341797,48.97172546386719
2014-11-07,166.62579345703125,80.44428253173828,112.97000122070312,48.909751892089844
2014-11-10,167.15020751953125,80.11539459228516,110.45999908447266,49.31251525878906
2014-11-11,167.3140869140625,80.12294006347656,112.04000091552734,49.12043380737305
2014-11-12,167.13385009765625,80.0924072265625,111.5,48.7486457824707
2014-11-13,167.32223510742188,80.222412109375,111.66999816894531,49.01509475708008
2014-11-14,167.36331176757812,80.39067077636719,114.47000122070312,48.612308502197266
2014-11-17,167.46978759765625,80.29888916015625,114.05000305175781,48.82920455932617
2014-11-18,168.43675231933594,80.39067077636719,115.05000305175781,49.039878845214844
2014-11-19,168.1663360595703,80.17650604248047,113.68000030517578,48.59992980957031
2014-11-20,168.4613037109375,80.3218765258789,114.86000061035156,48.76103210449219
2014-11-21,169.36270141601562,80.48248291015625,115.38999938964844,49.064659118652344
2014-11-24,169.8380126953125,80.57427978515625,115.11000061035156,49.23816680908203
2014-11-25,169.71505737304688,80.77316284179688,115.37999725341797,49.324920654296875
2014-11-26,170.1494140625,80.91082763671875,115.16000366210938,49.80205535888672
2014-11-28,169.7888946533203,81.22444915771484,112.11000061035156,49.925987243652344
2014-12-01,168.6088409423828,81.02522277832031,116.58000183105469,49.80205535888672
2014-12-02,169.69871520996094,80.66511535644531,115.13999938964844,50.111900329589844
2014-12-03,170.35426330566406,80.69580078125,116.33000183105469,50.06231689453125
2014-12-04,170.16580200195312,80.97924041748047,115.87999725341797,50.192440032958984
2014-12-05,170.44436645507812,80.52714538574219,114.43000030517578,49.93838882446289
2014-12-08,169.3053741455078,80.7953872680664,115.77999877929688,50.25442123413086
2014-12-09,169.1906280517578,81.09418487548828,118.19000244140625,50.483680725097656
2014-12-10,166.47828674316406,81.46194458007812,117.95999908447266,50.434120178222656
2014-12-11,167.32223510742188,81.32403564453125,117.69000244140625,50.52705764770508
2014-12-12,164.6181182861328,81.99061584472656,117.41000366210938,50.08710861206055
2014-12-15,163.48728942871094,81.69181060791016,114.38999938964844,49.436466217041016
2014-12-16,162.17623901367188,82.10553741455078,114.94999694824219,49.3682975769043
2014-12-17,165.35568237304688,81.53858184814453,114.2699966430664,50.502281188964844
2014-12-18,169.4446563720703,81.07886505126953,115.1500015258789,50.85548400878906
2014-12-19,170.1656494140625,81.37770080566406,114.7699966430664,50.8306999206543
2014-12-22,170.9484100341797,81.37770080566406,112.55000305175781,51.68052291870117
2014-12-23,171.1791229248047,80.70343017578125,112.73999786376953,51.536067962646484
2014-12-24,171.1956024169922,80.76177215576172,112.7699966430664,51.322505950927734
2014-12-26,171.74765014648438,80.86919403076172,114.83000183105469,51.50465393066406
2014-12-29,171.97837829589844,81.14540100097656,113.66999816894531,51.787296295166016
2014-12-30,171.05551147460938,81.23751831054688,115.19999694824219,51.749629974365234
2014-12-31,169.358154296875,81.32952880859375,113.58000183105469,50.87654113769531
2015-01-02,169.26756286621094,81.74393463134766,114.08000183105469,51.6428337097168
2015-01-05,166.2106170654297,82.24269104003906,115.80000305175781,51.92547607421875
2015-01-06,164.6450958251953,82.79515838623047,117.12000274658203,52.44053649902344
2015-01-07,166.69676208496094,82.77982330322266,116.43000030517578,53.24449157714844
2015-01-08,169.65481567382812,82.44223022460938,115.94000244140625,53.44550323486328
2015-01-09,168.29527282714844,82.84886169433594,117.26000213623047,53.47061538696289
2015-01-12,166.97686767578125,83.14048767089844,118.55999755859375,53.87888717651367
2015-01-13,166.50726318359375,83.21717834472656,118.16000366210938,53.79723358154297
2015-01-14,165.5019989013672,83.6008529663086,117.97000122070312,54.262054443359375
2015-01-15,163.98590087890625,84.31452178955078,120.94000244140625,54.38766098022461
2015-01-16,166.13645935058594,83.6929702758789,122.5199966430664,54.858726501464844
2015-01-20,166.49078369140625,83.88479614257812,124.19999694824219,54.425357818603516
2015-01-21,167.33119201660156,83.48573303222656,124.2300033569336,54.38766098022461
2015-01-22,169.819580078125,83.27857971191406,125.2300033569336,55.35490798950195
2015-01-23,168.88853454589844,83.8233871459961,124.2300033569336,55.197914123535156
2015-01-26,169.2840118408203,83.63160705566406,122.98999786376953,55.66270446777344
2015-01-27,167.0510711669922,83.74661254882812,124.4000015258789,55.681556701660156
2015-01-28,164.90872192382812,84.39124298095703,123.41999816894531,55.31098175048828
2015-01-29,166.4330596923828,84.09198760986328,120.76000213623047,55.50569152832031
2015-01-30,164.34022521972656,84.8285903930664,123.44999694824219,54.362545013427734
2015-02-02,166.3753662109375,84.72254943847656,122.41999816894531,54.21808624267578
2015-02-03,168.78134155273438,84.00778198242188,121.05000305175781,54.68913650512695
2015-02-04,168.13873291015625,84.14610290527344,121.58000183105469,54.463043212890625
2015-02-05,169.8360595703125,83.83866882324219,121.79000091552734,55.11626052856445
2015-02-06,169.36636352539062,82.90095520019531,118.63999938964844,53.514583587646484
2015-02-09,168.60836791992188,82.8625717163086,119.16999816894531,53.13772964477539
2015-02-10,170.40460205078125,82.65498352050781,118.47000122070312,53.307315826416016
2015-02-11,170.50347900390625,82.62428283691406,117.06999969482422,53.150299072265625
2015-02-12,172.1431884765625,82.65498352050781,117.33999633789062,53.7846565246582
2015-02-13,172.85174560546875,82.37828063964844,117.9800033569336,53.426658630371094
2015-02-17,173.12368774414062,81.79415130615234,116.01000213623047,53.294734954833984
2015-02-18,173.1401824951172,82.18619537353516,116.33999633789062,53.79096603393555
2015-02-19,173.01657104492188,81.97865295410156,115.94000244140625,52.635250091552734
2015-02-20,174.05479431152344,81.93254852294922,115.27999877929688,53.144020080566406
2015-02-23,174.03001403808594,82.30914306640625,115.43000030517578,53.57113265991211
2015-02-24,174.52439880371094,82.8548583984375,115.26000213623047,52.51590347290039
2015-02-25,174.37608337402344,82.93170928955078,115.69999694824219,52.52845001220703
2015-02-26,174.170166015625,82.43980407714844,116.06999969482422,51.956878662109375
2015-02-27,173.5768585205078,82.7319107055664,116.16000366210938,52.36515808105469
2015-03-02,174.67274475097656,82.11600494384766,115.68000030517578,52.666629791259766
2015-03-03,173.95582580566406,81.9389419555664,115.47000122070312,52.566162109375
2015-03-04,173.22251892089844,82.00054931640625,115.11000061035156,52.06365203857422
2015-03-05,173.41209411621094,82.0467529296875,115.0,52.21440505981445
2015-03-06,170.97314453125,81.20765686035156,111.86000061035156,50.4808349609375
2015-03-09,171.6817626953125,81.5848617553711,111.97000122070312,50.88282012939453
2015-03-10,168.896728515625,81.9312973022461,111.41999816894531,50.84513854980469
2015-03-11,168.50120544433594,82.0775146484375,110.75,50.88912582397461
2015-03-12,170.64361572265625,82.15444946289062,110.72000122070312,51.77473831176758
2015-03-13,169.5971221923828,82.03136444091797,110.87999725341797,51.74332809448242
2015-03-16,171.8629913330078,82.31619262695312,110.80999755859375,52.277225494384766
2015-03-17,171.3521270751953,82.48550415039062,110.20999908447266,52.25835418701172
2015-03-18,173.41209411621094,83.43238830566406,112.37000274658203,53.351287841796875
2015-03-19,172.62107849121094,83.03984069824219,112.29000091552734,53.32616424560547
2015-03-20,174.14476013183594,83.3785400390625,113.56999969482422,54.66402816772461
2015-03-23,173.80543518066406,83.48628234863281,114.29000091552734,54.594940185546875
2015-03-24,172.828857421875,83.74031829833984,114.56999969482422,54.130126953125
2015-03-25,170.29620361328125,83.3785400390625,114.7300033569336,53.19626235961914
2015-03-26,169.89064025878906,82.908935546875,115.4800033569336,52.91823196411133
2015-03-27,170.27964782714844,83.2322769165039,115.05999755859375,52.987735748291016
2015-03-30,172.35702514648438,83.22457885742188,113.75,53.74596405029297
2015-03-31,170.85073852539062,83.44010162353516,113.66000366210938,53.27204895019531
2015-04-01,170.24658203125,83.83716583251953,115.5999984741211,53.19626235961914
2015-04-02,170.85897827148438,83.59822082519531,115.27999877929688,53.60064697265625
2015-04-06,172.00942993164062,83.70613861083984,116.69000244140625,54.15666961669922
2015-04-07,171.5542449951172,83.77552032470703,116.11000061035156,53.202552795410156
2015-04-08,172.13365173339844,83.69842529296875,115.47000122070312,53.284690856933594
2015-04-09,172.89501953125,83.35917663574219,114.66999816894531,52.17894744873047
2015-04-10,173.8385467529297,83.33598327636719,115.97000122070312,52.14102554321289
2015-04-13,173.05227661132812,83.50565338134766,115.13999938964844,52.00202560424805
2015-04-14,173.3833465576172,83.75238800048828,114.44000244140625,52.18524932861328
2015-04-15,174.16131591796875,83.79862213134766,115.43000030517578,51.79350662231445
2015-04-16,174.1116485595703,83.86029815673828,115.02999877929688,51.92620086669922
2015-04-17,172.1087188720703,84.02999877929688,115.5999984741211,51.686119079589844
2015-04-20,173.68128967285156,83.8757095336914,114.72000122070312,51.761924743652344
2015-04-21,173.47434997558594,83.69842529296875,115.37999725341797,51.85038375854492
2015-04-22,174.32681274414062,83.21263122558594,113.83000183105469,51.95781707763672
2015-04-23,174.76547241210938,83.46708679199219,114.66000366210938,52.096805572509766
2015-04-24,175.1710968017578,83.76005554199219,113.05000305175781,52.2042350769043
2015-04-27,174.4427032470703,83.62901306152344,115.33000183105469,52.13471984863281
2015-04-28,174.99725341796875,83.24347686767578,116.33000183105469,52.033626556396484
2015-04-29,174.27719116210938,82.9350357055664,115.51000213623047,50.98474884033203
2015-04-30,172.53085327148438,82.91193389892578,113.47000122070312,50.15701675415039
2015-05-01,174.4013671875,82.45858001708984,113.08000183105469,50.5361213684082
2015-05-04,174.8979034423828,82.28872680664062,114.0999984741211,50.58666229248047
2015-05-05,172.89501953125,82.14972686767578,114.41999816894531,49.48722839355469
2015-05-06,172.18325805664062,81.7481918334961,114.36000061035156,49.39244842529297
2015-05-07,172.87020874023438,82.09565734863281,113.41999816894531,50.15068435668945
2015-05-08,175.14620971679688,82.41229248046875,113.97000122070312,50.85204315185547
2015-05-11,174.31027221679688,81.6014633178711,113.52999877929688,50.08749008178711
2015-05-12,173.78887939453125,81.66325378417969,114.5,50.2391471862793
2015-05-13,173.8219757080078,81.55509948730469,116.55000305175781,49.75892639160156
2015-05-14,175.634521484375,81.83312225341797,117.18000030517578,50.719364166259766
2015-05-15,175.82489013671875,82.42002868652344,117.52999877929688,51.237464904785156
2015-05-18,176.37109375,81.86396789550781,117.5199966430664,51.10478210449219
2015-05-19,176.3131866455078,81.5010757446289,115.88999938964844,50.92786407470703
2015-05-20,176.18907165527344,81.67870330810547,116.08000183105469,50.88362503051758
2015-05-21,176.70225524902344,82.16517639160156,115.69000244140625,50.64352798461914
2015-05-22,176.28012084960938,81.97982788085938,115.5999984741211,50.58034896850586
2015-05-26,174.384765625,82.48954010009766,113.91000366210938,50.194915771484375
2015-05-27,176.0400390625,82.44319152832031,113.88999938964844,50.68776321411133
2015-05-28,175.84141540527344,82.52039337158203,114.0199966430664,50.58666229248047
2015-05-29,174.7489013671875,82.56671905517578,114.0999984741211,50.00536346435547
2015-06-01,175.10482788085938,82.20240020751953,114.0,50.618255615234375
2015-06-02,174.93106079101562,81.63008880615234,114.45999908447266,50.15068435668945
2015-06-03,175.3944854736328,80.93402099609375,113.63999938964844,49.43036651611328
2015-06-04,173.9130859375,81.32844543457031,112.83999633789062,49.33558654785156
2015-06-05,173.6150665283203,80.74061584472656,112.23999786376953,48.78585433959961
2015-06-08,172.54736328125,80.85665893554688,112.56999969482422,48.69739532470703
2015-06-09,172.52256774902344,80.59365844726562,112.81999969482422,48.34355163574219
2015-06-10,174.59165954589844,80.28427124023438,113.77999877929688,48.68476867675781
2015-06-11,175.1544952392578,80.91849517822266,113.26000213623047,48.98173522949219
2015-06-12,173.81370544433594,80.87213134765625,113.2300033569336,48.937496185302734
2015-06-15,173.06881713867188,81.06544494628906,113.7300033569336,48.67212677001953
2015-06-16,174.01229858398438,81.37488555908203,113.31999969482422,49.06388473510742
2015-06-17,174.2937469482422,81.42127990722656,113.8499984741211,49.480918884277344
2015-06-18,176.1062774658203,81.35936737060547,115.31999969482422,50.163326263427734
2015-06-19,175.32449340820312,81.79254150390625,115.12000274658203,49.777889251708984
2015-06-22,176.2227325439453,81.10418701171875,113.63999938964844,49.26606369018555
2015-06-23,176.347412109375,80.85665893554688,112.88999938964844,48.8553581237793
2015-06-24,175.06671142578125,81.09636688232422,112.58999633789062,48.589988708496094
2015-06-25,174.53436279296875,80.89530181884766,112.44000244140625,48.09714126586914
2015-06-26,174.5011444091797,80.50860595703125,112.55999755859375,48.44306564331055
2015-06-29,170.84181213378906,81.44444274902344,113.06999969482422,47.68994903564453
2015-06-30,171.199462890625,81.2201156616211,112.37000274658203,47.670780181884766
2015-07-01,172.5717010498047,80.79564666748047,111.9800033569336,48.45582580566406
2015-07-02,172.41366577148438,81.08228302001953,111.76000213623047,48.57709503173828
2015-07-06,171.92298889160156,81.65548706054688,112.05999755859375,48.883445739746094
2015-07-07,173.00418090820312,81.87239837646484,110.76000213623047,49.64937973022461
2015-07-08,170.1016082763672,82.19776153564453,111.08999633789062,49.4578742980957
2015-07-09,170.40931701660156,81.62450408935547,111.36000061035156,49.221717834472656
2015-07-10,172.5550994873047,81.05904388427734,111.48999786376953,49.63020324707031
2015-07-13,174.4595947265625,80.84215545654297,110.98999786376953,49.700416564941406
2015-07-14,175.21636962890625,81.09778594970703,110.73999786376953,49.80253982543945
2015-07-15,175.15818786621094,81.40763854980469,110.16000366210938,49.885501861572266
2015-07-16,176.563720703125,81.37664031982422,109.76000213623047,50.28761672973633
2015-07-17,176.71339416503906,81.38439178466797,108.6500015258789,50.108917236328125
2015-07-20,176.80484008789062,81.22167205810547,105.69999694824219,50.16633987426758
2015-07-21,176.10630798339844,81.44637298583984,105.37000274658203,50.02592468261719
2015-07-22,175.79026794433594,81.5470962524414,104.80000305175781,50.24291229248047
2015-07-23,174.80055236816406,81.88015747070312,104.33000183105469,49.61744689941406
2015-07-24,172.9875030517578,81.95763397216797,105.3499984741211,49.828067779541016
2015-07-27,171.98121643066406,82.22874450683594,104.86000061035156,49.91743469238281
2015-07-28,174.09364318847656,81.99634552001953,105.0199966430664,49.949344635009766
2015-07-29,175.29122924804688,81.88015747070312,105.16999816894531,50.27482604980469
2015-07-30,175.3328399658203,81.97314453125,104.2699966430664,50.02592468261719
2015-07-31,175.06671142578125,82.45337677001953,104.93000030517578,50.421627044677734
2015-08-03,174.4762420654297,82.70478057861328,104.0999984741211,50.734375
2015-08-04,174.1351776123047,82.27806854248047,104.30999755859375,50.36418151855469
2015-08-05,174.7091522216797,81.95995330810547,103.93000030517578,50.03230285644531
2015-08-06,173.278564453125,82.24697875976562,104.38999938964844,50.10251235961914
2015-08-07,172.94593811035156,82.5728988647461,104.6500015258789,50.28761672973633
2015-08-10,175.1249237060547,82.23152160644531,105.72000122070312,50.1280517578125
2015-08-11,173.54473876953125,82.77458190917969,106.26000213623047,50.459930419921875
2015-08-12,173.75270080566406,82.74358367919922,107.75,50.61949157714844
2015-08-13,173.53640747070312,82.5263442993164,106.86000061035156,50.676937103271484
2015-08-14,174.1685028076172,82.44102478027344,106.8499984741211,50.95139694213867
2015-08-17,175.1415557861328,82.58839416503906,107.12999725341797,51.385398864746094
2015-08-18,174.63421630859375,82.45648956298828,107.11000061035156,51.52581024169922
2015-08-19,173.253662109375,82.9607925415039,108.55000305175781,51.21943283081055
2015-08-20,169.63587951660156,83.18577575683594,110.44000244140625,50.8428840637207
2015-08-21,164.5294189453125,83.51942443847656,111.12999725341797,49.89827346801758
2015-08-24,157.6015625,83.65900421142578,110.52999877929688,47.562294006347656
2015-08-25,155.7469940185547,83.20134735107422,109.16000366210938,46.25387954711914
2015-08-26,161.7267303466797,82.68923950195312,107.66999816894531,47.50484848022461
2015-08-27,165.72703552246094,82.6427001953125,107.7300033569336,48.42393112182617
2015-08-28,165.73536682128906,82.65821838378906,108.69999694824219,48.35371017456055
2015-08-31,164.39630126953125,82.5185775756836,108.81999969482422,47.249549865722656
2015-09-01,159.48948669433594,82.88923645019531,109.19999694824219,46.349609375
2015-09-02,162.51678466796875,82.66384887695312,108.62000274658203,46.828304290771484
2015-09-03,162.6332244873047,82.86595916748047,107.83999633789062,46.95594787597656
2015-09-04,160.17144775390625,83.122314453125,107.48999786376953,46.08153533935547
2015-09-08,164.19680786132812,82.75709533691406,107.5199966430664,46.77724838256836
2015-09-09,162.00111389160156,82.7881851196289,106.12999725341797,46.24112319946289
2015-09-10,162.88272094726562,82.60174560546875,106.37999725341797,46.34323501586914
2015-09-11,163.6228790283203,82.81929779052734,106.16000366210938,47.230403900146484
2015-09-14,163.0157470703125,82.8969955444336,106.22000122070312,47.25593185424805
2015-09-15,165.05340576171875,82.24427032470703,105.9000015258789,47.72185516357422
2015-09-16,166.48385620117188,82.22093963623047,107.30999755859375,48.2324333190918
2015-09-17,166.10958862304688,82.90478515625,108.41000366210938,48.78133010864258
2015-09-18,163.3950958251953,83.2933349609375,109.20999908447266,48.69837188720703
2015-09-21,164.23947143554688,82.81929779052734,108.52999877929688,49.11322021484375
2015-09-22,162.1076202392578,83.23110961914062,107.79000091552734,48.49411392211914
2015-09-23,161.84852600097656,83.13786315917969,108.22000122070312,48.79839324951172
2015-09-24,161.26333618164062,83.26226043701172,110.48999786376953,48.34070587158203
2015-09-25,161.22152709960938,83.0446548461914,109.80999755859375,48.53408432006836
2015-09-28,157.1753387451172,83.5186538696289,108.41999816894531,47.77988052368164
2015-09-29,157.26724243164062,83.80612182617188,107.9800033569336,48.28912353515625
2015-09-30,160.2016143798828,83.82172393798828,106.86000061035156,48.69525909423828
2015-10-01,160.61961364746094,83.88706970214844,106.7300033569336,48.93376159667969
2015-10-02,163.0189971923828,84.291748046875,108.98999786376953,49.28830337524414
2015-10-05,165.9197998046875,83.8248291015625,108.7699966430664,50.119873046875
2015-10-06,165.35134887695312,83.99603271484375,109.86000061035156,50.00385665893555
2015-10-07,166.70567321777344,83.78587341308594,109.69999694824219,50.57756805419922
2015-10-08,168.21047973632812,83.56798553466797,109.13999938964844,51.003021240234375
2015-10-09,168.31077575683594,83.61465454101562,110.87000274658203,50.91922378540039
2015-10-12,168.46958923339844,83.89485168457031,111.30999755859375,51.28020477294922
2015-10-13,167.40789794921875,83.9726791381836,111.86000061035156,50.88055419921875
2015-10-14,166.6053466796875,84.43186950683594,113.80999755859375,50.50020980834961
2015-10-15,169.1634521484375,84.14389038085938,113.29000091552734,51.189964294433594
2015-10-16,169.9325714111328,84.07384490966797,112.48999786376953,51.57674026489258
2015-10-19,170.01622009277344,84.03496551513672,112.0199966430664,52.298728942871094
2015-10-20,169.79885864257812,83.74697875976562,112.7300033569336,52.279388427734375
2015-10-21,168.74545288085938,84.03496551513672,111.7300033569336,52.08601379394531
2015-10-22,171.59625244140625,84.12052917480469,111.69000244140625,52.543701171875
2015-10-23,173.47720336914062,83.64582061767578,111.5,52.034427642822266
2015-10-26,173.0509033203125,83.86370086669922,111.43000030517578,52.021541595458984
2015-10-27,172.7164764404297,84.07384490966797,111.68000030517578,52.00220489501953
2015-10-28,174.68104553222656,83.63804626464844,110.77999877929688,52.04731750488281
2015-10-29,174.58074951171875,83.1243896484375,109.72000122070312,51.97640609741211
2015-10-30,173.82833862304688,83.28783416748047,109.30000305175781,51.49938201904297
2015-11-02,175.88487243652344,83.04854583740234,108.58999633789062,52.59526062011719
2015-11-03,176.39486694335938,82.830322265625,106.9800033569336,52.066650390625
2015-11-04,175.85980224609375,82.7446060180664,105.97000122070312,51.834590911865234
2015-11-05,175.68426513671875,82.68998718261719,105.63999938964844,52.0408821105957
2015-11-06,175.59226989746094,82.1287612915039,104.0999984741211,50.4228630065918
2015-11-09,173.95372009277344,81.98848724365234,104.4000015258789,49.559059143066406
2015-11-10,174.35499572753906,82.14437103271484,104.18000030517578,50.12632369995117
2015-11-11,173.6694793701172,82.10540008544922,103.83000183105469,50.18435287475586
2015-11-12,171.24508666992188,82.1521987915039,103.8499984741211,49.842681884765625
2015-11-13,169.32232666015625,82.4639663696289,103.55999755859375,49.27543258666992
2015-11-16,171.897216796875,82.57312774658203,103.70999908447266,49.842681884765625
2015-11-17,171.77183532714844,82.54971313476562,102.33999633789062,49.842681884765625
2015-11-18,174.4971466064453,82.51074981689453,102.43000030517578,50.281044006347656
2015-11-19,174.34664916992188,82.68998718261719,103.55999755859375,50.435752868652344
2015-11-20,174.9819793701172,82.58087921142578,103.08999633789062,51.06748580932617
2015-11-23,174.78143310546875,82.68998718261719,102.26000213623047,51.17708206176758
2015-11-24,175.01544189453125,82.76791381835938,102.94000244140625,50.906333923339844
2015-11-25,174.9904022216797,82.81470489501953,102.45999908447266,51.11262130737305
2015-11-27,175.19102478027344,82.90044403076172,101.25,51.55741500854492
2015-11-30,174.46372985839844,82.93161010742188,101.91999816894531,51.17708206176758
2015-12-01,176.12730407714844,83.37268829345703,102.27999877929688,51.88615417480469
2015-12-02,174.3298797607422,83.1385269165039,100.69000244140625,50.828975677490234
2015-12-03,171.8888397216797,82.26417541503906,101.76000213623047,50.02964401245117
2015-12-04,175.2411651611328,82.56864166259766,104.0199966430664,50.983673095703125
2015-12-07,174.17945861816406,82.83406066894531,102.66999816894531,50.84187316894531
2015-12-08,173.009033203125,82.88086700439453,102.83999633789062,50.79674530029297
2015-12-09,171.66311645507812,83.00579071044922,102.63999938964844,50.51310348510742
2015-12-10,172.106201171875,82.82624816894531,102.55000305175781,50.152122497558594
2015-12-11,168.77056884765625,83.48979949951172,103.11000061035156,50.06187438964844
2015-12-14,169.62332153320312,82.87311553955078,101.79000091552734,50.29391860961914
2015-12-15,171.40394592285156,82.66227722167969,101.5199966430664,50.84187316894531
2015-12-16,173.9119415283203,82.44373321533203,102.75,51.834590911865234
2015-12-17,171.26182556152344,82.78722381591797,100.5,51.57674026489258
2015-12-18,168.21087646484375,83.08384704589844,102.04000091552734,50.97724914550781
2015-12-21,169.59837341308594,83.1229019165039,103.1500015258789,51.17708206176758
2015-12-22,171.1373748779297,82.88866424560547,102.61000061035156,51.38334655761719
2015-12-23,173.256591796875,82.70137786865234,102.30999755859375,51.91147994995117
2015-12-24,172.97067260742188,82.85302734375,103.05000305175781,51.91147994995117
2015-12-28,172.575439453125,82.8686752319336,102.2699966430664,52.199092864990234
2015-12-29,174.4171600341797,82.4308090209961,102.19999694824219,52.75468063354492
2015-12-30,173.1809539794922,82.46211242675781,101.41999816894531,52.57167434692383
2015-12-31,171.44851684570312,82.55589294433594,101.45999908447266,52.11411666870117
2016-01-04,169.0518035888672,82.9076919555664,102.88999938964844,51.48662567138672
2016-01-05,169.3376922607422,82.88427734375,103.18000030517578,52.48014831542969
2016-01-06,167.20167541503906,83.38470458984375,104.66999816894531,52.33633804321289
2016-01-07,163.19020080566406,83.56451416015625,106.1500015258789,51.316688537597656
2016-01-08,161.39894104003906,83.77562713623047,105.68000030517578,50.630348205566406
2016-01-11,161.55873107910156,83.50975036621094,104.73999786376953,50.91795349121094
2016-01-12,162.8622283935547,83.88507080078125,104.20999908447266,50.57805252075195
2016-01-13,158.80030822753906,84.21342468261719,104.72000122070312,49.85254669189453
2016-01-14,161.40731811523438,84.04144287109375,103.0199966430664,49.73489761352539
2016-01-15,157.9425506591797,84.432373046875,104.08000183105469,49.39500045776367
2016-01-19,158.15280151367188,84.32291412353516,103.9800033569336,49.65645980834961
2016-01-20,156.12606811523438,84.73731231689453,105.37000274658203,48.32304763793945
2016-01-21,157.00067138671875,84.52619171142578,105.48999786376953,48.59104537963867
2016-01-22,160.22157287597656,84.33854675292969,105.0,49.94405746459961
2016-01-25,157.799560546875,84.62002563476562,106.08000183105469,49.63032531738281
2016-01-26,159.9524688720703,84.68256378173828,107.29000091552734,50.66958236694336
2016-01-27,158.211669921875,84.7450942993164,107.69000244140625,49.68913269042969
2016-01-28,159.0357666015625,84.85458374023438,106.54000091552734,49.310035705566406
2016-01-29,162.91268920898438,85.30802917480469,106.94999694824219,50.32316970825195
2016-02-01,162.85385131835938,85.11149597167969,108.05000305175781,50.408138275146484
2016-02-02,159.9188232421875,85.71442413330078,108.08999633789062,49.95058822631836
2016-02-03,160.87753295898438,85.62045288085938,109.25,50.2839469909668
2016-02-04,161.12982177734375,85.82402801513672,110.56999969482422,50.31009292602539
2016-02-05,158.0602569580078,85.93362426757812,112.31999969482422,49.355796813964844
2016-02-08,155.93267822265625,86.57572174072266,113.83000183105469,47.94394302368164
2016-02-09,155.94105529785156,86.59137725830078,113.58000183105469,47.0615348815918
2016-02-10,155.8064727783203,86.84976196289062,114.45999908447266,47.388362884521484
2016-02-11,153.77978515625,87.24909973144531,119.05999755859375,46.715110778808594
2016-02-12,156.95021057128906,86.58354949951172,118.36000061035156,47.25107955932617
2016-02-16,159.5992431640625,86.32511901855469,114.7699966430664,48.12043762207031
2016-02-17,162.20631408691406,86.11373901367188,115.4800033569336,48.53220748901367
2016-02-18,161.54190063476562,86.51304626464844,118.29000091552734,49.02243423461914
2016-02-19,161.46620178222656,86.51304626464844,117.58000183105469,49.303497314453125
2016-02-22,163.8041229248047,86.42694091796875,115.48999786376953,49.77410125732422
2016-02-23,161.7353057861328,86.59921264648438,117.22000122070312,49.64337921142578
2016-02-24,162.47540283203125,86.59921264648438,117.61000061035156,49.584556579589844
2016-02-25,164.44325256347656,86.8575668334961,117.91999816894531,50.59769058227539
2016-02-26,164.06480407714844,86.43477630615234,117.11000061035156,50.33625030517578
2016-02-29,162.7781524658203,86.57572174072266,118.63999938964844,50.140140533447266
2016-03-01,166.60455322265625,85.8990249633789,117.7699966430664,51.55199432373047
2016-03-02,167.35296630859375,85.7500228881836,118.68000030517578,51.924564361572266
2016-03-03,168.00892639160156,85.85195922851562,120.7300033569336,52.199092864990234
2016-03-04,168.5555877685547,85.56182098388672,120.54000091552734,52.20562744140625
2016-03-07,168.69015502929688,85.38935089111328,121.13999938964844,52.3428840637207
2016-03-08,166.84841918945312,85.88335418701172,120.58000183105469,51.80691146850586
2016-03-09,167.67259216308594,85.546142578125,119.58000183105469,52.094505310058594
2016-03-10,167.8070831298828,85.24039459228516,121.5,51.90494918823242
2016-03-11,170.51504516601562,84.9972915649414,119.41000366210938,53.06842803955078
2016-03-14,170.29641723632812,85.06005096435547,117.87000274658203,53.074947357177734
2016-03-15,170.0188446044922,85.04436492919922,117.95999908447266,53.101097106933594
2016-03-16,171.00279235839844,85.49125671386719,120.58999633789062,53.74165725708008
2016-03-17,172.087646484375,85.58533477783203,120.12999725341797,54.499881744384766
2016-03-18,172.7639617919922,85.73436737060547,119.80000305175781,54.26456069946289
2016-03-21,173.00901794433594,85.49125671386719,118.95999908447266,53.77482604980469
2016-03-22,172.9160614013672,85.31092834472656,119.30999755859375,53.77482604980469
2016-03-23,171.77490234375,85.7030029296875,116.61000061035156,53.483978271484375
2016-03-24,171.69879150390625,85.61675262451172,116.33000183105469,53.503807067871094
2016-03-28,171.8002471923828,85.7422103881836,116.5999984741211,53.9863166809082
2016-03-29,173.38943481445312,86.3224105834961,118.76000213623047,55.15618896484375
2016-03-30,174.15020751953125,86.20482635498047,117.0999984741211,55.05043411254883
2016-03-31,173.72752380371094,86.51844787597656,117.63999938964844,55.38752746582031
2016-04-01,174.91099548339844,86.49333190917969,116.93000030517578,55.3148078918457
2016-04-04,174.34463500976562,86.59544372558594,116.1500015258789,55.23550033569336
2016-04-05,172.6033172607422,86.94093322753906,117.66000366210938,54.87196731567383
2016-04-06,174.48834228515625,86.75250244140625,116.94000244140625,55.004154205322266
2016-04-07,172.4004364013672,87.20012664794922,118.61000061035156,54.66045379638672
2016-04-08,172.86538696289062,87.0666275024414,118.43000030517578,54.96451950073242
2016-04-11,172.4595947265625,87.0509262084961,120.02999877929688,54.852149963378906
2016-04-12,174.065673828125,86.7053451538086,120.05000305175781,55.24870681762695
2016-04-13,175.8238983154297,86.7681655883789,118.7699966430664,55.004154205322266
2016-04-14,175.83233642578125,86.56402587890625,117.11000061035156,54.70012283325195
2016-04-15,175.63795471191406,86.8231430053711,117.91999816894531,55.10992431640625
2016-04-18,176.87213134765625,86.73675537109375,117.73999786376953,55.374298095703125
2016-04-19,177.43002319335938,86.59544372558594,119.58000183105469,55.40074157714844
2016-04-20,177.59912109375,86.1556396484375,118.97000122070312,54.46220779418945
2016-04-21,176.64385986328125,86.01429748535156,119.41999816894531,53.4906120300293
2016-04-22,176.64385986328125,85.92005920410156,117.88999938964844,54.07222366333008
2016-04-25,176.33949279785156,85.82581329345703,118.2300033569336,54.52167510986328
2016-04-26,176.60162353515625,85.64518737792969,118.69999694824219,54.733177185058594
2016-04-27,176.96505737304688,86.11638641357422,119.04000091552734,54.70012283325195
2016-04-28,175.35899353027344,86.41477966308594,121.29000091552734,54.5877571105957
2016-04-29,174.41226196289062,86.38338470458984,123.6500015258789,54.08544921875
2016-05-02,175.79861450195312,86.13250732421875,123.23999786376953,54.92484664916992
2016-05-03,174.26858520507812,86.64372253417969,122.95999908447266,55.010799407958984
2016-05-04,173.2964630126953,86.80101776123047,122.20999908447266,55.79729461669922
2016-05-05,173.26260375976562,87.03693389892578,122.06999969482422,55.955936431884766
2016-05-06,173.89659118652344,86.83243560791016,123.18000030517578,56.57062530517578
2016-05-09,174.04031372070312,86.99765014648438,120.6500015258789,57.191925048828125
2016-05-10,176.20428466796875,86.98190307617188,120.9800033569336,57.18526840209961
2016-05-11,174.5559844970703,87.11557006835938,122.12000274658203,55.96253204345703
2016-05-12,174.606689453125,86.8796615600586,121.16000366210938,56.286407470703125
2016-05-13,173.08511352539062,87.20993041992188,121.70999908447266,55.78409194946289
2016-05-16,174.79258728027344,86.8953628540039,121.80000305175781,56.312835693359375
2016-05-17,173.1612091064453,86.77742004394531,122.22000122070312,55.26854705810547
2016-05-18,173.21192932128906,86.07746124267578,120.0999984741211,54.40270233154297
2016-05-19,172.6117706298828,86.16395568847656,119.87000274658203,53.79461669921875
2016-05-20,173.70220947265625,86.21903228759766,119.70999908447266,54.224239349365234
2016-05-23,173.46556091308594,86.2740707397461,119.37000274658203,54.23084259033203
2016-05-24,175.71405029296875,86.13250732421875,117.30000305175781,54.905025482177734
2016-05-25,176.90591430664062,86.09317779541016,116.9800033569336,54.905025482177734
2016-05-26,176.9565887451172,86.36061096191406,116.58000183105469,55.010799407958984
2016-05-27,177.71739196777344,86.19544219970703,115.62000274658203,55.308204650878906
2016-05-31,177.37924194335938,86.29765319824219,116.05999755859375,55.301605224609375
2016-06-01,177.74273681640625,86.26850891113281,115.94000244140625,55.34785461425781
2016-06-02,178.2837677001953,86.53631591796875,115.66999816894531,55.63206481933594
2016-06-03,177.75125122070312,87.33968353271484,118.87999725341797,55.85679626464844
2016-06-06,178.65573120117188,87.11131286621094,118.91999816894531,55.42716979980469
2016-06-07,178.93466186523438,87.23731994628906,118.81999969482422,55.76426696777344
2016-06-08,179.5178985595703,87.33968353271484,120.58000183105469,56.12117004394531
2016-06-09,179.27276611328125,87.47355651855469,121.25,56.246761322021484
2016-06-10,177.57374572753906,87.78076934814453,121.73999786376953,55.98237991333008
2016-06-13,176.20428466796875,87.95403289794922,122.63999938964844,55.995601654052734
2016-06-14,175.8577117919922,87.93043518066406,122.7699966430664,55.85019302368164
2016-06-15,175.6125946044922,88.1982192993164,123.68000030517578,56.378929138183594
2016-06-16,176.13665771484375,88.2927017211914,122.37999725341797,56.696205139160156
2016-06-17,175.480712890625,87.99340057373047,123.94999694824219,56.60366439819336
2016-06-20,176.61083984375,87.61537170410156,123.20999908447266,56.682987213134766
2016-06-21,177.1121368408203,87.41845703125,120.83999633789062,56.89906692504883
2016-06-22,176.82325744628906,87.5917739868164,120.9000015258789,56.81235885620117
2016-06-23,179.12596130371094,87.17431640625,120.11000061035156,57.099117279052734
2016-06-24,172.69363403320312,88.37936401367188,126.0,56.59228515625
2016-06-27,169.6007537841797,89.14336395263672,126.68000030517578,56.63230895996094
2016-06-28,172.65969848632812,89.12760162353516,125.31999969482422,57.826026916503906
2016-06-29,175.5996551513672,88.76530456542969,125.83999633789062,58.52626037597656
2016-06-30,177.99583435058594,88.96220397949219,126.47000122070312,59.13311767578125
2016-07-01,178.3697052001953,89.19725036621094,128.41000366210938,59.15313720703125
2016-07-05,177.08663940429688,89.68621826171875,129.47000122070312,59.80669021606445
2016-07-06,178.14874267578125,89.70201110839844,130.22999572753906,59.546573638916016
2016-07-07,178.0382843017578,89.5837173461914,129.74000549316406,58.93306350708008
2016-07-08,180.68934631347656,89.75721740722656,130.52000427246094,59.88671875
2016-07-11,181.32662963867188,89.28401947021484,129.2899932861328,60.2868537902832
2016-07-12,182.64373779296875,88.75556182861328,127.1500015258789,60.28017807006836
2016-07-13,182.6182098388672,88.98428344726562,128.32000732421875,60.61363220214844
2016-07-14,183.63784790039062,88.61354064941406,127.33000183105469,60.073448181152344
2016-07-15,183.39146423339844,88.2744140625,126.83999633789062,60.09347915649414
2016-07-18,183.88429260253906,88.25077056884766,127.04000091552734,60.25351333618164
2016-07-19,183.6973419189453,88.48739624023438,127.20999908447266,60.54692840576172
2016-07-20,184.4620819091797,88.30596160888672,125.38999938964844,60.55360794067383
2016-07-21,183.76528930664062,88.5031509399414,127.30000305175781,60.673641204833984
2016-07-22,184.5895233154297,88.43215942382812,126.3499984741211,61.20717239379883
2016-07-25,184.08819580078125,88.36119842529297,125.47000122070312,61.09379196166992
2016-07-26,184.17320251464844,88.41638946533203,126.0,60.7936897277832
2016-07-27,183.97776794433594,88.79500579833984,128.02999877929688,60.320194244384766
2016-07-28,184.19020080566406,88.8423080444336,127.66000366210938,60.88037109375
2016-07-29,184.4875946044922,89.18148040771484,128.97999572753906,61.653987884521484
2016-08-01,184.33460998535156,88.87187957763672,129.22000122070312,61.78736114501953
2016-08-02,183.15353393554688,88.6585922241211,130.27000427246094,60.80036544799805
2016-08-03,183.6888427734375,88.70600891113281,129.64999389648438,60.446895599365234
2016-08-04,183.88429260253906,88.91925048828125,129.8699951171875,60.20014572143555
2016-08-05,185.3882598876953,88.3663330078125,127.55000305175781,60.240177154541016
2016-08-08,185.2777862548828,88.31898498535156,127.44000244140625,60.34687423706055
2016-08-09,185.3882598876953,88.63489532470703,127.95999908447266,60.673641204833984
2016-08-10,184.92941284179688,88.87187957763672,128.55999755859375,60.60694122314453
2016-08-11,185.78765869140625,88.44535827636719,127.66999816894531,59.9200439453125
2016-08-12,185.6261444091797,88.76126098632812,127.4000015258789,60.17348861694336
2016-08-15,186.16146850585938,88.5006103515625,127.83999633789062,60.11344909667969
2016-08-16,185.20135498046875,88.35057830810547,128.47000122070312,59.39322280883789
2016-08-17,185.54969787597656,88.49274444580078,128.5,59.633296966552734
2016-08-18,185.966064453125,88.65070343017578,129.11000061035156,59.41322708129883
2016-08-19,185.69415283203125,88.35057830810547,127.97000122070312,59.033084869384766
2016-08-22,185.68563842773438,88.54801940917969,127.77999877929688,59.35320281982422
2016-08-23,186.05947875976562,88.5401382446289,127.76000213623047,59.38656234741211
2016-08-24,185.10789489746094,88.50849914550781,126.33999633789062,59.1264533996582
2016-08-25,184.9804229736328,88.3663330078125,126.2300033569336,59.39322280883789
2016-08-26,184.6320343017578,88.02671813964844,126.05000305175781,58.80635070800781
2016-08-29,185.54122924804688,88.39006805419922,126.30000305175781,59.38656234741211
2016-08-30,185.23532104492188,88.3821792602539,125.02999877929688,59.273162841796875
2016-08-31,184.70846557617188,88.27948760986328,124.77999877929688,59.33321762084961
2016-09-01,184.7169647216797,88.4178695678711,125.29000091552734,59.18647384643555
2016-09-02,185.54969787597656,88.18852996826172,126.56999969482422,59.69999313354492
2016-09-06,186.11048889160156,88.59979248046875,128.7100067138672,60.160125732421875
2016-09-07,186.09347534179688,88.6472396850586,128.27000427246094,60.5202522277832
2016-09-08,185.66864013671875,88.21222686767578,127.58999633789062,59.780033111572266
2016-09-09,181.22470092773438,87.79304504394531,126.75,57.41254425048828
2016-09-12,183.8247833251953,87.87216186523438,126.58999633789062,58.092777252197266
2016-09-13,181.1822509765625,87.54791259765625,125.75,56.634300231933594
2016-09-14,181.1142120361328,87.74564361572266,126.18000030517578,56.815582275390625
2016-09-15,182.92410278320312,87.7693099975586,125.37000274658203,57.03047180175781
2016-09-16,182.2169647216797,87.86426544189453,125.05999755859375,57.057315826416016
2016-09-19,182.25115966796875,87.7139892578125,125.31999969482422,57.574363708496094
2016-09-20,182.2596893310547,87.84841918945312,125.44000244140625,57.48708724975586
2016-09-21,184.3092803955078,87.9907455444336,127.2699966430664,58.225738525390625
2016-09-22,185.47071838378906,88.25179290771484,127.56999969482422,59.26656723022461
2016-09-23,184.4544677734375,88.29132843017578,127.6500015258789,59.4478645324707
2016-09-26,182.95997619628906,88.54443359375,127.55000305175781,59.58888626098633
2016-09-27,184.0957489013672,88.69474029541016,126.62000274658203,58.957698822021484
2016-09-28,185.0095977783203,88.6551513671875,126.22000122070312,59.44114685058594
2016-09-29,183.33572387695312,88.71055603027344,126.06999969482422,58.64877700805664
2016-09-30,184.71925354003906,88.48904418945312,125.63999938964844,58.245880126953125
2016-10-03,184.2751007080078,88.28314971923828,125.31999969482422,57.15805435180664
2016-10-04,183.33572387695312,87.87921905517578,120.97000122070312,56.37910079956055
2016-10-05,184.14698791503906,87.6812515258789,120.77999877929688,55.237571716308594
2016-10-06,184.2751007080078,87.49909973144531,119.66000366210938,55.25771713256836
2016-10-07,183.6431427001953,87.62582397460938,119.73999786376953,55.1636848449707
2016-10-10,184.5996551513672,87.39613342285156,120.16000366210938,55.506187438964844
2016-10-11,182.2682342529297,87.37235260009766,119.55000305175781,54.96896743774414
2016-10-12,182.50738525390625,87.37235260009766,119.73999786376953,55.600196838378906
2016-10-13,181.9095458984375,87.55452728271484,120.02999877929688,56.036643981933594
2016-10-14,182.00350952148438,87.2852783203125,119.36000061035156,55.78820037841797
2016-10-17,181.37156677246094,87.47533416748047,119.68000030517578,55.9090690612793
2016-10-18,182.50738525390625,87.64959716796875,120.41999816894531,56.264949798583984
2016-10-19,182.9941864013672,87.68913269042969,121.11000061035156,56.38581848144531
2016-10-20,182.6525421142578,87.6099624633789,120.73999786376953,56.258235931396484
2016-10-21,182.73793029785156,87.70501708984375,120.83000183105469,56.050086975097656
2016-10-24,183.51510620117188,87.5862045288086,120.55999755859375,56.17767333984375
2016-10-25,182.90017700195312,87.57038879394531,121.47000122070312,56.07695388793945
2016-10-26,182.53294372558594,87.38029479980469,120.79000091552734,55.345008850097656
2016-10-27,182.04620361328125,87.07933807373047,121.01000213623047,53.89456558227539
2016-10-28,181.50820922851562,87.09513092041016,121.58000183105469,54.02213668823242
2016-10-31,181.51675415039062,87.16644287109375,121.94000244140625,54.901824951171875
2016-11-01,180.20155334472656,87.16968536376953,122.7300033569336,53.706546783447266
2016-11-02,179.11708068847656,87.43134307861328,123.63999938964844,52.92088317871094
2016-11-03,178.29718017578125,87.37580108642578,124.30000305175781,52.51126480102539
2016-11-04,178.10073852539062,87.6454849243164,124.38999938964844,52.92759323120117
2016-11-07,182.0291290283203,87.2806396484375,122.1500015258789,53.854270935058594
2016-11-08,182.84896850585938,86.97132873535156,121.63999938964844,54.136314392089844
2016-11-09,184.7875213623047,85.6468505859375,121.55999755859375,53.31709289550781
2016-11-10,185.2486572265625,85.13139343261719,119.75,52.423988342285156
2016-11-11,184.8216552734375,84.95687866210938,117.0999984741211,52.73957824707031
2016-11-14,184.9668426513672,84.4651107788086,116.11000061035156,53.988582611083984
2016-11-15,186.41009521484375,84.4651107788086,117.12000274658203,53.538658142089844
2016-11-16,186.05996704101562,84.54444122314453,116.7699966430664,53.38423538208008
2016-11-17,187.01646423339844,84.17167663574219,116.16999816894531,52.840301513671875
2016-11-18,186.59796142578125,83.7989501953125,115.1500015258789,52.994754791259766
2016-11-21,188.00698852539062,83.87031555175781,115.58000183105469,52.833587646484375
2016-11-22,188.3743133544922,83.94964599609375,115.54000091552734,53.76027297973633
2016-11-23,188.4767608642578,83.6482925415039,113.25,53.53194046020508
2016-11-25,189.1770782470703,83.57688903808594,112.61000061035156,53.84083938598633
2016-11-28,188.2889404296875,83.95755767822266,113.80000305175781,54.08929443359375
2016-11-29,188.6561279296875,84.04481506347656,113.2699966430664,54.60637283325195
2016-11-30,188.20355224609375,83.48175811767578,111.75,53.981868743896484
2016-12-01,187.51182556152344,83.16320037841797,111.54000091552734,53.189491271972656
2016-12-02,187.6056671142578,83.53649139404297,112.13999938964844,53.71997833251953
2016-12-05,188.73301696777344,83.5047607421875,111.54000091552734,54.116153717041016
2016-12-06,189.3307342529297,83.53649139404297,111.43000030517578,54.4653434753418
2016-12-07,191.807373046875,83.81449890136719,111.83000183105469,55.553165435791016
2016-12-08,192.277099609375,83.49679565429688,111.56999969482422,55.93590545654297
2016-12-09,193.43849182128906,83.06790161132812,110.4000015258789,55.8754768371582
2016-12-12,193.21646118164062,83.08380126953125,110.81999969482422,56.244834899902344
2016-12-13,194.50596618652344,83.1314697265625,110.44999694824219,56.21794891357422
2016-12-14,192.9004669189453,82.44049072265625,108.83000183105469,54.989112854003906
2016-12-15,193.6946563720703,82.21014404296875,107.33999633789062,54.666805267333984
2016-12-16,193.31585693359375,82.31340026855469,108.05000305175781,55.48601150512695
2016-12-19,193.7367706298828,82.69461059570312,108.58999633789062,56.08365249633789
2016-12-20,194.48416137695312,82.51993560791016,107.79000091552734,56.211246490478516
2016-12-21,193.9429931640625,82.6549072265625,107.8499984741211,55.35844421386719
2016-12-22,193.60794067382812,82.6191177368164,107.58999633789062,55.2658805847168
2016-12-23,193.89141845703125,82.69871520996094,107.93000030517578,55.40985107421875
2016-12-27,194.3724822998047,82.57933807373047,108.55999755859375,55.52638626098633
2016-12-28,192.76609802246094,82.88163757324219,108.86000061035156,55.19046401977539
2016-12-29,192.72315979003906,83.13619995117188,110.29000091552734,55.87606430053711
2016-12-30,192.01870727539062,83.38279724121094,109.61000061035156,56.58222961425781
2017-01-03,193.4877166748047,83.34298706054688,110.47000122070312,56.76735305786133
2017-01-04,194.63876342773438,83.43844604492188,110.86000061035156,57.59687805175781
2017-01-05,194.48416137695312,83.97941589355469,112.58000183105469,57.78200149536133
2017-01-06,195.17999267578125,83.59754943847656,111.75,57.78887176513672
2017-01-09,194.53573608398438,83.915771484375,112.66999816894531,57.267818450927734
2017-01-10,194.53573608398438,83.87600708007812,113.1500015258789,56.78104782104492
2017-01-11,195.08544921875,83.97144317626953,113.5,56.431396484375
2017-01-12,194.59579467773438,84.0191879272461,113.91000366210938,56.7193489074707
2017-01-13,195.0425262451172,83.83621215820312,114.20999908447266,56.63706588745117
2017-01-17,194.3552703857422,84.25782775878906,115.8499984741211,57.075843811035156
2017-01-18,194.78482055664062,83.66119384765625,114.87000274658203,57.171844482421875
2017-01-19,194.06321716308594,83.34298706054688,114.7699966430664,56.58908462524414
2017-01-20,194.77626037597656,83.38279724121094,115.05000305175781,57.00042724609375
2017-01-23,194.26939392089844,83.8202896118164,115.79000091552734,57.480350494384766
2017-01-24,195.51498413085938,83.50212097167969,115.2699966430664,57.49407196044922
2017-01-25,197.20726013183594,83.0884780883789,114.31999969482422,57.11698532104492
2017-01-26,197.00112915039062,83.19982147216797,113.26000213623047,57.007301330566406
2017-01-27,196.6918487548828,83.3031997680664,113.48999786376953,56.45195388793945
2017-01-30,195.4720458984375,83.27937316894531,113.97000122070312,56.06801223754883
2017-01-31,195.4548797607422,83.56575012207031,115.55000305175781,56.47251892089844
2017-02-01,195.5321502685547,83.40562438964844,115.19999694824219,55.79378890991211
2017-02-02,195.66098022460938,83.43750762939453,115.83999633789062,56.45881271362305
2017-02-03,197.0096893310547,83.50117492675781,116.12999725341797,56.76735305786133
2017-02-06,196.65745544433594,83.8995590209961,117.69999694824219,56.67136001586914
2017-02-07,196.66616821289062,84.05096435546875,117.45999908447266,56.47251892089844
2017-02-08,196.92384338378906,84.39347839355469,118.19000244140625,56.91817855834961
2017-02-09,198.09207153320312,83.89163208007812,117.29000091552734,57.0552864074707
2017-02-10,198.87374877929688,83.83580780029297,117.5999984741211,57.45978546142578
2017-02-13,199.95614624023438,83.7083740234375,116.80000305175781,57.480350494384766
2017-02-14,200.7550811767578,83.40562438964844,116.93000030517578,57.17867660522461
2017-02-15,201.80308532714844,83.24629211425781,117.44999694824219,56.986724853515625
2017-02-16,201.63125610351562,83.58092498779297,118.08000183105469,57.32267379760742
2017-02-17,201.94908142089844,83.8039779663086,117.68000030517578,57.43235778808594
2017-02-21,203.15176391601562,83.76414489746094,117.75,58.16595458984375
2017-02-22,202.97137451171875,83.8995590209961,117.91000366210938,57.97397232055664
2017-02-23,203.10874938964844,84.12266540527344,118.94000244140625,58.275657653808594
2017-02-24,203.36651611328125,84.51300811767578,119.69999694824219,58.54988479614258
2017-02-27,203.68438720703125,84.2102279663086,119.12000274658203,58.85837936401367
2017-02-28,203.13453674316406,84.17045593261719,119.2300033569336,58.45389175415039
2017-03-01,205.97792053222656,83.58406066894531,119.05999755859375,58.275657653808594
2017-03-02,204.68080139160156,83.34471130371094,117.58000183105469,57.96026611328125
2017-03-03,204.80970764160156,83.42449951171875,117.51000213623047,57.734039306640625
2017-03-06,204.19984436035156,83.40852355957031,116.72000122070312,57.4734992980957
2017-03-07,203.58985900878906,83.28889465332031,115.77999877929688,57.199283599853516
2017-03-08,203.21194458007812,83.00965118408203,115.05999755859375,56.14345169067383
2017-03-09,203.46961975097656,82.77831268310547,114.47000122070312,55.300174713134766
2017-03-10,204.1826171875,82.95381164550781,114.72000122070312,55.128746032714844
2017-03-13,204.2856903076172,82.74640655517578,114.73999786376953,55.2658805847168
2017-03-14,203.50396728515625,82.8341293334961,114.12000274658203,55.25216293334961
2017-03-15,205.2649688720703,83.56011199951172,116.25,56.36967086791992
2017-03-16,204.86122131347656,83.32878875732422,116.7300033569336,56.25996780395508
2017-03-17,204.50146484375,83.55217742919922,116.98999786376953,56.52053451538086
2017-03-20,204.27713012695312,83.75163269042969,117.51000213623047,56.47251892089844
2017-03-21,201.654296875,84.03084564208984,118.54000091552734,56.22571563720703
2017-03-22,202.12884521484375,84.19037628173828,118.83000183105469,56.19464111328125
2017-03-23,201.91314697265625,84.10261535644531,118.66999816894531,56.608978271484375
2017-03-24,201.7664794921875,84.15046691894531,118.86000061035156,56.54685974121094
2017-03-27,201.5594024658203,84.3579330444336,119.52999877929688,56.035789489746094
2017-03-28,203.02609252929688,84.07070922851562,119.04000091552734,56.27751159667969
2017-03-29,203.21592712402344,84.31005859375,119.33000183105469,56.595184326171875
2017-03-30,203.86297607421875,84.07070922851562,118.47000122070312,56.69877243041992
2017-03-31,203.38848876953125,84.23828125,118.72000122070312,57.037139892578125
2017-04-03,203.03468322753906,84.65289306640625,119.3499984741211,57.20293426513672
2017-04-04,203.16412353515625,84.53309631347656,119.62000274658203,57.20293426513672
2017-04-05,202.5602264404297,84.69288635253906,119.62000274658203,57.285789489746094
2017-04-06,203.12960815429688,84.63695526123047,119.18000030517578,57.58967208862305
2017-04-07,202.922607421875,84.38127899169922,119.45999908447266,57.67253875732422
2017-04-10,203.04336547851562,84.53309631347656,119.45999908447266,58.031654357910156
2017-04-11,202.80181884765625,84.92455291748047,121.19000244140625,58.43221664428711
2017-04-12,201.91314697265625,85.18826293945312,122.0199966430664,58.32859802246094
2017-04-13,200.60177612304688,85.44393157958984,122.5999984741211,58.19740295410156
2017-04-17,202.37904357910156,85.30814361572266,122.23999786376953,58.90181350708008
2017-04-18,201.7751007080078,85.79544067382812,122.81999969482422,59.06065368652344
2017-04-19,201.40414428710938,85.57173156738281,121.7300033569336,58.977779388427734
2017-04-20,203.04336547851562,85.37995910644531,121.95999908447266,58.98468780517578
2017-04-21,202.3962860107422,85.41998291015625,122.30999755859375,58.77060317993164
2017-04-24,204.62220764160156,85.24417877197266,121.4800033569336,58.12142562866211
2017-04-25,205.81285095214844,84.8047866821289,120.25,58.36314392089844
2017-04-26,205.6834259033203,85.02848052978516,120.83999633789062,57.928043365478516
2017-04-27,205.8560333251953,85.08438873291016,120.38999938964844,57.77614212036133
2017-04-28,205.4073028564453,85.17230224609375,120.7699966430664,57.1752815246582
2017-05-01,205.9250030517578,84.98821258544922,119.66999816894531,57.513675689697266
2017-05-02,206.00267028808594,85.16426086425781,119.6500015258789,57.416996002197266
2017-05-03,205.7524871826172,84.98821258544922,117.9800033569336,56.65043258666992
2017-05-04,205.9940185546875,84.79623413085938,116.79000091552734,56.37419891357422
2017-05-05,206.80503845214844,84.81217193603516,117.01000213623047,56.90595245361328
2017-05-08,206.7705535888672,84.6041488647461,116.75,56.50540542602539
2017-05-09,206.58074951171875,84.50812530517578,116.05000305175781,56.20154571533203
2017-05-10,206.95167541503906,84.47612762451172,116.04000091552734,56.64353942871094
2017-05-11,206.52896118164062,84.5401382446289,116.5,56.360374450683594
2017-05-12,206.18385314941406,84.97225952148438,116.83000183105469,56.132469177246094
2017-05-15,207.32269287109375,84.91620635986328,117.13999938964844,56.29823303222656
2017-05-16,207.1328582763672,85.02826690673828,117.6500015258789,55.91838455200195
2017-05-17,203.45745849609375,85.70841217041016,119.79000091552734,56.14628601074219
2017-05-18,204.27713012695312,85.68437194824219,118.80999755859375,56.45707702636719
2017-05-19,205.60577392578125,85.66036224365234,119.4000015258789,56.76092529296875
2017-05-22,206.6497344970703,85.56439208984375,119.9000015258789,56.98193359375
2017-05-23,207.1070098876953,85.34033966064453,119.13999938964844,57.0302619934082
2017-05-24,207.5901641845703,85.51636505126953,119.61000061035156,57.49296951293945
2017-05-25,208.5823211669922,85.56439208984375,119.4800033569336,57.49989318847656
2017-05-26,208.5391845703125,85.62040710449219,120.54000091552734,57.08552932739258
2017-05-30,208.35801696777344,85.83643341064453,120.13999938964844,56.72639846801758
2017-05-31,208.30624389648438,85.87642669677734,120.62000274658203,56.76092529296875
2017-06-01,209.96275329589844,85.83157348632812,120.72000122070312,57.05789566040039
2017-06-02,210.66156005859375,86.20823669433594,121.61000061035156,57.6449089050293
2017-06-05,210.50628662109375,86.06398010253906,121.7300033569336,57.396297454833984
2017-06-06,209.8333282470703,86.33646392822266,123.0999984741211,57.12005615234375
2017-06-07,210.22161865234375,86.17618560791016,122.44999694824219,57.52059555053711
2017-06-08,210.32510375976562,86.0399398803711,121.6500015258789,57.382484436035156
2017-06-09,210.00587463378906,85.95978546142578,120.54000091552734,57.78303527832031
2017-06-12,209.96275329589844,85.94373321533203,120.36000061035156,58.300987243652344
2017-06-13,210.98947143554688,85.97576141357422,120.4800033569336,58.43221664428711
2017-06-14,210.7220001220703,86.42457580566406,119.81999969482422,58.51509475708008
2017-06-15,210.31651306152344,86.27235412597656,119.31999969482422,58.81203842163086
2017-06-16,210.3624267578125,86.32044982910156,119.33999633789062,58.660099029541016
2017-06-19,212.1137237548828,86.08000183105469,118.43000030517578,58.666996002197266
2017-06-20,210.6832275390625,86.29638671875,118.18000030517578,58.52890396118164
2017-06-21,210.6312255859375,86.28841400146484,118.5199966430664,58.41147994995117
2017-06-22,210.53582763671875,86.36847686767578,118.91999816894531,58.466732025146484
2017-06-23,210.78726196289062,86.39253234863281,119.43000030517578,58.669620513916016
2017-06-26,210.9259033203125,86.46471405029297,118.36000061035156,59.08796310424805
2017-06-27,209.22671508789062,86.0399398803711,118.80999755859375,58.55806350708008
2017-06-28,211.09938049316406,85.95978546142578,118.9000015258789,58.6974983215332
2017-06-29,209.2440948486328,85.63922119140625,118.31999969482422,58.02819061279297
2017-06-30,209.6341552734375,85.43889617919922,118.0199966430664,58.02819061279297
2017-07-03,209.9897003173828,85.12505340576172,116.08999633789062,58.76723098754883
2017-07-05,210.47515869140625,85.18923950195312,116.5199966430664,57.93756103515625
2017-07-06,208.5504608154297,85.02874755859375,116.47000122070312,56.84989547729492
2017-07-07,209.9029541015625,84.89228057861328,115.27999877929688,57.170631408691406
2017-07-10,210.12835693359375,85.00466918945312,115.47000122070312,56.64772415161133
2017-07-11,209.97232055664062,85.11701965332031,115.62000274658203,56.58498764038086
2017-07-12,211.55018615722656,85.36585998535156,116.02999877929688,57.28218460083008
2017-07-13,211.90562438964844,85.27754974365234,115.81999969482422,57.372825622558594
2017-07-14,212.89402770996094,85.39793395996094,116.7699966430664,57.923622131347656
2017-07-17,212.8679656982422,85.50227355957031,117.29000091552734,58.3907356262207
2017-07-18,212.98068237304688,85.81529235839844,118.11000061035156,58.26523208618164
2017-07-19,214.1337432861328,85.81529235839844,118.08000183105469,58.704463958740234
2017-07-20,214.22914123535156,85.83936309814453,118.23999786376953,58.432552337646484
2017-07-21,214.0384521484375,85.99187469482422,119.26000213623047,58.3907356262207
2017-07-24,213.9863739013672,85.93568420410156,119.30999755859375,58.27918243408203
2017-07-25,214.50662231445312,85.45411682128906,118.91999816894531,58.355873107910156
2017-07-26,214.51522827148438,85.72699737548828,119.87999725341797,58.7602653503418
2017-07-27,214.3158721923828,85.59056091308594,119.79000091552734,58.82996368408203
2017-07-28,214.06439208984375,85.73502349853516,120.69000244140625,58.669620513916016
2017-07-31,213.94300842285156,85.75912475585938,120.75,58.746307373046875
2017-08-01,214.419921875,85.97213745117188,120.6500015258789,59.01124572753906
2017-08-02,214.52392578125,85.89173126220703,120.4000015258789,58.47440719604492
2017-08-03,214.10777282714844,86.189208984375,120.58999633789062,58.355873107910156
2017-08-04,214.49789428710938,85.9560546875,119.6500015258789,58.551082611083984
2017-08-07,214.896728515625,86.00426483154297,119.51000213623047,58.488338470458984
2017-08-08,214.36785888671875,85.93191528320312,119.86000061035156,58.209449768066406
2017-08-09,214.35916137695312,86.03643035888672,121.30999755859375,58.014244079589844
2017-08-10,211.3334503173828,86.35797119140625,122.20999908447266,57.59592819213867
2017-08-11,211.6455841064453,86.4544448852539,122.79000091552734,57.24034881591797
2017-08-14,213.74365234375,86.24545288085938,121.91999816894531,58.195518493652344
2017-08-15,213.71762084960938,85.98818969726562,120.9800033569336,58.02123260498047
2017-08-16,214.0904083251953,86.14895629882812,121.87000274658203,58.25129699707031
2017-08-17,210.75259399414062,86.4544448852539,122.48999786376953,57.888755798339844
2017-08-18,210.4231414794922,86.47053527832031,122.30000305175781,57.303096771240234
2017-08-21,210.58787536621094,86.52681732177734,122.76000213623047,57.916648864746094
2017-08-22,212.7899932861328,86.35797119140625,122.20999908447266,57.74932098388672
2017-08-23,212.0270233154297,86.65542602539062,122.66999816894531,58.34193801879883
2017-08-24,211.53286743164062,86.51875305175781,122.29000091552734,58.16066360473633
2017-08-25,212.0270233154297,86.66341400146484,122.73999786376953,58.439544677734375
2017-08-28,212.0356903076172,86.74384307861328,124.69000244140625,57.99332046508789
2017-08-29,212.27847290039062,86.94479370117188,124.41999816894531,57.93058395385742
2017-08-30,213.2841339111328,86.87248229980469,124.36000061035156,58.25825500488281
2017-08-31,214.56729125976562,87.00911712646484,125.81999969482422,58.59292984008789
2017-09-01,214.8707275390625,86.75310516357422,126.05999755859375,58.79511260986328
2017-09-05,213.32749938964844,87.35686492919922,127.45999908447266,58.63475036621094
2017-09-06,214.05577087402344,87.1475601196289,126.80999755859375,58.788143157958984
2017-09-07,214.0297393798828,87.52595520019531,128.1300048828125,59.16462707519531
2017-09-08,213.77833557128906,87.46155548095703,127.97000122070312,59.21345138549805
2017-09-11,216.05848693847656,86.96241760253906,126.19000244140625,59.75724411010742
2017-09-12,216.7866973876953,86.75310516357422,126.55999755859375,59.05308151245117
2017-09-13,216.8907470703125,86.57603454589844,125.61000061035156,58.89970397949219
2017-09-14,216.82138061523438,86.59209442138672,126.16000366210938,59.387725830078125
2017-09-15,217.11325073242188,86.69672393798828,125.52999877929688,59.49928665161133
2017-09-18,217.57501220703125,86.35862731933594,124.36000061035156,59.17856979370117
2017-09-19,217.79286193847656,86.26202392578125,124.62000274658203,58.788143157958984
2017-09-20,217.8712921142578,86.09294128417969,123.62000274658203,58.627769470214844
2017-09-21,217.28756713867188,85.98027038574219,122.68000030517578,58.51622009277344
2017-09-22,217.3311004638672,86.13319396972656,123.23999786376953,58.10346603393555
2017-09-25,216.88673400878906,86.39082336425781,124.52999877929688,58.44157409667969
2017-09-26,217.01744079589844,86.31837463378906,123.13999938964844,58.540184020996094
2017-09-27,217.8625946044922,85.8756103515625,121.9800033569336,58.01190948486328
2017-09-28,218.1239471435547,85.8595199584961,122.20999908447266,58.4063606262207
2017-09-29,218.89071655273438,85.75482177734375,121.58000183105469,58.526092529296875
2017-10-02,219.84036254882812,85.65726470947266,120.7699966430664,58.44157409667969
2017-10-03,220.31085205078125,85.77821350097656,120.83000183105469,58.3570442199707
2017-10-04,220.57223510742188,85.7540054321289,121.16999816894531,58.65288543701172
2017-10-05,221.87916564941406,85.66536712646484,120.5199966430664,58.86418151855469
2017-10-06,221.62649536132812,85.560546875,121.08999633789062,58.67401123046875
2017-10-09,221.2605438232422,85.65726470947266,122.08000183105469,58.814903259277344
2017-10-10,221.84426879882812,85.68952941894531,122.4000015258789,58.990989685058594
2017-10-11,222.1928253173828,85.78628540039062,122.79000091552734,59.188194274902344
2017-10-12,221.8616943359375,85.86691284179688,122.88999938964844,59.56856918334961
2017-10-13,222.13180541992188,86.1571273803711,123.81999969482422,59.72352600097656
2017-10-16,222.42807006835938,86.01206970214844,122.97000122070312,59.42767333984375
2017-10-17,222.58485412597656,85.97977447509766,122.12999725341797,59.49812698364258
2017-10-18,222.80271911621094,85.7620620727539,121.66999816894531,59.434730529785156
2017-10-19,222.86367797851562,85.85077667236328,122.38999938964844,59.25862503051758
2017-10-20,224.0137481689453,85.49605560302734,121.61000061035156,58.920536041259766
2017-10-23,223.14251708984375,85.57661437988281,121.80000305175781,58.69514083862305
2017-10-24,223.53456115722656,85.31863403320312,121.33000183105469,58.34295654296875
2017-10-25,222.42807006835938,85.18153381347656,121.3499984741211,58.17390823364258
2017-10-26,222.71554565429688,85.0687026977539,120.33000183105469,57.69496154785156
2017-10-27,224.5365447998047,85.34283447265625,120.9000015258789,57.95556640625
2017-10-30,223.7001190185547,85.64920806884766,121.12999725341797,57.90625
2017-10-31,224.04861450195312,85.59278869628906,120.66999816894531,57.899192810058594
2017-11-01,224.34486389160156,85.64444732666016,121.11000061035156,58.18094253540039
2017-11-02,224.4319610595703,85.75752258300781,121.19000244140625,58.67401123046875
2017-11-03,225.18128967285156,85.89476776123047,120.62000274658203,58.526092529296875
2017-11-06,225.52981567382812,85.99974060058594,121.6500015258789,58.920536041259766
2017-11-07,225.3729705810547,86.03203582763672,121.20999908447266,59.39951705932617
2017-11-08,225.75634765625,85.92704010009766,121.62999725341797,59.69533920288086
2017-11-09,224.93734741210938,85.89476776123047,122.12999725341797,59.75875473022461
2017-11-10,224.8676300048828,85.458740234375,121.12999725341797,59.82217025756836
2017-11-13,225.07672119140625,85.41837310791016,121.30999755859375,60.125003814697266
2017-11-14,224.5540008544922,85.53949737548828,121.55999755859375,59.99822235107422
2017-11-15,223.43002319335938,85.8463363647461,121.41000366210938,59.39247131347656
2017-11-16,225.32945251464844,85.62828826904297,121.4000015258789,59.88553237915039
2017-11-17,224.66725158691406,85.74132537841797,122.86000061035156,59.62490463256836
2017-11-20,225.05055236816406,85.60407257080078,121.30999755859375,59.448829650878906
2017-11-21,226.52304077148438,85.62023162841797,121.51000213623047,59.892578125
2017-11-22,226.3226776123047,85.89476776123047,122.62999725341797,59.75875473022461
2017-11-24,226.84539794921875,85.82210540771484,122.31999969482422,59.83621597290039
2017-11-27,226.73216247558594,85.87858581542969,122.83000183105469,59.55447769165039
2017-11-28,229.0323028564453,85.89476776123047,122.80999755859375,59.32909393310547
2017-11-29,228.89291381835938,85.62023162841797,122.04000091552734,59.3502197265625
2017-11-30,230.8969268798828,85.35371398925781,121.0999984741211,59.4417724609375
2017-12-01,230.41757202148438,85.6691665649414,121.58999633789062,59.582637786865234
2017-12-04,230.13885498046875,85.62869262695312,121.18000030517578,59.28681945800781
2017-12-05,229.31109619140625,85.69338989257812,120.31999969482422,58.79376983642578
2017-12-06,229.35472106933594,85.87130737304688,120.06999969482422,58.737396240234375
2017-12-07,230.07789611816406,85.71766662597656,118.48999786376953,58.88532638549805
2017-12-08,231.33248901367188,85.65298461914062,118.4800033569336,59.188194274902344
2017-12-11,232.02947998046875,85.59635162353516,118.01000213623047,59.181148529052734
2017-12-12,232.43898010253906,85.52359008789062,118.1500015258789,59.4699592590332
2017-12-13,232.41287231445312,85.87130737304688,119.16999816894531,59.56856918334961
2017-12-14,231.4632110595703,85.83897399902344,118.93000030517578,59.55447769165039
2017-12-15,233.3906707763672,85.82282257080078,119.18000030517578,59.927772521972656
2017-12-18,234.87063598632812,85.62869262695312,119.7300033569336,60.3222541809082
2017-12-19,233.96864318847656,85.24051666259766,119.81999969482422,59.0402717590332
2017-12-20,233.84605407714844,84.98979949951172,120.13999938964844,58.3570442199707
2017-12-21,234.32760620117188,85.04977416992188,120.30999755859375,58.131019592285156
2017-12-22,234.2664337158203,85.0821533203125,120.94000244140625,58.53157424926758
2017-12-26,233.9861297607422,85.11454772949219,121.7699966430664,58.824832916259766
2017-12-27,234.10000610351562,85.47908020019531,122.2300033569336,59.01797866821289
2017-12-28,234.58172607421875,85.37376403808594,122.8499984741211,59.33269500732422
2017-12-29,233.69717407226562,85.51146697998047,123.6500015258789,59.35413360595703
2018-01-02,235.36985778808594,85.22796630859375,125.1500015258789,59.13238525390625
2018-01-03,236.85862731933594,85.31704711914062,124.81999969482422,58.96076202392578
2018-01-04,237.8568572998047,85.27656555175781,125.45999908447266,57.94504165649414
2018-01-05,239.44195556640625,85.17119598388672,125.33000183105469,57.973670959472656
2018-01-08,239.87986755371094,85.13074493408203,125.30999755859375,58.274085998535156
2018-01-09,240.42282104492188,84.72576141357422,124.7300033569336,57.52302169799805
2018-01-10,240.05499267578125,84.70149230957031,125.02999877929688,56.87925720214844
2018-01-11,241.80642700195312,84.75813293457031,125.44000244140625,56.686153411865234
2018-01-12,243.38275146484375,84.70149230957031,126.95999908447266,56.22834396362305
2018-01-16,242.55075073242188,84.74195098876953,127.16999816894531,56.33565902709961
2018-01-17,244.86273193359375,84.55564880371094,126.13999938964844,56.72905349731445
2018-01-18,244.4511260986328,84.28833770751953,125.86000061035156,55.99948501586914
2018-01-19,245.56333923339844,84.0696792602539,126.41999816894531,56.29989242553711
2018-01-22,247.55996704101562,84.03726196289062,126.6500015258789,56.814884185791016
2018-01-23,248.08543395996094,84.28023529052734,127.27999877929688,57.601722717285156
2018-01-24,247.98910522460938,84.11824035644531,128.8300018310547,57.30129623413086
2018-01-25,248.09413146972656,84.30459594726562,127.97000122070312,57.20116424560547
2018-01-26,250.96652221679688,84.05343627929688,128.07000732421875,57.00087356567383
2018-01-29,249.3026580810547,83.84282684326172,127.3499984741211,56.23552322387695
2018-01-30,246.74559020996094,83.64844512939453,126.80000305175781,55.82781982421875
2018-01-31,246.86813354492188,83.67278289794922,127.6500015258789,56.82921600341797
2018-02-01,246.58790588378906,83.24112701416016,128.07000732421875,55.60607147216797
2018-02-02,241.2197723388672,82.93284606933594,126.38999938964844,55.13397216796875
2018-02-05,231.13125610351562,83.61434173583984,126.70999908447266,53.49598693847656
2018-02-06,235.6851348876953,83.2492446899414,125.37999725341797,53.50313949584961
2018-02-07,234.40652465820312,83.005859375,124.79000091552734,53.27425003051758
2018-02-08,225.61424255371094,83.07887268066406,124.9800033569336,51.743534088134766
2018-02-09,229.00323486328125,82.93284606933594,124.7699966430664,53.03818893432617
2018-02-12,232.3660125732422,82.90851593017578,125.37000274658203,53.05966567993164
2018-02-13,232.94412231445312,83.04644775390625,126.08000183105469,53.431610107421875
2018-02-14,236.08790588378906,82.54341888427734,128.22999572753906,53.04535675048828
2018-02-15,239.100341796875,82.56773376464844,128.3800048828125,53.560359954833984
2018-02-16,239.1705322265625,82.76245880126953,127.95999908447266,53.85363006591797
2018-02-20,237.67288208007812,82.67322540283203,126.23999786376953,53.217018127441406
2018-02-21,236.49070739746094,82.42979431152344,125.66000366210938,52.16557312011719
2018-02-22,236.7972412109375,82.54341888427734,126.30000305175781,52.75924301147461
2018-02-23,240.57168579101562,82.85978698730469,126.13999938964844,53.60327911376953
2018-02-26,243.36520385742188,82.95714569091797,126.44999694824219,53.75349426269531
2018-02-27,240.32650756835938,82.69757843017578,125.12999725341797,52.50175476074219
2018-02-28,237.89193725585938,82.89225769042969,125.0,52.46597671508789
2018-03-01,234.43280029296875,83.2490005493164,124.72000122070312,52.51605224609375
2018-03-02,235.6412811279297,82.94024658203125,125.38999938964844,52.494590759277344
2018-03-05,238.3648681640625,82.83457946777344,125.18000030517578,53.08827590942383
2018-03-06,238.96910095214844,82.82648468017578,126.52999877929688,53.33860778808594
2018-03-07,238.88156127929688,82.82648468017578,125.72000122070312,53.66765594482422
2018-03-08,240.03744506835938,82.99708557128906,125.41999816894531,53.76780319213867
2018-03-09,244.21469116210938,82.81829833984375,125.54000091552734,54.06105041503906
2018-03-12,243.9081573486328,83.0133285522461,125.54000091552734,54.29709243774414
2018-03-13,242.33192443847656,83.1514892578125,125.77999877929688,54.34716796875
2018-03-14,241.08828735351562,83.31401062011719,125.69999694824219,54.397239685058594
2018-03-15,240.8256072998047,83.281494140625,124.9000015258789,54.38294219970703
2018-03-16,241.08665466308594,83.18397521972656,124.5999984741211,54.76203536987305
2018-03-19,237.82476806640625,83.10271453857422,124.87000274658203,54.289939880371094
2018-03-20,238.22921752929688,82.94024658203125,124.30999755859375,54.10398864746094
2018-03-21,237.77200317382812,82.99708557128906,126.4800033569336,53.70342254638672
2018-03-22,231.82835388183594,83.33838653564453,125.9800033569336,53.38869094848633
2018-03-23,226.88711547851562,83.45217895507812,127.61000061035156,52.43735885620117
2018-03-26,233.09445190429688,83.22461700439453,128.27999877929688,53.033935546875
2018-03-27,229.12913513183594,83.69593811035156,127.48999786376953,53.23616027832031
2018-03-28,228.45213317871094,83.67963409423828,125.7300033569336,54.572303771972656
2018-03-29,231.37120056152344,83.85027313232422,125.79000091552734,54.50728988647461
2018-04-02,226.37705993652344,83.93578338623047,127.26000213623047,53.77062225341797
2018-04-03,229.278564453125,83.66716766357422,126.30000305175781,54.22563171386719
2018-04-04,231.73167419433594,83.61831665039062,126.44999694824219,54.79619598388672
2018-04-05,233.560546875,83.40668487548828,125.80000305175781,54.77452850341797
2018-04-06,228.3554229736328,83.77295684814453,126.38999938964844,54.362857818603516
2018-04-09,229.48080444335938,83.78924560546875,126.81999969482422,54.189517974853516
2018-04-10,233.12969970703125,83.64273071289062,127.12000274658203,54.13174057006836
2018-04-11,231.9075469970703,83.72415924072266,128.11000061035156,54.247314453125
2018-04-12,233.8154754638672,83.42296600341797,126.62000274658203,53.6406135559082
2018-04-13,233.12969970703125,83.49622344970703,127.44999694824219,53.92228698730469
2018-04-16,235.04637145996094,83.45555114746094,127.62999725341797,54.254520416259766
2018-04-17,237.56103515625,83.50434875488281,127.75,54.89008712768555
2018-04-18,237.73687744140625,83.17874145507812,127.8499984741211,54.77452850341797
2018-04-19,236.4180145263672,82.95085906982422,127.5999984741211,53.980064392089844
2018-04-20,234.41334533691406,82.67410278320312,126.62999725341797,53.48174285888672
2018-04-23,234.37818908691406,82.59272003173828,125.62000274658203,53.438377380371094
2018-04-24,231.22174072265625,82.49504852294922,126.2300033569336,53.6406135559082
2018-04-25,231.793212890625,82.31597900390625,125.41000366210938,53.539493560791016
2018-04-26,234.14956665039062,82.55205535888672,124.97000122070312,54.24008560180664
2018-04-27,234.3694305419922,82.6904067993164,125.5,55.1717643737793
2018-04-30,232.56700134277344,82.77994537353516,124.58999633789062,54.955078125
2018-05-01,232.98019409179688,82.65027618408203,123.70999908447266,55.453426361083984
2018-05-02,231.41517639160156,82.66658020019531,123.6500015258789,55.251197814941406
2018-05-03,230.90521240234375,82.87860870361328,124.27999877929688,55.2150993347168
2018-05-04,233.8945770263672,82.88675689697266,124.54000091552734,55.82177734375
2018-05-07,234.68589782714844,82.84600067138672,124.56999969482422,56.197330474853516
2018-05-08,234.68589782714844,82.70738983154297,124.58999633789062,55.91565704345703
2018-05-09,236.95428466796875,82.51978302001953,124.33000183105469,56.291229248046875
2018-05-10,239.17005920410156,82.69108581542969,125.18000030517578,56.73179244995117
2018-05-11,239.89979553222656,82.69921875,125.0,56.53677749633789
2018-05-14,240.0141143798828,82.51978302001953,124.48999786376953,56.05289077758789
2018-05-15,238.3611297607422,82.06310272216797,122.4800033569336,55.14286804199219
2018-05-16,239.3634033203125,81.89187622070312,122.29000091552734,54.97675704956055
2018-05-17,239.16128540039062,81.84293365478516,122.36000061035156,54.702308654785156
2018-05-18,238.5633544921875,82.16097259521484,122.41000366210938,54.77452850341797
2018-05-21,240.35708618164062,82.21807098388672,122.4800033569336,55.42454147338867
2018-05-22,239.68878173828125,82.18546295166016,122.41000366210938,55.50397491455078
2018-05-23,240.3481903076172,82.56056213378906,122.54000091552734,56.060115814208984
2018-05-24,239.8558807373047,82.7725601196289,123.58999633789062,55.94455337524414
2018-05-25,239.2843017578125,83.09878540039062,123.20999908447266,56.13954544067383
2018-05-29,236.53224182128906,83.9958724975586,123.19000244140625,56.40678787231445
2018-05-30,239.68878173828125,83.63703155517578,123.37000274658203,57.17237854003906
2018-05-31,238.22042846679688,83.59622955322266,123.0999984741211,56.97736358642578
2018-06-01,240.55921936035156,83.28741455078125,122.48999786376953,57.230125427246094
2018-06-04,241.70220947265625,82.99321746826172,122.37000274658203,57.72848129272461
2018-06-05,241.87811279296875,83.20568084716797,122.8499984741211,57.576820373535156
2018-06-06,243.9003143310547,82.87071228027344,122.91999816894531,57.71404266357422
2018-06-07,243.8739776611328,83.22198486328125,122.86000061035156,57.71404266357422
2018-06-08,244.59490966796875,83.10762023925781,123.01000213623047,57.92348098754883
2018-06-11,244.92027282714844,83.0259017944336,123.2300033569336,57.83682632446289
2018-06-12,245.2367706298828,82.97692108154297,122.81999969482422,58.18349838256836
2018-06-13,244.45423889160156,82.87883758544922,123.19000244140625,57.049583435058594
2018-06-14,245.06973266601562,83.14034271240234,123.37999725341797,57.591270446777344
2018-06-15,244.75706481933594,83.20568084716797,121.33999633789062,57.55514907836914
2018-06-18,244.25367736816406,83.24652099609375,121.11000061035156,57.57119369506836
2018-06-19,243.3174591064453,83.46712493896484,120.80000305175781,57.51286315917969
2018-06-20,243.73260498046875,83.197509765625,120.26000213623047,58.15432357788086
2018-06-21,242.2046356201172,83.41814422607422,120.05000305175781,58.43133544921875
2018-06-22,242.64622497558594,83.43449401855469,120.33999633789062,58.89056396484375
2018-06-25,239.3431396484375,83.54884338378906,119.88999938964844,58.737491607666016
2018-06-26,239.87307739257812,83.5897216796875,119.26000213623047,58.92699432373047
2018-06-27,237.8858642578125,83.90840148925781,118.58000183105469,58.701045989990234
2018-06-28,239.24600219726562,83.82664489746094,118.22000122070312,59.225868225097656
2018-06-29,239.5904541015625,83.76129913330078,118.6500015258789,59.37163543701172
2018-07-02,240.10269165039062,83.70398712158203,117.45999908447266,59.04364013671875
2018-07-03,239.2548065185547,83.91683197021484,118.6500015258789,59.48827362060547
2018-07-05,241.20664978027344,83.92503356933594,119.05000305175781,60.195343017578125
2018-07-06,243.24679565429688,83.99874114990234,118.86000061035156,60.516056060791016
2018-07-09,245.43704223632812,83.785888671875,119.1500015258789,60.03498077392578
2018-07-10,246.3203125,83.72037506103516,118.93000030517578,60.15890121459961
2018-07-11,244.51853942871094,83.89230346679688,117.63999938964844,59.96208190917969
2018-07-12,246.7354736328125,83.85958862304688,118.12999725341797,60.14432907104492
2018-07-13,246.92974853515625,83.99874114990234,117.61000061035156,59.96208190917969
2018-07-16,246.70889282226562,83.85958862304688,117.55000305175781,59.64137649536133
2018-07-17,247.7069091796875,83.8104248046875,116.27999877929688,59.247745513916016
2018-07-18,248.22802734375,83.74491119384766,116.30999755859375,58.98530578613281
2018-07-19,247.29176330566406,83.97415161132812,115.80999755859375,59.677799224853516
2018-07-20,247.00912475585938,83.67941284179688,116.55999755859375,59.1019401550293
2018-07-23,247.4683837890625,83.2701187133789,116.0,58.9780158996582
2018-07-24,248.71376037597656,83.32742309570312,116.04000091552734,58.67914962768555
2018-07-25,250.83348083496094,83.2701187133789,116.68000030517578,59.14567947387695
2018-07-26,250.24163818359375,83.18006896972656,115.7699966430664,59.34247589111328
2018-07-27,248.54595947265625,83.31107330322266,115.83000183105469,58.70831298828125
2018-07-30,247.2476043701172,83.20463562011719,115.6500015258789,58.74476623535156
2018-07-31,248.46644592285156,83.31928253173828,115.98999786376953,59.72882080078125
2018-08-01,248.05126953125,83.12238311767578,115.13999938964844,60.15160369873047
2018-08-02,249.40260314941406,83.2208251953125,114.5199966430664,59.91106414794922
2018-08-03,250.47129821777344,83.43409729003906,114.91999816894531,60.559814453125
2018-08-06,251.38980102539062,83.47505187988281,114.33000183105469,60.4796257019043
2018-08-07,252.219970703125,83.30288696289062,114.58999633789062,60.37028503417969
2018-08-08,252.11387634277344,83.3766860961914,114.91000366210938,60.0203971862793
2018-08-09,251.76950073242188,83.60635375976562,114.73999786376953,60.04954528808594
2018-08-10,250.0827178955078,83.96720886230469,114.69000244140625,59.59033203125
2018-08-13,249.146484375,83.94263458251953,112.95999908447266,59.47370529174805
2018-08-14,250.73617553710938,83.86058807373047,113.06999969482422,59.76527404785156
2018-08-15,248.86390686035156,84.06565856933594,111.19000244140625,60.22452163696289
2018-08-16,250.87759399414062,84.04105377197266,111.0999984741211,60.712886810302734
2018-08-17,251.76071166992188,84.07386016845703,112.12999725341797,61.2741584777832
2018-08-20,252.29940795898438,84.33634185791016,112.69000244140625,61.31791305541992
2018-08-21,252.8911895751953,84.22152709960938,113.0199966430664,60.94614791870117
2018-08-22,252.7411346435547,84.37738800048828,113.2699966430664,60.60356140136719
2018-08-23,252.40550231933594,84.3691635131836,112.19999694824219,60.45048904418945
2018-08-24,253.9244842529297,84.39375305175781,114.16000366210938,60.807647705078125
2018-08-27,255.9293212890625,84.20511627197266,114.58999633789062,60.58897399902344
2018-08-28,256.052978515625,84.01648712158203,113.68000030517578,61.40536117553711
2018-08-29,257.4307556152344,83.99185943603516,114.19999694824219,61.419952392578125
2018-08-30,256.3885803222656,84.14769744873047,113.63999938964844,61.02632141113281
2018-08-31,256.39739990234375,84.16409301757812,113.51000213623047,61.266876220703125
2018-09-04,255.955810546875,83.97176361083984,112.93000030517578,60.537940979003906
2018-09-05,255.26690673828125,83.96356201171875,113.31999969482422,60.887813568115234
2018-09-06,254.4986114501953,84.13615417480469,113.54000091552734,61.06278991699219
2018-09-07,254.00401306152344,83.75806427001953,113.2300033569336,60.39944839477539
2018-09-10,254.44558715820312,83.807373046875,113.1500015258789,60.66916275024414
2018-09-11,255.28451538085938,83.50328826904297,113.22000122070312,60.661865234375
2018-09-12,255.3464813232422,83.60192108154297,114.16999816894531,60.691036224365234
2018-09-13,256.8567199707031,83.59368896484375,113.76000213623047,60.98988723754883
2018-09-14,256.90081787109375,83.4375228881836,113.0199966430664,60.60356140136719
2018-09-17,255.54074096679688,83.45397186279297,113.61000061035156,60.80036163330078
2018-09-18,256.9273681640625,83.10879516601562,113.44000244140625,60.508792877197266
2018-09-19,257.201171875,82.96906280517578,113.87999725341797,59.801719665527344
2018-09-20,259.28546142578125,82.97730255126953,114.2699966430664,60.362998962402344
2018-09-21,259.0484619140625,83.0101547241211,113.48999786376953,60.34113311767578
2018-09-24,258.1880187988281,82.91976165771484,113.47000122070312,59.257530212402344
2018-09-25,257.94842529296875,82.83757781982422,113.6500015258789,59.26493453979492
2018-09-26,257.17657470703125,83.10879516601562,113.05000305175781,58.55533981323242
2018-09-27,257.8952331542969,83.10879516601562,112.05000305175781,58.83621597290039
2018-09-28,257.9219055175781,83.14987182617188,112.76000213623047,59.63450241088867
2018-10-01,258.81787109375,82.9390640258789,112.56999969482422,59.080142974853516
2018-10-02,258.6671142578125,83.15319061279297,113.87000274658203,58.94709396362305
2018-10-03,258.8089294433594,82.53549194335938,113.41999816894531,58.31881332397461
2018-10-04,256.78619384765625,82.32141876220703,113.4800033569336,57.830963134765625
2018-10-05,255.3490447998047,82.1237564086914,113.80000305175781,57.80139923095703
2018-10-08,255.3490447998047,82.15669250488281,112.54000091552734,58.636661529541016
2018-10-09,254.9763946533203,82.31314849853516,112.5999984741211,58.71795654296875
2018-10-10,246.90309143066406,82.35436248779297,112.87999725341797,57.84577178955078
2018-10-11,241.46458435058594,82.69197082519531,115.77999877929688,56.19007873535156
2018-10-12,244.81817626953125,82.5931396484375,115.2300033569336,56.0422477722168
2018-10-15,243.44296264648438,82.64258575439453,116.0,56.41920852661133
2018-10-16,248.76611328125,82.63438415527344,115.80000305175781,57.579673767089844
2018-10-17,248.8105010986328,82.39551544189453,115.79000091552734,57.35792541503906
2018-10-18,245.21734619140625,82.54376220703125,115.91999816894531,57.247039794921875
2018-10-19,245.0843048095703,82.44495391845703,116.01000213623047,57.74229049682617
2018-10-22,243.9841766357422,82.46139526367188,115.70999908447266,56.93661880493164
2018-10-23,242.74217224121094,82.675537109375,116.38999938964844,57.18792724609375
2018-10-24,235.3874053955078,83.1202392578125,116.66000366210938,57.72749710083008
2018-10-25,239.61044311523438,82.92255401611328,116.4000015258789,58.46665573120117
2018-10-26,235.39627075195312,83.29322052001953,116.7699966430664,57.06226348876953
2018-10-29,234.0921173095703,83.28494262695312,116.30999755859375,57.78664016723633
2018-10-30,237.5609588623047,83.1037826538086,115.80000305175781,58.57752227783203
2018-10-31,240.098388671875,82.89786529541016,115.1500015258789,57.89011764526367
2018-11-01,242.65345764160156,82.96885681152344,116.62999725341797,58.163597106933594
2018-11-02,241.2161407470703,82.50669860839844,116.6500015258789,57.68315887451172
2018-11-05,242.5469970703125,82.55622863769531,116.37000274658203,58.54057693481445
2018-11-06,244.08175659179688,82.46542358398438,116.04000091552734,58.83621597290039
2018-11-07,249.3073272705078,82.46542358398438,116.02999877929688,59.53840637207031
2018-11-08,248.85482788085938,82.349853515625,115.77999877929688,59.582759857177734
2018-11-09,246.42398071289062,82.67176055908203,114.4800033569336,59.57535934448242
2018-11-12,241.81944274902344,82.91934204101562,113.66000366210938,59.693626403808594
2018-11-13,241.36700439453125,82.98538970947266,113.69999694824219,59.63450241088867
2018-11-14,239.7168731689453,83.15867614746094,114.63999938964844,59.4866828918457
2018-11-15,242.21876525878906,83.21646881103516,114.7699966430664,59.080142974853516
2018-11-16,242.8486328125,83.47232055664062,115.62000274658203,59.7158203125
2018-11-19,238.7409210205078,83.59613037109375,115.66999816894531,59.797115325927734
2018-11-20,234.32276916503906,83.57959747314453,115.66999816894531,59.18362808227539
2018-11-21,235.12120056152344,83.56306457519531,115.86000061035156,59.23535919189453
2018-11-23,233.5509796142578,83.61261749267578,115.7699966430664,59.11711120605469
2018-11-26,237.32150268554688,83.54655456542969,115.63999938964844,59.227970123291016
2018-11-27,238.11996459960938,83.62908935546875,114.94999694824219,59.47929000854492
2018-11-28,243.6026153564453,83.6208724975586,115.37999725341797,60.011470794677734
2018-11-29,243.0703887939453,83.83549499511719,115.73999786376953,60.0262565612793
2018-11-30,244.55197143554688,84.0005111694336,115.54000091552734,60.595401763916016
2018-12-03,247.79017639160156,84.18408203125,116.41000366210938,60.920623779296875
2018-12-04,239.76119995117188,84.57279968261719,117.12000274658203,60.01884841918945
2018-12-06,239.3974609375,84.78785705566406,117.13999938964844,61.504547119140625
2018-12-07,233.8348388671875,85.03598022460938,118.08999633789062,60.69888687133789
2018-12-10,234.2784423828125,85.08556365966797,117.68000030517578,60.30712890625
2018-12-11,234.3317108154297,84.87055969238281,117.54000091552734,60.336700439453125
2018-12-12,235.5115966796875,84.63896942138672,117.79000091552734,59.40536880493164
2018-12-13,235.4317169189453,84.68860626220703,117.52999877929688,59.74868392944336
2018-12-14,231.0845489501953,84.82090759277344,117.05999755859375,59.57666015625
2018-12-17,226.551025390625,85.06905364990234,117.87000274658203,57.33270263671875
2018-12-18,226.3026580810547,85.2787094116211,118.1500015258789,57.92361068725586
2018-12-19,222.91358947753906,85.57707214355469,117.43000030517578,57.28782272338867
2018-12-20,219.2850341796875,85.46932983398438,119.23999786376953,56.42766189575195
2018-12-21,214.7919464111328,85.5439453125,118.72000122070312,55.642276763916016
2018-12-24,209.11656188964844,85.7593765258789,120.0199966430664,53.660125732421875
2018-12-26,219.68209838867188,85.35327911376953,119.66000366210938,55.45527648925781
2018-12-27,221.36866760253906,85.56880187988281,120.56999969482422,55.44779968261719
2018-12-28,221.08311462402344,86.0328598022461,121.05999755859375,55.627315521240234
2018-12-31,223.01954650878906,86.35609436035156,121.25,55.77691650390625
2019-01-02,223.25157165527344,86.53839874267578,121.33000183105469,54.56516647338867
2019-01-03,217.9241180419922,87.2262954711914,122.43000030517578,54.946651458740234
2019-01-04,225.22372436523438,86.52184295654297,121.44000244140625,55.589927673339844
2019-01-07,226.99951171875,86.28148651123047,121.86000061035156,56.13593292236328
2019-01-08,229.1322784423828,86.06604766845703,121.52999877929688,57.29529571533203
2019-01-09,230.20315551757812,86.1157455444336,122.30999755859375,57.21303176879883
2019-01-10,231.0151824951172,86.07430267333984,121.58999633789062,57.990928649902344
2019-01-11,231.1043701171875,86.33122253417969,121.80000305175781,58.155487060546875
2019-01-14,229.69442749023438,86.28148651123047,122.08999633789062,57.96100997924805
2019-01-15,232.32696533203125,86.1986083984375,121.87999725341797,58.514530181884766
2019-01-16,232.88916015625,86.14888763427734,122.2699966430664,58.925907135009766
2019-01-17,234.65597534179688,85.99141693115234,122.11000061035156,59.21014404296875
2019-01-18,237.77926635742188,85.71795654296875,121.0199966430664,59.4120979309082
2019-01-22,234.5667266845703,86.01631164550781,121.44999694824219,59.23258590698242
2019-01-23,235.0575408935547,85.9748764038086,121.27999877929688,59.24007034301758
2019-01-24,235.18251037597656,86.24832153320312,121.08999633789062,59.4420166015625
2019-01-25,237.1724395751953,86.0494613647461,122.86000061035156,60.182498931884766
2019-01-28,235.36988830566406,86.07430267333984,123.29000091552734,60.77342224121094
2019-01-29,235.0575408935547,86.32295989990234,123.9800033569336,61.25212860107422
2019-01-30,238.7786865234375,86.52184295654297,124.69000244140625,61.74580383300781
2019-01-31,240.87571716308594,86.91962432861328,124.75,62.389076232910156
2019-02-01,240.99179077148438,86.4545669555664,124.5,61.992645263671875
2019-02-04,242.68722534179688,86.26354217529297,123.95999908447266,62.45638656616211
2019-02-05,243.70448303222656,86.41305541992188,124.27999877929688,62.8154182434082
2019-02-06,243.38330078125,86.47942352294922,123.44000244140625,62.40402603149414
2019-02-07,241.0631866455078,86.76185607910156,123.73999786376953,62.920127868652344
2019-02-08,241.3576202392578,86.8781509399414,124.20999908447266,62.920127868652344
2019-02-11,241.4915008544922,86.74522399902344,123.5999984741211,63.0921745300293
2019-02-12,244.59690856933594,86.62894439697266,123.86000061035156,62.69572830200195
2019-02-13,245.39112854003906,86.41305541992188,123.37000274658203,63.017356872558594
2019-02-14,244.84678649902344,86.8199691772461,124.05999755859375,63.219329833984375
2019-02-15,247.5149688720703,86.73692321777344,124.80000305175781,63.64567184448242
2019-02-19,247.9433135986328,86.88643646240234,126.69999694824219,63.63071823120117
2019-02-20,248.44296264648438,86.86982727050781,126.4800033569336,63.23426055908203
2019-02-21,247.5596466064453,86.61235046386719,125.05000305175781,63.29410934448242
2019-02-22,249.09451293945312,86.86982727050781,125.5,63.668121337890625
2019-02-25,249.4335174560547,86.73692321777344,125.37000274658203,63.166961669921875
2019-02-26,249.25503540039062,86.99437713623047,125.58000183105469,62.97248840332031
2019-02-27,249.14797973632812,86.68710327148438,124.69000244140625,62.6583366394043
2019-02-28,248.6840057373047,86.46285247802734,123.98999786376953,62.82286071777344
2019-03-01,250.23663330078125,86.1791000366211,121.87999725341797,62.62841796875
2019-03-04,249.32644653320312,86.44536590576172,121.55999755859375,62.91264724731445
2019-03-05,248.98728942871094,86.49530792236328,121.72000122070312,63.08467102050781
2019-03-06,247.47918701171875,86.73661804199219,121.61000061035156,62.79296112060547
2019-03-07,245.4090118408203,87.02783203125,121.51000213623047,62.6583366394043
2019-03-08,244.9181671142578,87.15265655517578,122.83999633789062,62.72564697265625
2019-03-11,248.4698028564453,87.08609008789062,122.23999786376953,63.64567184448242
2019-03-12,249.40676879882812,87.32740020751953,122.9800033569336,63.9373893737793
2019-03-13,251.0577392578125,87.29412078857422,123.83999633789062,64.25153350830078
2019-03-14,250.89698791503906,87.16932678222656,122.41000366210938,64.34878540039062
2019-03-15,252.1365966796875,87.44387817382812,122.97000122070312,64.14678955078125
2019-03-18,253.05087280273438,87.32740020751953,123.04000091552734,63.825199127197266
2019-03-19,253.11358642578125,87.26914978027344,123.37999725341797,63.63071823120117
2019-03-20,252.35169982910156,87.87661743164062,124.18000030517578,63.825199127197266
2019-03-21,255.20196533203125,87.8349838256836,123.68000030517578,64.96209716796875
2019-03-22,250.29019165039062,88.4840087890625,123.97000122070312,64.49090576171875
2019-03-25,250.10198974609375,88.70865631103516,124.91999816894531,64.57315063476562
2019-03-26,251.96633911132812,88.63378143310547,124.30000305175781,65.08928680419922
2019-03-27,250.648681640625,88.8917236328125,123.6500015258789,64.90226745605469
2019-03-28,251.5988006591797,88.90003204345703,121.9000015258789,65.53204345703125
2019-03-29,253.18531799316406,88.75855255126953,122.01000213623047,65.47179412841797
2019-04-01,256.1878356933594,88.14826965332031,121.52999877929688,65.43412017822266
2019-04-02,256.3133239746094,88.29833221435547,121.9800033569336,65.89366149902344
2019-04-03,256.7167053222656,88.02317810058594,121.80000305175781,65.81830596923828
2019-04-04,257.3977966308594,88.1148910522461,122.11000061035156,65.71285247802734
2019-04-05,258.6436767578125,88.1565933227539,121.9800033569336,66.17240142822266
2019-04-08,258.84088134765625,88.01483154296875,122.51000213623047,65.80323791503906
2019-04-09,257.5143737792969,88.17327880859375,123.1500015258789,65.45673370361328
2019-04-10,258.3927307128906,88.38175201416016,123.52999877929688,66.05938720703125
2019-04-11,258.321044921875,88.18159484863281,121.94999694824219,66.01419067382812
2019-04-12,260.0688171386719,87.77304077148438,121.83000183105469,66.33058166503906
2019-04-15,259.8985290527344,87.88980865478516,121.5999984741211,65.99156188964844
2019-04-16,260.0688171386719,87.5896224975586,120.51000213623047,64.50003051757812
2019-04-17,259.432373046875,87.60627746582031,120.27999877929688,63.91239547729492
2019-04-18,259.9433898925781,87.81477355957031,120.37000274658203,64.40206146240234
2019-04-22,260.1673889160156,87.68965911865234,120.37000274658203,63.693939208984375
2019-04-23,262.5067443847656,87.84809112548828,120.12000274658203,64.53766632080078
2019-04-24,261.9241027832031,88.18159484863281,120.47000122070312,65.01226806640625
2019-04-25,261.7628173828125,88.07319641113281,120.56999969482422,64.87667846679688
2019-04-26,262.98175048828125,88.30669403076172,121.37000274658203,65.38893127441406
2019-04-29,263.3940734863281,88.12323760986328,120.83000183105469,64.74857330322266
2019-04-30,263.5284729003906,88.29833221435547,121.19999694824219,65.36631774902344
2019-05-01,261.5476379394531,88.25823974609375,120.4000015258789,65.4190444946289
2019-05-02,260.98297119140625,88.00759887695312,119.94000244140625,65.48685455322266
2019-05-03,263.5374450683594,88.12455749511719,120.6500015258789,66.0443344116211
2019-05-06,262.4529113769531,88.35015869140625,120.80999755859375,65.83338165283203
2019-05-07,258.07000732421875,88.65092468261719,121.20999908447266,64.64311981201172
2019-05-08,257.7115783691406,88.48381042480469,120.91000366210938,64.5753402709961
2019-05-09,256.93182373046875,88.71776580810547,121.19999694824219,64.7410659790039
2019-05-10,258.2224426269531,88.65926361083984,121.43000030517578,65.43412017822266
2019-05-13,251.7332000732422,89.10205078125,122.66999816894531,65.36631774902344
2019-05-14,254.0098419189453,89.01850128173828,122.45999908447266,65.60739135742188
2019-05-15,255.4976348876953,89.30255126953125,122.38999938964844,66.05184936523438
2019-05-16,257.86383056640625,89.12712860107422,121.51000213623047,66.3155288696289
2019-05-17,256.19683837890625,89.16889953613281,120.6500015258789,66.18746948242188
2019-05-20,254.50283813476562,89.01850128173828,120.63999938964844,65.230712890625
2019-05-21,256.79730224609375,88.91826629638672,120.36000061035156,65.78817749023438
2019-05-22,256.008544921875,89.18562316894531,120.23999786376953,65.98404693603516
2019-05-23,252.8804931640625,89.7286605834961,121.16999816894531,66.13471221923828
2019-05-24,253.45411682128906,89.7035903930664,121.30000305175781,66.3381118774414
2019-05-28,251.09681701660156,90.09627532958984,120.83000183105469,65.6827163696289
2019-05-29,249.41177368164062,90.06282806396484,120.87000274658203,64.80887603759766
2019-05-30,250.0930633544922,90.38867950439453,121.69000244140625,65.08006286621094
2019-05-31,246.72288513183594,90.99020385742188,123.33000183105469,65.45673370361328
2019-06-03,246.0955810546875,91.42796325683594,125.11000061035156,65.61492919921875
2019-06-04,251.4375,91.09315490722656,125.1500015258789,65.32112884521484
2019-06-05,253.615478515625,91.09315490722656,125.47000122070312,66.68466186523438
2019-06-06,255.2645721435547,91.07643127441406,125.87999725341797,66.81272888183594
2019-06-07,257.819091796875,91.43639373779297,126.58999633789062,67.06130981445312
2019-06-10,259.0021667480469,90.98435974121094,125.33000183105469,66.84284210205078
2019-06-11,258.93951416015625,90.98435974121094,125.18000030517578,67.02362823486328
2019-06-12,258.4822998046875,91.21874237060547,125.83000183105469,67.24964904785156
2019-06-13,259.5489196777344,91.44475555419922,126.5999984741211,67.5359115600586
2019-06-14,259.26214599609375,91.51170349121094,126.55999755859375,67.57357025146484
2019-06-17,259.3606262207031,91.49496459960938,126.4800033569336,68.29678344726562
2019-06-18,262.0765075683594,91.67074584960938,127.12000274658203,68.22898864746094
2019-06-19,262.6680603027344,91.92190551757812,127.88999938964844,68.59809112548828
2019-06-20,265.1777038574219,92.07254791259766,131.11000061035156,68.94462585449219
2019-06-21,264.792236328125,91.69585418701172,131.97999572753906,67.97281646728516
2019-06-24,264.4679870605469,92.01399230957031,133.94000244140625,67.73931121826172
2019-06-25,261.87408447265625,92.15628814697266,134.1999969482422,66.73738861083984
2019-06-26,261.6129455566406,91.77958679199219,132.97000122070312,65.40396881103516
2019-06-27,262.5404968261719,92.05581665039062,132.83999633789062,66.2459487915039
2019-06-28,263.8916320800781,92.09770965576172,133.1999969482422,66.47411346435547
2019-07-01,266.2872314453125,91.98197937011719,130.6199951171875,66.4437026977539
2019-07-02,266.9808044433594,92.30900573730469,133.41000366210938,67.59976959228516
2019-07-03,269.11529541015625,92.48509216308594,133.6300048828125,68.40596771240234
2019-07-05,268.80908203125,91.8980941772461,132.13999938964844,68.16259002685547
2019-07-08,267.3320007324219,91.80586242675781,131.2899932861328,68.40596771240234
2019-07-09,267.665283203125,91.74717712402344,131.75,68.6341552734375
2019-07-10,268.94427490234375,91.79747772216797,133.8300018310547,69.02965545654297
2019-07-11,269.57470703125,91.34466552734375,132.6999969482422,68.13216400146484
2019-07-12,270.7815856933594,91.44526672363281,133.52999877929688,68.04090881347656
2019-07-15,270.8714904785156,91.63812255859375,133.52999877929688,67.98765563964844
2019-07-16,269.9979248046875,91.43690490722656,132.39999389648438,67.82793426513672
2019-07-17,268.1606140136719,91.86457061767578,134.5800018310547,67.59976959228516
2019-07-18,269.1423645019531,92.09099578857422,136.47999572753906,67.59976959228516
2019-07-19,267.6473388671875,91.92325592041016,134.47000122070312,66.49693298339844
2019-07-22,268.3047790527344,91.9652099609375,134.4499969482422,66.43608093261719
2019-07-23,270.2231140136719,91.8142318725586,133.69000244140625,67.18905639648438
2019-07-24,271.4930419921875,91.94837951660156,134.3699951171875,67.24231719970703
2019-07-25,270.1961364746094,91.78910064697266,133.4199981689453,66.84678649902344
2019-07-26,272.00653076171875,91.77234649658203,133.63999938964844,67.15103149414062
2019-07-29,271.5110168457031,91.85615539550781,134.52999877929688,67.33354949951172
2019-07-30,270.8446044921875,91.8980941772461,134.97999572753906,67.87358093261719
2019-07-31,267.8814697265625,92.13292694091797,133.2100067138672,67.60736083984375
2019-08-01,265.5487060546875,93.17793273925781,136.41000366210938,67.60736083984375
2019-08-02,263.54937744140625,93.37113952636719,135.88999938964844,67.9344253540039
2019-08-05,255.62350463867188,94.17757415771484,137.7899932861328,66.59579467773438
2019-08-06,259.2081298828125,94.32878875732422,138.91000366210938,67.33354949951172
2019-08-07,259.3612365722656,94.32878875732422,141.02000427246094,67.98765563964844
2019-08-08,264.44989013671875,94.33716583251953,141.72999572753906,69.18175506591797
2019-08-09,262.6485900878906,94.19437408447266,141.25999450683594,69.09810638427734
2019-08-12,259.451416015625,94.79084777832031,142.6300048828125,68.9155502319336
2019-08-13,263.4862060546875,94.45478820800781,141.77999877929688,69.01444244384766
2019-08-14,255.69561767578125,95.08482360839844,142.75,67.96483612060547
2019-08-15,256.37109375,95.68968963623047,143.6999969482422,68.6417465209961
2019-08-16,260.1537780761719,95.4376449584961,142.77999877929688,69.34908294677734
2019-08-19,263.2880859375,94.98403930664062,141.11000061035156,69.85106658935547
2019-08-20,261.2706604003906,95.40403747558594,142.2100067138672,69.35670471191406
2019-08-21,263.3962707519531,95.15203094482422,141.75999450683594,69.64572143554688
2019-08-22,263.31512451171875,94.9420394897461,141.39999389648438,69.96514892578125
2019-08-23,256.55120849609375,95.58043670654297,144.1699981689453,68.9840316772461
2019-08-26,259.3882751464844,95.48802185058594,144.19000244140625,69.51641082763672
2019-08-27,258.37054443359375,95.899658203125,145.57000732421875,69.31867218017578
2019-08-28,260.1898193359375,95.93328094482422,145.16000366210938,69.54684448242188
2019-08-29,263.5132141113281,95.7484359741211,144.1199951171875,70.08684539794922
2019-08-30,263.3962707519531,95.77366638183594,143.75,70.14009094238281
2019-09-03,261.8561096191406,95.98402404785156,145.75,70.83979797363281
2019-09-04,264.8282470703125,96.135498046875,146.66000366210938,71.43305206298828
2019-09-05,268.232666015625,95.3613510131836,143.13999938964844,70.91586303710938
2019-09-06,268.4398193359375,95.42024230957031,141.9199981689453,71.07559204101562
2019-09-09,268.574951171875,94.83124542236328,141.38999938964844,70.73334503173828
2019-09-10,268.5118103027344,94.14124298095703,140.17999267578125,70.00318145751953
2019-09-11,270.42138671875,94.04869842529297,141.02999877929688,70.0792236328125
2019-09-12,271.3580322265625,93.83837890625,141.32000732421875,70.45191955566406
2019-09-13,271.177978515625,92.98006439208984,140.14999389648438,69.6989517211914
2019-09-16,270.3402099609375,93.38394927978516,141.32000732421875,70.30743408203125
2019-09-17,271.0247497558594,93.62798309326172,141.60000610351562,71.06797790527344
2019-09-18,271.1869201660156,93.66163635253906,140.7100067138672,70.8246078491211
2019-09-19,271.1688232421875,93.70372772216797,141.27999877929688,71.07559204101562
2019-09-20,269.8875732421875,94.24222564697266,142.9499969482422,71.07559204101562
2019-09-23,269.82427978515625,94.37689208984375,143.75,71.1896743774414
2019-09-24,267.70697021484375,94.84809112548828,144.50999450683594,71.0317611694336
2019-09-25,269.2904357910156,94.22540283203125,141.8300018310547,71.16975402832031
2019-09-26,268.7294616699219,94.4273681640625,141.7899932861328,71.76774597167969
2019-09-27,267.28167724609375,94.56200408935547,141.05999755859375,71.36907958984375
2019-09-30,268.5212707519531,94.6376953125,138.8699951171875,71.49173736572266
2019-10-01,265.3273010253906,94.8998031616211,139.6300048828125,70.81707763671875
2019-10-02,260.640380859375,95.22844696044922,141.25999450683594,70.51808166503906
2019-10-03,262.7757873535156,95.72566986083984,141.89999389648438,71.2004165649414
2019-10-04,266.3316650390625,95.91107940673828,141.89999389648438,71.62974548339844
2019-10-07,265.1825256347656,95.59082794189453,140.69000244140625,71.47643280029297
2019-10-08,261.0657043457031,95.7930679321289,141.9199981689453,71.10075378417969
2019-10-09,263.54486083984375,95.54869079589844,142.0500030517578,71.23872375488281
2019-10-10,265.3273010253906,94.95032501220703,140.80999755859375,71.3537368774414
2019-10-11,268.0779724121094,94.30145263671875,140.02999877929688,71.32308197021484
2019-10-14,267.7793884277344,94.56273651123047,140.58999633789062,71.3537368774414
2019-10-15,270.4305725097656,94.1076431274414,139.61000061035156,71.44573974609375
2019-10-16,269.9962158203125,94.2930679321289,140.41000366210938,71.45338439941406
2019-10-17,270.79248046875,94.25935363769531,140.61000061035156,71.92108917236328
2019-10-18,269.60711669921875,94.34359741210938,140.4600067138672,72.47309112548828
2019-10-21,271.434814453125,93.99809265136719,139.7899932861328,73.0250473022461
2019-10-22,270.5480651855469,94.21720886230469,140.1999969482422,72.8104019165039
2019-10-23,271.3353271484375,94.25089263916016,140.52999877929688,72.97140502929688
2019-10-24,271.7785949707031,94.23403930664062,141.52999877929688,72.78740692138672
2019-10-25,272.8916015625,94.03181457519531,141.86000061035156,72.1664047241211
2019-10-28,274.4298095703125,93.67784881591797,140.63999938964844,71.72941589355469
2019-10-29,274.3482666015625,93.7621078491211,140.25,72.1664047241211
2019-10-30,275.1898498535156,94.21720886230469,141.02000427246094,72.42706298828125
2019-10-31,274.4569396972656,94.81553649902344,142.42999267578125,72.29673767089844
2019-11-01,276.99951171875,94.63658142089844,142.55999755859375,72.2813949584961
2019-11-04,278.11236572265625,94.155517578125,142.14999389648438,71.77539825439453
2019-11-05,277.8047790527344,93.64910888671875,139.85000610351562,70.55640411376953
2019-11-06,277.8680725097656,93.91919708251953,140.4499969482422,70.70974731445312
2019-11-07,278.8452453613281,93.16805267333984,138.27000427246094,70.00440216064453
2019-11-08,279.53289794921875,93.04146575927734,137.38999938964844,69.83573150634766
2019-11-11,278.9990539550781,93.14274597167969,137.05999755859375,69.98907470703125
2019-11-12,279.58721923828125,93.18494415283203,137.42999267578125,69.46006774902344
2019-11-13,279.677734375,93.43814086914062,137.97999572753906,70.0964126586914
2019-11-14,280.0848693847656,93.9107894897461,138.55999755859375,70.64073944091797
2019-11-15,282.11163330078125,93.8348388671875,138.2100067138672,71.0240707397461
2019-11-18,282.3196716308594,93.99517059326172,138.6199951171875,71.36907958984375
2019-11-19,282.23828125,94.17243957519531,138.69000244140625,71.49173736572266
2019-11-20,281.18878173828125,94.51844787597656,138.75999450683594,71.45338439941406
2019-11-21,280.73626708984375,94.28215026855469,138.0,70.44906616210938
2019-11-22,281.3606872558594,94.26526641845703,137.74000549316406,70.18838500976562
2019-11-25,283.54119873046875,94.30745697021484,137.0800018310547,70.41075134277344
2019-11-26,284.1836853027344,94.48468017578125,137.74000549316406,71.34606170654297
2019-11-27,285.4504089355469,94.23993682861328,137.00999450683594,71.68341064453125
2019-11-29,284.3917236328125,94.1639633178711,137.86000061035156,71.3537368774414
2019-12-02,281.9759521484375,93.82586669921875,137.7899932861328,70.27274322509766
2019-12-03,280.0848693847656,94.66261291503906,139.11000061035156,70.72506713867188
2019-12-04,281.8131408691406,94.2991714477539,138.9199981689453,71.01640319824219
2019-12-05,282.3196716308594,94.07946014404297,139.0,71.05473327636719
2019-12-06,284.8984069824219,93.79208374023438,137.6199951171875,71.2004165649414
2019-12-09,284.0027770996094,93.8681411743164,137.5800018310547,71.33840942382812
2019-12-10,283.6860656738281,93.75826263427734,137.97000122070312,70.92442321777344
2019-12-11,284.4913330078125,94.14706420898438,138.9199981689453,70.20375061035156
2019-12-12,286.94342041015625,93.40330505371094,138.42999267578125,69.25305938720703
2019-12-13,287.11529541015625,93.95268249511719,139.0500030517578,69.26837921142578
2019-12-16,289.0877380371094,93.51319885253906,139.0399932861328,69.7667465209961
2019-12-17,289.1510925292969,93.52161407470703,139.00999450683594,69.10738372802734
2019-12-18,289.1691589355469,93.2680435180664,139.02000427246094,69.94971466064453
2019-12-19,290.3544921875,93.3408432006836,139.3800048828125,70.56962585449219
2019-12-20,291.62744140625,93.3408432006836,139.52000427246094,70.95709991455078
2019-12-23,292.0729064941406,93.25621795654297,139.9499969482422,70.6006088256836
2019-12-24,292.0820617675781,93.41703033447266,141.27000427246094,70.78662109375
2019-12-26,293.636962890625,93.55245208740234,142.3800048828125,71.09654998779297
2019-12-27,293.56414794921875,93.68782806396484,142.3300018310547,71.32125854492188
2019-12-30,291.9457092285156,93.62862396240234,142.6300048828125,71.39102935791016
2019-12-31,292.6548767089844,93.29006958007812,142.89999389648438,71.90243530273438
2020-01-02,295.39178466796875,93.72171020507812,143.9499969482422,71.05780029296875
2020-01-03,293.1549987792969,94.34808349609375,145.86000061035156,71.49949645996094
2020-01-06,294.27337646484375,94.24649047851562,147.38999938964844,71.58474731445312
2020-01-07,293.446044921875,94.11106872558594,147.97000122070312,70.78662109375
2020-01-08,295.0097961425781,93.89102935791016,146.86000061035156,71.00355529785156
2020-01-09,297.01019287109375,93.95870208740234,146.02999877929688,70.96484375
2020-01-10,296.1556091308594,94.16181945800781,146.91000366210938,71.50725555419922
2020-01-13,298.1922607421875,94.05180358886719,145.82000732421875,72.36737060546875
2020-01-14,297.7376403808594,94.238037109375,145.69000244140625,72.09617614746094
2020-01-15,298.4104919433594,94.47501373291016,146.5399932861328,72.74708557128906
2020-01-16,300.89276123046875,94.28034973144531,146.30999755859375,73.3282470703125
2020-01-17,301.8293762207031,94.20418548583984,146.5800018310547,73.39800262451172
2020-01-21,301.23834228515625,94.57658386230469,146.74000549316406,74.09540557861328
2020-01-22,301.2746887207031,94.59349822998047,146.7899932861328,73.59947967529297
2020-01-23,301.6202697753906,94.83053588867188,147.1199951171875,74.21936798095703
2020-01-24,298.9378662109375,95.1690673828125,147.97999572753906,73.96365356445312
2020-01-27,294.1460266113281,95.81232452392578,148.99000549316406,73.60722351074219
2020-01-28,297.228515625,95.49069213867188,147.66000366210938,73.90169525146484
2020-01-29,296.9829406738281,95.94776916503906,148.4600067138672,73.63044738769531
2020-01-30,297.94683837890625,96.04083251953125,148.47000122070312,73.6846923828125
2020-01-31,292.53668212890625,96.52330780029297,149.3300018310547,72.78582763671875
2020-02-03,294.7098693847656,96.44111633300781,148.36000061035156,73.02604675292969
2020-02-04,299.2016296386719,95.88172912597656,146.42999267578125,73.77767181396484
2020-02-05,302.65673828125,95.4664306640625,146.61000061035156,73.82418823242188
2020-02-06,303.6750793457031,95.53425598144531,147.39999389648438,74.07215118408203
2020-02-07,302.0567321777344,95.99191284179688,147.7899932861328,74.05664825439453
2020-02-10,304.3115539550781,96.17835998535156,148.1699981689453,74.88578796386719
2020-02-11,304.8389587402344,95.94950866699219,147.66000366210938,75.45146179199219
2020-02-12,306.80303955078125,95.70372772216797,147.5399932861328,75.90089416503906
2020-02-13,306.4757080078125,95.7884750366211,148.3800048828125,76.35809326171875
2020-02-14,306.9666748046875,96.02579498291016,149.0,77.14846801757812
2020-02-18,306.1755676269531,96.17835998535156,150.91000366210938,77.06324005126953
2020-02-19,307.6396179199219,96.16143035888672,151.7899932861328,76.0248794555664
2020-02-20,306.3756408691406,96.44111633300781,152.41000366210938,76.93150329589844
2020-02-21,303.22052001953125,96.83097076416016,154.6999969482422,77.15623474121094
2020-02-24,293.1640625,97.58528900146484,156.08999633789062,76.10237884521484
2020-02-25,284.28057861328125,97.85649108886719,153.3000030517578,74.04115295410156
2020-02-26,283.2348937988281,97.8056411743164,153.97000122070312,73.24300384521484
2020-02-27,270.5143737792969,98.2802734375,154.0,69.34529113769531
2020-02-28,269.3778381347656,99.38207244873047,148.3800048828125,67.67152404785156
2020-03-02,281.0436096191406,99.31415557861328,149.1999969482422,70.56187438964844
2020-03-03,272.9966735839844,100.46818542480469,153.88999938964844,70.39916229248047
2020-03-04,284.47149658203125,100.24758911132812,154.16000366210938,73.0570297241211
2020-03-05,275.0152587890625,101.13854217529297,157.49000549316406,71.49176025390625
2020-03-06,270.46893310546875,102.165283203125,157.5500030517578,70.25967407226562
2020-03-09,249.3467559814453,103.08173370361328,157.80999755859375,64.84317779541016
2020-03-10,262.2490539550781,101.18948364257812,154.47999572753906,67.58270263671875
2020-03-11,249.46498107910156,100.1796875,153.92999267578125,63.521785736083984
2020-03-12,225.59690856933594,100.23060607910156,147.7899932861328,57.08683776855469
2020-03-13,244.88229370117188,99.57720947265625,143.27999877929688,62.06925582885742
2020-03-16,218.0863800048828,102.20771026611328,141.63999938964844,51.0657844543457
2020-03-17,229.8612823486328,99.64511108398438,143.55999755859375,54.01774215698242
2020-03-18,218.22276306152344,98.2619857788086,140.6999969482422,48.879146575927734
2020-03-19,218.68646240234375,98.5844497680664,138.0399932861328,49.05096435546875
2020-03-20,209.26234436035156,101.09612274169922,140.11000061035156,46.606605529785156
2020-03-23,203.91189575195312,102.29254913330078,146.3000030517578,44.44340515136719
2020-03-24,222.38699340820312,101.59675598144531,153.39999389648438,48.44182205200195
2020-03-25,225.71615600585938,101.65615844726562,151.3000030517578,51.050167083740234
2020-03-26,238.89572143554688,101.90223693847656,153.24000549316406,54.650306701660156
2020-03-27,231.78001403808594,102.65746307373047,152.25,54.70497512817383
2020-03-30,239.3072509765625,102.89503479003906,152.9199981689453,55.89982604980469
2020-03-31,235.74024963378906,103.08173370361328,148.0500030517578,54.54878234863281
2020-04-01,225.1307830810547,103.50140380859375,149.4499969482422,50.964271545410156
2020-04-02,230.3258056640625,103.51837921142578,151.89999389648438,51.136070251464844
2020-04-03,226.99659729003906,103.59484100341797,152.64999389648438,50.3941764831543
2020-04-06,242.24305725097656,103.12761688232422,156.8800048828125,54.12706756591797
2020-04-07,242.49009704589844,102.66883850097656,156.0399932861328,54.62688064575195
2020-04-08,250.63009643554688,102.54138946533203,154.64999389648438,58.351966857910156
2020-04-09,254.44398498535156,102.76227569580078,158.69000244140625,61.62412643432617
2020-04-13,252.12081909179688,102.54138946533203,161.41000366210938,59.031394958496094
2020-04-14,259.5566711425781,102.67733764648438,162.67999267578125,60.68699264526367
2020-04-15,254.04156494140625,103.59484100341797,161.85000610351562,58.28168487548828
2020-04-16,255.26718139648438,103.70528411865234,161.7100067138672,57.617889404296875
2020-04-17,262.1633605957031,103.4334487915039,158.57000732421875,59.437477111816406
2020-04-20,257.5445556640625,103.70528411865234,159.6999969482422,57.2274055480957
2020-04-21,249.7246856689453,103.99415588378906,158.61000061035156,56.18876647949219
2020-04-22,255.26718139648438,103.67131805419922,161.72999572753906,57.047786712646484
2020-04-23,255.24888610839844,103.73927307128906,163.33999633789062,56.571414947509766
2020-04-24,258.80670166015625,103.7647476196289,162.63999938964844,56.81351089477539
2020-04-27,262.5382995605469,103.21257781982422,161.55999755859375,58.758056640625
2020-04-28,261.3309631347656,103.66281127929688,160.83999633789062,59.242244720458984
2020-04-29,268.1721496582031,103.6118392944336,161.72999572753906,60.13251876831055
2020-04-30,265.6754150390625,103.36546325683594,158.8000030517578,59.437477111816406
2020-05-01,258.6420593261719,103.50830841064453,159.77999877929688,57.43046951293945
2020-05-04,259.35546875,103.52536010742188,160.33999633789062,57.14931869506836
2020-05-05,261.7516784667969,103.44883728027344,161.02000427246094,57.43046951293945
2020-05-06,259.9774169921875,103.06609344482422,158.9499969482422,56.39962387084961
2020-05-07,263.1144714355469,103.6954345703125,161.38999938964844,57.2039909362793
2020-05-08,267.46807861328125,103.3552474975586,160.4199981689453,58.562801361083984
2020-05-11,267.5229187011719,103.06609344482422,159.4199981689453,57.71159362792969
2020-05-12,262.1907653808594,103.40631103515625,160.0399932861328,55.087642669677734
2020-05-13,257.5536804199219,103.61886596679688,161.5800018310547,53.75222396850586
2020-05-14,260.6359558105469,103.78048706054688,163.00999450683594,53.93965530395508
2020-05-15,261.8340148925781,103.71243286132812,163.92999267578125,53.728790283203125
2020-05-18,269.8094177246094,103.0745849609375,162.69000244140625,56.90723419189453
2020-05-19,267.0382080078125,103.36376953125,164.25999450683594,56.141902923583984
2020-05-20,271.5746154785156,103.38928985595703,164.64999389648438,56.641700744628906
2020-05-21,269.6997375488281,103.45728302001953,162.25,56.68857955932617
2020-05-22,270.2118225097656,103.65293884277344,163.2100067138672,57.453887939453125
2020-05-26,273.54095458984375,103.38079833984375,160.88999938964844,59.60146713256836
2020-05-27,277.6110534667969,103.46583557128906,161.17999267578125,60.788490295410156
2020-05-28,277.0988464355469,103.37229919433594,161.72000122070312,61.077457427978516
2020-05-29,278.3335266113281,103.70392608642578,162.91000366210938,60.46831512451172
2020-06-01,279.45855712890625,103.66305541992188,163.66000366210938,61.866214752197266
2020-06-02,281.7724304199219,103.49283599853516,162.60000610351562,62.36600875854492
2020-06-03,285.5223693847656,102.87987518310547,159.60000610351562,64.36521911621094
2020-06-04,284.7723388671875,102.47128295898438,161.27999877929688,63.72486114501953
2020-06-05,292.0709228515625,101.96045684814453,158.00999450683594,66.13796997070312
2020-06-08,295.6013488769531,102.07115173339844,159.72000122070312,67.77794647216797
2020-06-09,293.39715576171875,102.43721008300781,161.25999450683594,66.65337371826172
2020-06-10,291.7599182128906,103.20337677001953,163.57000732421875,64.95873260498047
2020-06-11,274.9403381347656,103.56944274902344,162.38999938964844,60.788490295410156
2020-06-12,278.2330322265625,103.33956909179688,162.6199951171875,62.96733474731445
2020-06-15,280.83050537109375,103.25444030761719,162.3300018310547,63.85759735107422
2020-06-16,286.23577880859375,103.0416488647461,162.25,65.11490631103516
2020-06-17,285.0467529296875,103.20337677001953,162.55999755859375,64.16999816894531
2020-06-18,285.1565856933594,103.4332275390625,162.24000549316406,63.46712112426758
2020-06-19,283.5269775390625,103.46728515625,164.02999877929688,62.54561996459961
2020-06-22,285.34588623046875,103.37364959716797,165.08999633789062,62.48314666748047
2020-06-23,286.6593933105469,103.33956909179688,166.47999572753906,62.22542953491211
2020-06-24,279.3470764160156,103.535400390625,165.89999389648438,60.452701568603516
2020-06-25,282.34185791015625,103.55244445800781,165.8000030517578,61.22481918334961
2020-06-26,275.6357727050781,103.8333511352539,166.5399932861328,60.04970169067383
2020-06-29,279.6869812011719,103.93549346923828,166.6300048828125,61.20903778076172
2020-06-30,283.2696838378906,103.74818420410156,167.3699951171875,61.934627532958984
2020-07-01,285.2539367675781,103.58634185791016,166.6199951171875,63.36212921142578
2020-07-02,286.8247985839844,103.71414184570312,166.97999572753906,63.180747985839844
2020-07-06,291.2525634765625,103.5607681274414,167.97999572753906,63.149200439453125
2020-07-07,288.2486572265625,103.89305877685547,169.0399932861328,61.895198822021484
2020-07-08,290.45330810546875,103.73118591308594,170.08999633789062,61.80844497680664
2020-07-09,288.79986572265625,104.0634994506836,169.6300048828125,61.421974182128906
2020-07-10,291.7486572265625,103.85900115966797,169.19000244140625,61.61126708984375
2020-07-13,289.2224426269531,103.96976470947266,169.39999389648438,60.87781524658203
2020-07-14,292.9704284667969,103.96125030517578,170.19000244140625,61.390419006347656
2020-07-15,295.6619873046875,103.92715454101562,170.33999633789062,61.989837646484375
2020-07-16,294.6883544921875,104.00382232666016,168.72999572753906,61.248470306396484
2020-07-17,295.5426330566406,103.97825622558594,170.1199951171875,62.045047760009766
2020-07-20,297.9311218261719,104.04646301269531,170.94000244140625,61.3036994934082
2020-07-21,298.5649108886719,104.15719604492188,173.0,61.45354080200195
2020-07-22,300.26446533203125,104.19129180908203,175.6300048828125,62.39205551147461
2020-07-23,296.6817321777344,104.29353332519531,177.17999267578125,62.13178634643555
2020-07-24,294.7709655761719,104.24241638183594,178.6999969482422,61.67437744140625
2020-07-27,296.920654296875,104.08051300048828,182.22999572753906,62.25798797607422
2020-07-28,295.0373840332031,104.3276138305664,183.75,63.49620056152344
2020-07-29,298.66595458984375,104.46395874023438,185.1300048828125,64.72655487060547
2020-07-30,297.6003112792969,104.60880279541016,183.75999450683594,64.30854034423828
2020-07-31,299.9520568847656,104.63434600830078,185.42999267578125,64.19024658203125
2020-08-03,302.037353515625,104.58317565917969,185.63999938964844,63.33844757080078
2020-08-04,303.2040100097656,104.94133758544922,189.58999633789062,64.2848892211914
2020-08-05,305.087158203125,104.59175872802734,191.35000610351562,63.96153259277344
2020-08-06,307.12652587890625,104.71112823486328,193.88999938964844,64.06404113769531
2020-08-07,307.3470764160156,104.48938751220703,190.80999755859375,64.9789047241211
2020-08-10,308.2657165527344,104.37854766845703,190.14999389648438,65.08142852783203
2020-08-11,305.7210693359375,104.02040100097656,179.94000244140625,64.14292907714844
2020-08-12,309.9834899902344,103.7134017944336,179.10000610351562,64.78962707519531
2020-08-13,309.4230651855469,103.50017547607422,183.3300018310547,63.993064880371094
2020-08-14,309.43231201171875,103.55136108398438,182.5399932861328,64.0009536743164
2020-08-17,310.41534423828125,103.72190856933594,186.5,64.521484375
2020-08-18,311.08587646484375,103.90098571777344,188.17999267578125,64.2138900756836
2020-08-19,309.7906799316406,103.76454162597656,182.24000549316406,63.08609390258789
2020-08-20,310.7552490234375,104.06301879882812,183.5,63.68547058105469
2020-08-21,311.85748291015625,104.1397476196289,182.02999877929688,63.78803253173828
2020-08-24,315.01763916015625,103.99478149414062,181.0,64.1981201171875
2020-08-25,316.11993408203125,103.74748229980469,181.22000122070312,64.36373901367188
2020-08-26,319.28936767578125,103.70487213134766,183.36000061035156,63.77224349975586
2020-08-27,319.987548828125,103.3381576538086,181.24000549316406,64.71076202392578
2020-08-28,322.0542907714844,103.50870513916016,184.38999938964844,65.13662719726562
2020-08-31,320.8877258300781,103.61956024169922,184.8300018310547,64.47416687011719
2020-09-01,323.9100646972656,103.9592056274414,185.0500030517578,64.521484375
2020-09-02,328.59503173828125,104.1042709350586,182.6199951171875,65.72027587890625
2020-09-03,317.2865905761719,104.24083709716797,181.13999938964844,64.93159484863281
2020-09-04,314.6959533691406,103.66053009033203,181.63999938964844,64.59246063232422
2020-09-08,306.0976867675781,103.8824234008789,181.2899932861328,63.803802490234375
2020-09-09,312.1423034667969,103.83123016357422,183.0500030517578,64.4347152709961
2020-09-10,306.72235107421875,103.9592056274414,182.4600067138672,63.64604187011719
2020-09-11,306.8785400390625,104.12134552001953,182.4499969482422,63.29116439819336
2020-09-14,310.9205627441406,104.02748107910156,183.88999938964844,64.83695220947266
2020-09-15,312.4914245605469,103.97626495361328,183.4499969482422,65.61772155761719
2020-09-16,311.251220703125,103.91651916503906,183.97000122070312,65.96476745605469
2020-09-17,308.513671875,103.95067596435547,182.9600067138672,64.67922973632812
2020-09-18,304.9618225097656,103.85682678222656,183.1999969482422,63.220176696777344
2020-09-21,301.5677795410156,104.0445785522461,179.52000427246094,61.319454193115234
2020-09-22,304.6390380859375,104.0445785522461,178.64999389648438,62.05293273925781
2020-09-23,297.57421875,104.0445785522461,174.7899932861328,60.18377685546875
2020-09-24,298.3674011230469,104.09577178955078,175.44000244140625,60.50712966918945
2020-09-25,303.19097900390625,104.18111419677734,174.94000244140625,61.754940032958984
2020-09-28,308.2268981933594,104.16403198242188,176.6999969482422,63.018646240234375
2020-09-29,306.5482482910156,104.24083709716797,178.19000244140625,62.56561279296875
2020-09-30,308.8725280761719,103.9592056274414,177.1199951171875,62.75636291503906
2020-10-01,310.85546875,104.01814270019531,178.6999969482422,64.01215362548828
2020-10-02,307.9040222167969,103.91565704345703,178.5399932861328,65.11689758300781
2020-10-05,313.3641357421875,103.25811004638672,179.41000366210938,65.49044799804688
2020-10-06,308.9093322753906,103.49723815917969,177.3000030517578,65.06124877929688
2020-10-07,314.286376953125,103.19834899902344,177.22000122070312,65.15663146972656
2020-10-08,317.0718688964844,103.38622283935547,177.85000610351562,66.24549102783203
2020-10-09,319.9033508300781,103.33500671386719,181.0800018310547,65.98320770263672
2020-10-12,325.0498046875,103.44599914550781,180.55999755859375,66.29318237304688
2020-10-13,322.9284973144531,103.67659759521484,177.72000122070312,65.15663146972656
2020-10-14,320.89935302734375,103.71073913574219,178.27000427246094,64.36185455322266
2020-10-15,320.50286865234375,103.59969329833984,178.9199981689453,64.69564819335938
2020-10-16,320.3092041015625,103.53995513916016,178.3000030517578,64.23469543457031
2020-10-19,315.4393310546875,103.3691635131836,178.38999938964844,63.23324203491211
2020-10-20,316.702880859375,103.1470947265625,179.25,63.68626022338867
2020-10-21,316.1034240722656,103.01049041748047,180.60000610351562,63.495521545410156
2020-10-22,317.8373718261719,102.65182495117188,178.8300018310547,63.48756790161133
2020-10-23,318.9164123535156,102.7970199584961,178.63999938964844,63.86907196044922
2020-10-26,313.0227966308594,103.07027435302734,178.5500030517578,62.9550666809082
2020-10-27,311.9437255859375,103.30079650878906,179.02000427246094,61.94568634033203
2020-10-28,301.2818603515625,103.29228210449219,176.1300048828125,60.46738052368164
2020-10-29,304.34393310546875,102.85678100585938,175.39999389648438,61.278072357177734
2020-10-30,301.1712341308594,102.52375030517578,176.1999969482422,60.87272262573242
2020-11-02,304.5467834472656,102.69981384277344,177.91000366210938,62.32719039916992
2020-11-03,309.9239501953125,102.46904754638672,178.9199981689453,63.527313232421875
2020-11-04,316.8504943847656,103.33209228515625,178.82000732421875,63.638587951660156
2020-11-05,323.0298767089844,103.31502532958984,182.92999267578125,63.94059753417969
2020-11-06,322.95623779296875,102.96468353271484,183.19000244140625,63.50348663330078
2020-11-09,327.0143737792969,102.20417022705078,175.0800018310547,65.75273132324219
2020-11-10,326.53472900390625,101.91365051269531,175.66000366210938,66.71443939208984
2020-11-11,328.96044921875,102.07599639892578,174.89999389648438,66.96874237060547
2020-11-12,325.7691345214844,102.65702819824219,175.9600067138672,66.09446716308594
2020-11-13,330.2793273925781,102.5202865600586,177.16000366210938,67.85890197753906
2020-11-16,334.4021301269531,102.44344329833984,177.14999389648438,68.62189483642578
2020-11-17,332.60357666015625,102.70832824707031,176.5,68.68550109863281
2020-11-18,328.6006774902344,102.67417907714844,175.49000549316406,67.3502426147461
2020-11-19,329.98419189453125,102.78518676757812,175.16000366210938,67.61251831054688
2020-11-20,327.7244873046875,102.96468353271484,175.69000244140625,67.24693298339844
2020-11-23,329.6890869140625,102.75958251953125,172.22999572753906,67.37407684326172
2020-11-24,335.00152587890625,102.59723663330078,169.58999633789062,67.73174285888672
2020-11-25,334.4849853515625,102.63143157958984,169.50999450683594,67.7714614868164
2020-11-27,335.4166564941406,102.93901824951172,167.7899932861328,67.4694595336914
2020-11-30,333.9316101074219,102.87065887451172,166.6699981689453,66.76210021972656
2020-12-01,337.583984375,102.32342529296875,170.17999267578125,67.62046813964844
2020-12-02,338.2941589355469,102.15242004394531,171.4600067138672,67.08796691894531
2020-12-03,338.2019958496094,102.42606353759766,172.80999755859375,67.65225982666016
2020-12-04,341.1164855957031,102.024169921875,172.32000732421875,68.68550109863281
2020-12-07,340.41552734375,102.34054565429688,174.88999938964844,68.08939361572266
2020-12-08,341.41156005859375,102.44316864013672,175.5,67.8509750366211
2020-12-09,338.3494873046875,102.29781341552734,172.5,67.42971801757812
2020-12-10,338.2388610839844,102.52867889404297,172.1699981689453,67.13565826416016
2020-12-11,337.8421936035156,102.7338638305664,172.49000549316406,67.07206726074219
2020-12-14,336.3297119140625,102.67399597167969,171.5399932861328,66.77799224853516
2020-12-15,340.87664794921875,102.57140350341797,173.94000244140625,68.14503479003906
2020-12-16,341.41156005859375,102.48587799072266,174.89999389648438,68.2245101928711
2020-12-17,343.32080078125,102.41145324707031,176.74000549316406,68.8841781616211
2020-12-18,341.9499816894531,102.32591247558594,176.44000244140625,67.50126647949219
2020-12-21,340.727294921875,102.39434814453125,175.8800048828125,67.1197509765625
2020-12-22,340.15301513671875,102.56548309326172,174.49000549316406,67.58867645263672
2020-12-23,340.4587097167969,102.35157775878906,175.64999389648438,67.15153503417969
2020-12-24,341.7831726074219,102.49703216552734,176.35000610351562,67.73946380615234
2020-12-28,344.71942138671875,102.50558471679688,175.7100067138672,68.14321899414062
2020-12-29,344.061767578125,102.48849487304688,176.35000610351562,67.56180572509766
2020-12-30,344.55267333984375,102.55693054199219,177.6999969482422,67.93327331542969
2020-12-31,346.30328369140625,102.62533569335938,178.36000061035156,68.58740997314453
2021-01-04,341.58868408203125,102.65101623535156,182.3300018310547,66.3584976196289
2021-01-05,343.94134521484375,102.41145324707031,182.8699951171875,66.45540618896484
2021-01-06,345.9975891113281,101.81254577636719,179.89999389648438,66.56848907470703
2021-01-07,351.1382141113281,101.45325469970703,179.47999572753906,66.43925476074219
2021-01-08,353.13897705078125,101.162353515625,173.33999633789062,67.08531951904297
2021-01-11,350.758544921875,100.9655532836914,173.0,66.19698333740234
2021-01-12,350.8326416015625,100.94841766357422,174.1199951171875,66.35042572021484
2021-01-13,351.77734375,101.29922485351562,173.3699951171875,67.15799713134766
2021-01-14,350.5454406738281,101.0682144165039,173.27999877929688,67.55369567871094
2021-01-15,347.9890441894531,101.3420181274414,171.1300048828125,68.32898712158203
2021-01-19,350.7213439941406,101.40188598632812,172.5800018310547,68.13517761230469
2021-01-20,355.5749816894531,101.44465637207031,175.38999938964844,69.43535614013672
2021-01-21,355.89910888671875,101.29922485351562,175.27999877929688,69.10426330566406
2021-01-22,354.639404296875,101.45325469970703,173.89999389648438,69.26576232910156
2021-01-25,356.0380859375,101.8638687133789,174.0500030517578,69.79071807861328
2021-01-26,355.48236083984375,101.82965850830078,173.6199951171875,70.28331756591797
2021-01-27,346.7942199707031,101.94949340820312,172.52000427246094,69.0396499633789
2021-01-28,349.7767028808594,101.6842269897461,172.67999267578125,69.41114044189453
2021-01-29,342.7742919921875,101.50456237792969,172.61000061035156,68.61164093017578
2021-02-01,348.4799499511719,101.63126373291016,174.22999572753906,70.1783447265625
2021-02-02,353.40753173828125,101.3744125366211,172.11000061035156,70.5982666015625
2021-02-03,353.6854553222656,101.12615966796875,171.85000610351562,70.42061614990234
2021-02-04,357.7052307128906,101.09191131591797,168.14999389648438,70.90516662597656
2021-02-05,359.1131591796875,100.87786102294922,169.80999755859375,71.15548706054688
2021-02-08,361.70672607421875,100.92066955566406,171.52000427246094,71.54312896728516
2021-02-09,361.46588134765625,100.99774169921875,172.0800018310547,71.79348754882812
2021-02-10,361.30841064453125,101.25459289550781,172.7100067138672,72.18112182617188
2021-02-11,361.8918762207031,101.17752838134766,171.2100067138672,72.3345718383789
2021-02-12,363.6795959472656,100.84364318847656,170.69000244140625,72.35071563720703
2021-02-16,363.3645324707031,100.11592864990234,168.24000549316406,71.79348754882812
2021-02-17,363.447998046875,100.18439483642578,166.3300018310547,71.70466613769531
2021-02-18,361.9011535644531,100.17587280273438,166.32000732421875,71.39777374267578
2021-02-19,361.2620849609375,99.77349853515625,167.00999450683594,71.80964660644531
2021-02-22,358.4833068847656,99.61079406738281,169.50999450683594,72.4072494506836
2021-02-23,358.9185791015625,99.68785858154297,169.1199951171875,72.8594970703125
2021-02-24,362.8737487792969,99.5509033203125,169.0,73.4167251586914
2021-02-25,354.1300354003906,98.22386169433594,165.82000732421875,72.01154327392578
2021-02-26,352.3052978515625,99.10567474365234,161.80999755859375,70.96170043945312
2021-03-01,360.8452453613281,98.99434661865234,161.52999877929688,71.2766342163086
2021-03-02,358.0294189453125,99.1742172241211,162.41000366210938,70.59020233154297
2021-03-03,353.2870788574219,98.64311218261719,160.6199951171875,70.18641662597656
2021-03-04,348.9152526855469,98.1548080444336,159.0399932861328,69.38691711425781
2021-03-05,355.3341369628906,98.0177230834961,159.13999938964844,70.14603424072266
2021-03-08,353.56500244140625,97.63224029541016,157.49000549316406,70.75172424316406
2021-03-09,358.6129455566406,98.09484100341797,160.83999633789062,71.2201156616211
2021-03-10,360.8452453613281,98.30046081542969,161.66000366210938,71.93077850341797
2021-03-11,364.50390625,98.26615905761719,161.52000427246094,72.77066040039062
2021-03-12,364.994873046875,97.5551528930664,161.49000549316406,73.99009704589844
2021-03-15,367.1714782714844,97.6750717163086,162.1999969482422,75.08839416503906
2021-03-16,366.7083740234375,97.657958984375,162.35000610351562,74.7815170288086
2021-03-17,367.95880126953125,97.49515533447266,163.50999450683594,74.84613800048828
2021-03-18,362.6051025390625,96.88697052001953,162.55999755859375,74.08699035644531
2021-03-19,361.9341735839844,96.8270263671875,163.24000549316406,73.0775375366211
2021-03-22,364.82427978515625,97.14395904541016,163.0,73.59437561035156
2021-03-23,361.9527282714844,97.62368774414062,161.80999755859375,73.48939514160156
2021-03-24,360.11279296875,97.7521743774414,162.3699951171875,73.0775375366211
2021-03-25,362.138671875,97.62368774414062,161.77999877929688,73.82159423828125
2021-03-26,367.9745178222656,97.29815673828125,162.24000549316406,75.4136962890625
2021-03-29,367.78863525390625,96.96407318115234,160.30999755859375,74.9750747680664
2021-03-30,366.8128356933594,96.87837982177734,157.57000732421875,75.07254791259766
2021-03-31,368.2996520996094,96.74134063720703,159.9600067138672,74.61764526367188
2021-04-01,372.2770080566406,97.16991424560547,161.97999572753906,75.97418975830078
2021-04-05,377.62030029296875,96.89566040039062,161.9199981689453,76.26661682128906
2021-04-06,377.39727783203125,97.3670654296875,163.22000122070312,76.46156311035156
2021-04-07,377.83404541015625,97.30709075927734,162.75999450683594,76.5184326171875
2021-04-08,379.6275634765625,97.64139556884766,164.50999450683594,76.234130859375
2021-04-09,382.38751220703125,97.38421630859375,163.27000427246094,76.144775390625
2021-04-12,382.52691650390625,97.3241958618164,162.27999877929688,76.59153747558594
2021-04-13,383.66064453125,97.7270736694336,163.42999267578125,76.97331237792969
2021-04-14,382.350341796875,97.60707092285156,162.72000122070312,76.56717681884766
2021-04-15,386.457763671875,98.23283386230469,165.35000610351562,77.90746307373047
2021-04-16,387.7494201660156,97.96707153320312,166.35000610351562,78.07804870605469
2021-04-19,385.844482421875,97.86424255371094,165.88999938964844,78.23236846923828
2021-04-20,383.01947021484375,98.15567016601562,166.47999572753906,78.87409210205078
2021-04-21,386.6436462402344,98.20711517333984,168.1300048828125,79.39398193359375
2021-04-22,383.1123352050781,98.28425598144531,167.0399932861328,78.96343994140625
2021-04-23,387.2662048339844,98.15567016601562,166.39999389648438,79.42645263671875
2021-04-26,388.0747375488281,98.05282592773438,166.83999633789062,79.66199493408203
2021-04-27,387.9910888671875,97.66708374023438,166.4199981689453,79.6539077758789
2021-04-28,387.8795166015625,97.79566955566406,166.91000366210938,79.48331451416016
2021-04-29,390.3514099121094,97.62422943115234,166.22000122070312,80.16566467285156
2021-04-30,387.7865905761719,97.70991516113281,165.66000366210938,80.48243713378906
2021-05-03,388.6229553222656,97.87637329101562,167.80999755859375,80.3281021118164
2021-05-04,386.2254943847656,98.00502014160156,166.5800018310547,79.8082275390625
2021-05-05,386.34619140625,98.12506866455078,167.27000427246094,78.48417663574219
2021-05-06,389.43145751953125,98.1679916381836,170.05999755859375,78.92284393310547
2021-05-07,392.2657775878906,98.20231628417969,171.58999633789062,79.96257019042969
2021-05-10,388.3813781738281,98.00502014160156,172.11000061035156,79.93821716308594
2021-05-11,384.9151306152344,97.84201049804688,172.13999938964844,78.93096160888672
2021-05-12,376.7375183105469,97.37024688720703,170.42999267578125,76.93269348144531
2021-05-13,381.26312255859375,97.6961669921875,171.1300048828125,77.93184661865234
2021-05-14,387.1175537109375,97.91067504882812,172.69000244140625,78.85786437988281
2021-05-17,386.1324768066406,97.81631469726562,174.6999969482422,78.93907928466797
2021-05-18,382.80572509765625,97.81631469726562,175.0399932861328,78.95531463623047
2021-05-19,381.8021240234375,97.5246810913086,175.16000366210938,78.70349884033203
2021-05-20,385.9095153808594,97.92781829833984,175.9600067138672,79.58890533447266
2021-05-21,385.593505859375,97.96212768554688,176.0399932861328,79.50767517089844
2021-05-24,389.5243835449219,98.05646514892578,176.35000610351562,80.4986801147461
2021-05-25,388.6601257324219,98.41667938232422,177.9499969482422,80.47431945800781
2021-05-26,389.43145751953125,98.30522918701172,177.63999938964844,80.83173370361328
2021-05-27,389.6358642578125,98.13368225097656,177.7100067138672,80.64490509033203
2021-05-28,390.3328552246094,98.12506866455078,178.3800048828125,81.13226318359375
2021-06-01,389.989013671875,98.1070785522461,177.89999389648438,82.59440612792969
2021-06-02,390.602294921875,98.21864318847656,178.77000427246094,83.56105041503906
2021-06-03,389.1526794433594,97.9697494506836,175.27000427246094,83.25237274169922
2021-06-04,392.7117614746094,98.51048278808594,177.16000366210938,83.2929916381836
2021-06-07,392.3307189941406,98.43321990966797,177.8699951171875,84.27588653564453
2021-06-08,392.4144592285156,98.71646881103516,177.32000732421875,84.97442626953125
2021-06-09,391.8289794921875,99.02547454833984,176.97999572753906,85.08816528320312
2021-06-10,393.6502990722656,99.37738800048828,177.74000549316406,85.69737243652344
2021-06-11,394.30084228515625,99.23149108886719,175.74000549316406,85.35623168945312
2021-06-14,395.18365478515625,98.9225082397461,174.7100067138672,85.68926239013672
2021-06-15,394.45880126953125,98.93963623046875,174.0500030517578,84.77135467529297
2021-06-16,392.2564392089844,98.26156616210938,171.11000061035156,84.21902465820312
2021-06-17,392.1263122558594,98.61346435546875,165.85000610351562,84.11341094970703
2021-06-18,386.8363952636719,99.17140197753906,164.92999267578125,82.68378448486328
2021-06-21,392.37432861328125,98.85379791259766,166.9499969482422,84.38958740234375
2021-06-22,394.4720458984375,99.0340576171875,166.25,83.9509506225586
2021-06-23,393.9965515136719,98.83663177490234,166.13999938964844,83.80474853515625
2021-06-24,396.327392578125,98.81945037841797,166.0399932861328,83.62397003173828
2021-06-25,397.735107421875,98.61346435546875,166.58999633789062,84.18841552734375
2021-06-28,398.5369567871094,98.9225082397461,166.5800018310547,83.9429931640625
2021-06-29,398.75140380859375,98.97396087646484,164.8300018310547,83.71392059326172
2021-06-30,399.08697509765625,99.12850189208984,165.6300048828125,83.27217102050781
2021-07-01,401.29656982421875,99.05720520019531,166.1999969482422,83.63211822509766
2021-07-02,404.3639221191406,99.41793060302734,167.2899932861328,83.88572692871094
2021-07-06,403.62738037109375,99.94183349609375,168.1199951171875,84.49928283691406
2021-07-07,405.0538330078125,100.2338638305664,168.75999450683594,84.79380798339844
2021-07-08,401.75347900390625,100.49153137207031,168.64999389648438,84.55654907226562
2021-07-09,406.0420837402344,99.98481750488281,169.2100067138672,85.94727325439453
2021-07-12,407.4964904785156,99.93325805664062,169.0,86.68356323242188
2021-07-13,406.1073303222656,99.62407684326172,169.22000122070312,85.47280883789062
2021-07-14,406.71337890625,100.05349731445312,171.0399932861328,86.06999969482422
2021-07-15,405.32421875,100.474365234375,171.07000732421875,86.20906066894531
2021-07-16,402.14501953125,100.45718383789062,169.41000366210938,86.15180206298828
2021-07-19,396.20623779296875,101.31613159179688,169.61000061035156,84.58110046386719
2021-07-20,401.8839416503906,101.18727111816406,169.38999938964844,86.57720947265625
2021-07-21,405.1377868652344,100.60321807861328,168.75999450683594,86.56901550292969
2021-07-22,405.98614501953125,100.8351058959961,169.08999633789062,85.88185119628906
2021-07-23,410.16290283203125,100.68051147460938,168.55999755859375,86.59355926513672
2021-07-26,411.1698303222656,100.61180877685547,168.16000366210938,86.63448333740234
2021-07-27,409.2958679199219,101.041259765625,168.44000244140625,87.12530517578125
2021-07-28,409.12799072265625,101.12715148925781,169.2899932861328,86.8226318359375
2021-07-29,410.8248596191406,100.81792449951172,171.1699981689453,86.8389892578125
2021-07-30,408.8297424316406,101.10136413574219,169.82000732421875,86.95352172851562
2021-08-02,407.97198486328125,101.54483795166016,169.61000061035156,86.76535034179688
2021-08-03,411.29107666015625,101.5706558227539,169.49000549316406,86.87174224853516
2021-08-04,409.26788330078125,101.54483795166016,169.52999877929688,86.60174560546875
2021-08-05,411.8597717285156,101.17527770996094,168.86000061035156,87.61616516113281
2021-08-06,412.5403747558594,100.5822525024414,164.63999938964844,87.4607162475586
2021-08-09,412.2046813964844,100.36740112304688,161.72000122070312,86.99443054199219
2021-08-10,412.71746826171875,100.17829895019531,161.77000427246094,86.16817474365234
2021-08-11,413.7430419921875,100.2900390625,164.0,86.67538452148438
2021-08-12,414.9830017089844,100.1869125366211,164.0399932861328,86.863525390625
2021-08-13,415.73822021484375,100.76276397705078,166.38999938964844,87.33802795410156
2021-08-16,416.71710205078125,100.98621368408203,167.22000122070312,87.23167419433594
2021-08-17,413.9854736328125,100.93463897705078,166.97000122070312,87.14167785644531
2021-08-18,409.454345703125,100.88304901123047,167.10000610351562,86.34813690185547
2021-08-19,410.0882873535156,101.1065444946289,166.61000061035156,86.76535034179688
2021-08-20,413.3514709472656,101.01200103759766,166.6999969482422,87.19894409179688
2021-08-23,416.9875183105469,101.03778076171875,168.72999572753906,87.03533172607422
2021-08-24,417.6493835449219,100.76276397705078,168.64999389648438,86.65084075927734
2021-08-25,418.52581787109375,100.36740112304688,167.47999572753906,86.59355926513672
2021-08-26,416.05517578125,100.36740112304688,167.6699981689453,86.62628173828125
2021-08-27,419.77508544921875,100.69397735595703,170.19000244140625,87.53436279296875
2021-08-30,421.62109375,100.89166259765625,169.35000610351562,88.4096908569336
2021-08-31,420.9964294433594,100.70259094238281,169.69000244140625,88.82691955566406
2021-09-01,421.2201843261719,100.74560546875,169.6999969482422,90.25037384033203
2021-09-02,422.51617431640625,100.8659896850586,169.25,90.72486114501953
2021-09-03,422.4135437011719,100.62516784667969,171.05999755859375,90.74121856689453
2021-09-07,420.90313720703125,100.22953796386719,167.7100067138672,89.71862030029297
2021-09-08,420.3904724121094,100.50479125976562,167.2899932861328,90.16857147216797
2021-09-09,418.5910949707031,100.78858947753906,168.02999877929688,88.33607482910156
2021-09-10,415.29058837890625,100.47037506103516,167.17999267578125,87.04351806640625
2021-09-13,416.3534851074219,100.59076690673828,167.74000549316406,87.63250732421875
2021-09-14,414.1065368652344,100.96919250488281,168.82000732421875,87.47709655761719
2021-09-15,417.5655517578125,100.7972183227539,167.8300018310547,87.75523376464844
2021-09-16,416.90362548828125,100.47895812988281,164.02999877929688,87.82884979248047
2021-09-17,412.8424072265625,100.18655395507812,163.77000427246094,87.04351806640625
2021-09-20,405.95867919921875,100.6939697265625,164.94000244140625,86.51176452636719
2021-09-21,405.5752258300781,100.6337890625,166.0399932861328,86.55265808105469
2021-09-22,409.53143310546875,100.7284164428711,165.4199981689453,87.39527893066406
2021-09-23,414.50726318359375,99.81669616699219,163.50999450683594,87.22348022460938
2021-09-24,415.1901550292969,99.5157241821289,163.3000030517578,86.29084777832031
2021-09-27,414.0022888183594,99.24908447265625,163.63999938964844,85.13020324707031
2021-09-28,405.6593322753906,98.87071228027344,162.0500030517578,84.55402374267578
2021-09-29,406.3421936035156,98.97386169433594,161.32000732421875,85.18782806396484
2021-09-30,401.3757019042969,99.09429168701172,164.22000122070312,83.7802505493164
2021-10-01,406.1457824707031,99.49876403808594,164.58999633789062,84.96558380126953
2021-10-04,400.90802001953125,99.3782958984375,165.36000061035156,84.98204803466797
2021-10-05,405.0794982910156,99.06847381591797,164.58999633789062,84.3976058959961
2021-10-06,406.7630310058594,99.09429931640625,165.02999877929688,85.20429229736328
2021-10-07,410.27978515625,98.69839477539062,164.16000366210938,85.43477630615234
2021-10-08,409.53143310546875,98.4832534790039,164.22999572753906,84.62809753417969
2021-10-11,406.56658935546875,98.24227142333984,163.9199981689453,84.84212493896484
2021-10-12,405.5658264160156,98.68983459472656,164.66000366210938,85.95335388183594
2021-10-13,407.0249938964844,98.8791732788086,167.58999633789062,86.57894134521484
2021-10-14,413.87127685546875,99.1115493774414,168.0,87.632568359375
2021-10-15,417.0233459472656,98.62096405029297,165.3300018310547,87.56672668457031
2021-10-18,418.2579345703125,98.4832534790039,164.9199981689453,87.78897857666016
2021-10-19,421.48480224609375,98.13038635253906,165.4499969482422,87.83016204833984
2021-10-20,423.14019775390625,98.08735656738281,166.89999389648438,89.2130355834961
2021-10-21,424.2438049316406,97.82917022705078,166.75,89.33651733398438
2021-10-22,423.8042907714844,98.07875061035156,167.77000427246094,89.7563247680664
2021-10-25,426.0770568847656,98.19920349121094,168.92999267578125,90.04443359375
2021-10-26,426.4604797363281,98.31974029541016,167.67999267578125,90.29136657714844
2021-10-27,424.57122802734375,98.87054443359375,168.1199951171875,89.52586364746094
2021-10-28,428.6678466796875,98.61233520507812,168.0800018310547,90.77701568603516
2021-10-29,429.5376281738281,98.65540313720703,166.64999389648438,89.7563247680664
2021-11-01,430.2765197753906,98.64763641357422,167.52000427246094,90.20083618164062
2021-11-02,432.0162048339844,98.8887939453125,167.16000366210938,90.62886047363281
2021-11-03,434.6536865234375,98.57874298095703,165.77000427246094,90.93341827392578
2021-11-04,436.7020568847656,99.11267852783203,167.64999389648438,90.0691146850586
2021-11-05,438.2172546386719,99.65528106689453,169.83999633789062,90.53008270263672
2021-11-08,438.59130859375,99.22467803955078,170.4499969482422,90.45600128173828
2021-11-09,437.1417236328125,99.68110656738281,171.2899932861328,90.6124038696289
2021-11-10,433.6249694824219,98.8284912109375,173.14999389648438,90.19259643554688
2021-11-11,433.7652893066406,98.50984191894531,174.1199951171875,90.34074401855469
2021-11-12,437.0387878417969,98.71652221679688,174.4499969482422,90.27489471435547
2021-11-15,437.1885070800781,98.3289566040039,174.17999267578125,90.90873718261719
2021-11-16,438.918701171875,98.2428207397461,172.9199981689453,90.30782318115234
2021-11-17,437.85247802734375,98.59596252441406,174.5,90.58770751953125
2021-11-18,439.3396301269531,98.65623474121094,173.94000244140625,90.60416412353516
2021-11-19,438.553955078125,98.9232177734375,172.61000061035156,90.0691146850586
2021-11-22,437.31939697265625,98.19976806640625,168.74000549316406,89.62462615966797
2021-11-23,437.89923095703125,97.79499053955078,167.27999877929688,90.34898376464844
2021-11-24,439.0683288574219,98.0964126586914,167.1199951171875,91.44377136230469
2021-11-26,429.2757568359375,99.36246490478516,166.85000610351562,88.9002456665039
2021-11-29,434.5416259765625,99.13851928710938,166.6199951171875,89.55877685546875
2021-11-30,426.0863952636719,99.7327880859375,165.5,87.86307525634766
2021-12-01,421.3537902832031,99.92066192626953,166.16000366210938,86.41433715820312
2021-12-02,427.8072814941406,99.70523834228516,165.24000549316406,89.00725555419922
2021-12-03,424.0848693847656,100.29130554199219,166.6300048828125,88.71092224121094
2021-12-06,429.107421875,99.7914047241211,166.22000122070312,90.26668548583984
2021-12-07,437.98333740234375,99.41214752197266,166.80999755859375,91.56725311279297
2021-12-08,439.1431884765625,99.09325408935547,166.89999389648438,92.22576904296875
2021-12-09,436.1783142089844,99.3432388305664,165.8800048828125,90.89226531982422
2021-12-10,440.28424072265625,99.41214752197266,166.5800018310547,91.1721420288086
2021-12-13,436.38409423828125,99.8862075805664,167.0,92.02820587158203
2021-12-14,433.3816833496094,99.71382904052734,165.44000244140625,90.85111999511719
2021-12-15,440.1533508300781,99.56730651855469,166.14999389648438,92.12699890136719
2021-12-16,436.2718505859375,99.857177734375,168.16000366210938,92.09405517578125
2021-12-17,431.6285705566406,100.08148956298828,167.8000030517578,91.97882080078125
2021-12-20,427.0389404296875,99.99520111083984,167.08999633789062,91.26268768310547
2021-12-21,434.622802734375,99.59837341308594,167.02000427246094,92.29161834716797
2021-12-22,438.9684143066406,99.69329833984375,168.58999633789062,93.23822021484375
2021-12-23,441.69970703125,99.48621368408203,168.97000122070312,93.13946533203125
2021-12-27,447.95068359375,99.520751953125,169.3699951171875,94.72062683105469
2021-12-28,447.5846252441406,99.50345611572266,168.63999938964844,95.06961822509766
2021-12-29,448.1571044921875,98.9944839477539,168.58999633789062,95.70940399169922
2021-12-30,446.9182434082031,99.32231140136719,169.8000030517578,96.12484741210938
2021-12-31,445.79193115234375,99.21016693115234,170.9600067138672,96.39070892333984
2022-01-03,448.3730773925781,98.28707885742188,168.3300018310547,95.63461303710938
2022-01-04,448.22283935546875,98.23533630371094,169.57000732421875,95.51828002929688
2022-01-05,439.61602783203125,97.82121276855469,169.05999755859375,92.78466033935547
2022-01-06,439.2030334472656,97.57964324951172,166.99000549316406,92.8677749633789
2022-01-07,437.4667053222656,97.2604751586914,167.75,92.25291442871094
2022-01-10,436.9222106933594,97.23458862304688,168.25999450683594,91.72115325927734
2022-01-11,440.9018859863281,97.46751403808594,170.2899932861328,91.8624038696289
2022-01-12,442.0939025878906,97.4847640991211,170.74000549316406,91.97042083740234
2022-01-13,436.00244140625,97.79537200927734,170.16000366210938,91.78762817382812
2022-01-14,436.1807556152344,97.12242889404297,169.6699981689453,90.95674133300781
2022-01-18,428.45611572265625,96.3891372680664,169.38999938964844,90.00123596191406
2022-01-19,424.00732421875,96.6220474243164,172.0800018310547,88.78813171386719
2022-01-20,419.31439208984375,96.82911682128906,171.64999389648438,87.64981842041016
2022-01-21,411.0828857421875,97.3898696899414,171.08999633789062,87.43379974365234
2022-01-24,412.82867431640625,97.30359649658203,172.02999877929688,87.5999755859375
2022-01-25,407.78851318359375,97.17417907714844,172.5800018310547,87.2509994506836
2022-01-26,406.7654113769531,96.4840316772461,169.7899932861328,85.88835144042969
2022-01-27,404.7568054199219,96.88949584960938,167.60000610351562,84.4675521850586
2022-01-28,414.80914306640625,97.11380767822266,167.10000610351562,87.20113372802734
2022-01-31,422.2802734375,97.11380767822266,168.08999633789062,88.27297973632812
2022-02-01,425.133544921875,96.9825439453125,168.22999572753906,87.95724487304688
2022-02-02,429.2633972167969,97.18115997314453,168.83999633789062,89.07894897460938
2022-02-03,419.1734924316406,96.76666259765625,168.60000610351562,88.13174438476562
2022-02-04,421.1446228027344,96.02406311035156,168.86000061035156,87.25930786132812
2022-02-07,419.79302978515625,96.04995727539062,170.11000061035156,87.13467407226562
2022-02-08,423.2471008300781,95.73906707763672,170.6300048828125,86.72753143310547
2022-02-09,429.4417724609375,95.86861419677734,171.2100067138672,88.68843078613281
2022-02-10,421.7265319824219,94.98780822753906,170.55999755859375,86.5946044921875
2022-02-11,413.4106750488281,95.97222137451172,173.80999755859375,85.80525207519531
2022-02-14,412.05908203125,95.30731201171875,174.74000549316406,85.02423858642578
2022-02-15,418.70428466796875,95.02234649658203,173.0800018310547,85.78865051269531
2022-02-16,419.1734924316406,95.22095489501953,174.86000061035156,86.1874771118164
2022-02-17,410.2194519042969,95.73046875,177.25,85.27349853515625
2022-02-18,407.56329345703125,96.04131317138672,177.1199951171875,84.75836181640625
2022-02-22,403.18939208984375,96.03267669677734,177.49000549316406,84.450927734375
2022-02-23,396.0373229980469,95.53180694580078,178.2899932861328,83.0550537109375
2022-02-24,401.9974060058594,95.75634765625,177.13999938964844,84.450927734375
2022-02-25,410.8670349121094,95.73046875,176.5500030517578,86.4865951538086
2022-02-28,409.8158264160156,96.81844329833984,178.3800048828125,85.19872283935547
2022-03-01,403.5742492675781,97.76145935058594,181.6199951171875,84.75005340576172
2022-03-02,410.9984436035156,96.29210662841797,179.72999572753906,86.33704376220703
2022-03-03,408.9523010253906,96.7070083618164,180.8000030517578,87.04328155517578
2022-03-04,405.6297607421875,97.66635131835938,183.67999267578125,87.44210052490234
2022-03-07,393.6721496582031,97.25148010253906,186.41000366210938,85.71385955810547
2022-03-08,390.6873779296875,96.62054443359375,191.50999450683594,85.29843139648438
2022-03-09,401.1620788574219,96.02420043945312,185.82000732421875,86.61121368408203
2022-03-10,399.35064697265625,95.5833740234375,186.39999389648438,86.8272476196289
2022-03-11,394.2728271484375,95.5574951171875,185.08999633789062,86.13761138916016
2022-03-14,391.391357421875,94.34741973876953,182.3000030517578,85.464599609375
2022-03-15,399.9982604980469,94.30423736572266,178.88999938964844,86.03792572021484
2022-03-16,408.8678894042969,94.17455291748047,180.00999450683594,87.0599136352539
2022-03-17,413.983154296875,93.9930648803711,180.88999938964844,88.40593719482422
2022-03-18,418.51739501953125,94.2696304321289,179.3000030517578,88.40593719482422
2022-03-21,418.39501953125,93.04234313964844,180.6699981689453,87.86585998535156
2022-03-22,423.2908630371094,92.5323715209961,179.36000061035156,88.09019470214844
2022-03-23,417.8395690917969,93.15470123291016,181.80999755859375,87.10189819335938
2022-03-24,424.13824462890625,92.63611602783203,183.1300048828125,87.65326690673828
2022-03-25,426.2096252441406,91.68538665771484,182.3800048828125,88.7476806640625
2022-03-28,429.2411804199219,91.892822265625,179.05999755859375,89.69171142578125
2022-03-29,434.55120849609375,92.35091400146484,179.13999938964844,92.32331848144531
2022-03-30,431.8679504394531,92.7138671875,180.5800018310547,91.65497589111328
2022-03-31,425.22100830078125,92.88677978515625,180.64999389648438,90.53549194335938
2022-04-01,426.42608642578125,92.28190612792969,179.5,92.29827117919922
2022-04-04,430.0791320800781,92.22134399414062,180.3699951171875,91.84712982177734
2022-04-05,424.64666748046875,91.12245178222656,179.24000549316406,91.39598083496094
2022-04-06,420.4004211425781,90.80230712890625,179.66000366210938,92.48204803466797
2022-04-07,422.5189208984375,90.57732391357422,180.33999633789062,91.56307220458984
2022-04-08,421.38909912109375,90.11875915527344,181.47000122070312,91.71345520019531
2022-04-11,414.18658447265625,89.68610382080078,182.3699951171875,90.72764587402344
2022-04-12,412.65185546875,90.11875915527344,183.77000427246094,90.59397888183594
2022-04-13,417.3782653808594,90.31774139404297,184.64999389648438,91.23725891113281
2022-04-14,412.18115234375,89.50438690185547,184.0399932861328,90.84459686279297
2022-04-18,412.3505554199219,89.24481201171875,184.61000061035156,90.4770278930664
2022-04-19,419.00701904296875,88.65641021728516,181.82000732421875,92.44862365722656
2022-04-20,418.6963806152344,89.34866333007812,182.7100067138672,93.98580932617188
2022-04-21,412.43536376953125,88.85542297363281,182.05999755859375,93.33419799804688
2022-04-22,401.1184387207031,88.8987045288086,180.2899932861328,91.69673919677734
2022-04-25,403.4439697265625,89.46977996826172,177.0500030517578,91.46282958984375
2022-04-26,391.7599182128906,90.06682586669922,177.32000732421875,89.95904541015625
2022-04-27,392.8614501953125,89.56494903564453,175.97999572753906,89.36589813232422
2022-04-28,402.78497314453125,89.4351577758789,176.92999267578125,91.0116958618164
2022-04-29,387.89971923828125,88.9592514038086,176.91000366210938,86.83455657958984
2022-05-02,390.234619140625,88.29649353027344,173.6300048828125,84.73760986328125
2022-05-03,392.0235290527344,88.40047454833984,174.08999633789062,85.79025268554688
2022-05-04,403.9617919921875,88.97225952148438,175.8000030517578,86.77606201171875
2022-05-05,389.6039123535156,88.0799331665039,175.1300048828125,84.46192169189453
2022-05-06,387.2783508300781,87.57746124267578,175.4199981689453,83.45940399169922
2022-05-09,374.87872314453125,88.22718811035156,172.8800048828125,79.78352355957031
2022-05-10,375.74493408203125,88.52177429199219,171.4199981689453,78.32988739013672
2022-05-11,369.7757568359375,89.06753540039062,172.82000732421875,78.16278076171875
2022-05-12,369.3898010253906,89.36211395263672,170.1699981689453,78.77264404296875
2022-05-13,378.2210693359375,88.894287109375,168.7899932861328,80.85287475585938
2022-05-16,376.6864318847656,89.26680755615234,170.39999389648438,80.34324645996094
2022-05-17,384.43499755859375,88.59105682373047,169.3300018310547,81.43766021728516
2022-05-18,368.9378356933594,89.22350311279297,169.4199981689453,79.07341003417969
2022-05-19,366.6781921386719,89.54402923583984,171.91000366210938,78.72252655029297
2022-05-20,366.8382873535156,89.95987701416016,172.02999877929688,79.22378540039062
2022-05-23,373.7018737792969,89.4140853881836,172.8300018310547,80.14274597167969
2022-05-24,370.84912109375,90.18511199951172,174.1300048828125,80.81944274902344
2022-05-25,374.12554931640625,90.36705780029297,173.0800018310547,81.50450897216797
2022-05-26,381.60107421875,90.32373809814453,172.75999450683594,81.6047592163086
2022-05-27,390.9690856933594,90.45369720458984,172.85000610351562,83.7936019897461
2022-05-31,388.77532958984375,89.5093765258789,171.13999938964844,82.7660140991211
2022-06-01,385.6307067871094,89.0053939819336,172.22999572753906,82.0809555053711
2022-06-02,392.97442626953125,89.13550567626953,174.35000610351562,83.20877838134766
2022-06-03,386.5251159667969,88.96204376220703,172.5800018310547,82.09766387939453
2022-06-06,387.70208740234375,88.29412841796875,171.82000732421875,81.83866882324219
2022-06-07,391.42095947265625,88.64979553222656,172.94000244140625,82.96649932861328
2022-06-08,387.1653747558594,88.32014465332031,172.77999877929688,81.05335998535156
2022-06-09,377.95745849609375,88.24207305908203,172.22999572753906,79.13188934326172
2022-06-10,366.9983825683594,87.37467956542969,174.5399932861328,77.37748718261719
2022-06-13,353.0641174316406,85.82200622558594,169.92999267578125,73.50946044921875
2022-06-14,352.00018310546875,85.1367416381836,168.57000732421875,72.94971466064453
2022-06-15,357.0184326171875,86.32511901855469,170.77000427246094,74.67903137207031
2022-06-16,345.20257568359375,86.88890838623047,172.69000244140625,72.71578216552734
2022-06-17,345.9466857910156,86.9149169921875,171.27000427246094,73.26715850830078
2022-06-21,354.6553649902344,86.46388244628906,170.6300048828125,74.2863998413086
2022-06-22,354.0124816894531,87.55681610107422,171.30999755859375,75.23043823242188
2022-06-23,357.48260498046875,88.05126190185547,170.25999450683594,76.65970611572266
2022-06-24,368.8484191894531,87.73899841308594,170.08999633789062,78.29078674316406
2022-06-27,367.43951416015625,87.24453735351562,169.89999389648438,78.17306518554688
2022-06-28,359.9316711425781,87.35731506347656,169.6199951171875,77.22300720214844
2022-06-29,359.6385192871094,88.05992889404297,169.49000549316406,76.74378967285156
2022-06-30,356.7167663574219,88.73652648925781,168.4600067138672,76.60084533691406
2022-07-01,360.48956298828125,89.68777465820312,168.32000732421875,77.97968292236328
2022-07-05,361.1703796386719,90.01788330078125,164.75,77.7610855102539
2022-07-06,362.3901672363281,89.25341033935547,162.13999938964844,77.6181640625
2022-07-07,367.8177795410156,88.70609283447266,162.22999572753906,77.82833862304688
2022-07-08,367.51519775390625,88.16748809814453,162.3000030517578,77.41639709472656
2022-07-11,363.31689453125,88.86246490478516,161.42999267578125,77.24823760986328
2022-07-12,360.1019287109375,89.07096099853516,160.8300018310547,76.94557189941406
2022-07-13,358.21075439453125,89.45323181152344,161.60000610351562,76.57564544677734
2022-07-14,357.3407897949219,88.9580307006836,159.3300018310547,75.88621520996094
2022-07-15,364.1678771972656,89.26211547851562,159.00999450683594,77.17256927490234
2022-07-18,361.16094970703125,89.00147247314453,159.16000366210938,76.62606048583984
2022-07-19,370.91925048828125,88.59315490722656,159.5399932861328,78.61027526855469
2022-07-20,373.2830810546875,88.50629425048828,158.0399932861328,78.42528533935547
2022-07-21,377.0843200683594,89.51403045654297,160.27000427246094,79.04744720458984
2022-07-22,373.5857238769531,90.53911590576172,160.6699981689453,79.45941162109375
2022-07-25,374.0396423339844,90.21768951416016,160.22999572753906,79.59393310546875
2022-07-26,369.6143798828125,90.2524185180664,160.0399932861328,79.6780014038086
2022-07-27,379.2118835449219,90.43487548828125,161.6699981689453,80.1572265625
2022-07-28,383.9681396484375,91.32968139648438,163.63999938964844,82.75517272949219
2022-07-29,389.5658874511719,91.36444091796875,164.10000610351562,83.20075988769531
2022-08-01,388.4122619628906,91.89875793457031,165.02999877929688,82.52816009521484
2022-08-02,385.849853515625,90.6281967163086,164.0500030517578,81.46880340576172
2022-08-03,391.8919982910156,91.00238800048828,164.4499969482422,81.72943878173828
2022-08-04,391.62725830078125,91.46361541748047,167.1699981689453,81.60332489013672
2022-08-05,390.9653625488281,90.1408462524414,165.2899932861328,81.83032989501953
2022-08-08,390.5114440917969,90.67168426513672,166.69000244140625,82.56178283691406
2022-08-09,388.9607238769531,90.40194702148438,167.1999969482422,83.01577758789062
2022-08-10,397.1304931640625,90.45413970947266,166.77999877929688,84.27691650390625
2022-08-11,397.1304931640625,89.85367584228516,166.33999633789062,84.07513427734375
2022-08-12,403.85345458984375,90.21049499511719,167.8699951171875,85.52123260498047
2022-08-15,405.517578125,90.4976577758789,165.7100067138672,85.8659439086914
2022-08-16,406.3119812011719,90.39321899414062,165.4199981689453,85.63892364501953
2022-08-17,403.427978515625,89.7840347290039,164.35000610351562,85.1260757446289
2022-08-18,404.6004638671875,89.95809173583984,163.9199981689453,84.56277465820312
2022-08-19,399.1634216308594,89.18357849121094,162.72000122070312,83.67157745361328
2022-08-22,390.8518981933594,88.79197692871094,161.63999938964844,81.8471450805664
2022-08-23,389.90625,88.57439422607422,162.77000427246094,80.79620361328125
2022-08-24,391.1544189453125,88.27848815917969,163.25,81.25861358642578
2022-08-25,396.6766052246094,88.84419250488281,163.75,82.46930694580078
2022-08-26,383.24951171875,88.73973083496094,161.75999450683594,80.39265441894531
2022-08-29,380.7153625488281,88.23499298095703,161.86000061035156,79.66960144042969
2022-08-30,376.53594970703125,88.20889282226562,160.50999450683594,78.56820678710938
2022-08-31,373.6708679199219,87.8433837890625,159.27000427246094,78.19827270507812
2022-09-01,374.8433837890625,87.14508056640625,157.8699951171875,78.34121704101562
2022-09-02,370.8907775878906,87.63324737548828,159.25999450683594,77.24823760986328
2022-09-06,369.4914245605469,86.6568603515625,158.3300018310547,77.94605255126953
2022-09-07,376.1294250488281,87.22354888916016,159.94000244140625,79.46780395507812
2022-09-08,378.5877990722656,86.90098571777344,158.97999572753906,79.68640899658203
2022-09-09,384.4693298339844,86.90967559814453,159.82000732421875,80.55238342285156
2022-09-12,388.6014099121094,86.700439453125,160.6300048828125,81.33428192138672
2022-09-13,371.70404052734375,86.21224212646484,158.5399932861328,78.2235107421875
2022-09-14,373.12249755859375,86.25582885742188,157.92999267578125,77.33230590820312
2022-09-15,368.88623046875,85.95942687988281,154.97999572753906,75.90303802490234
2022-09-16,366.0721130371094,86.0291748046875,155.83999633789062,75.91143798828125
2022-09-19,368.91094970703125,85.78507232666016,155.9600067138672,75.80213928222656
2022-09-20,364.67633056640625,85.25325775146484,155.07000732421875,73.96090698242188
2022-09-21,358.31500244140625,85.59327697753906,155.7899932861328,72.79225158691406
2022-09-22,355.30523681640625,84.30299377441406,155.6999969482422,71.86743927001953
2022-09-23,349.3522033691406,84.4076156616211,153.00999450683594,70.91217803955078
2022-09-26,345.8961486816406,83.00404357910156,151.22999572753906,68.92351531982422
2022-09-27,345.01312255859375,82.4373550415039,151.5399932861328,68.00565338134766
2022-09-28,351.80181884765625,84.29426574707031,154.69000244140625,69.41641998291016
2022-09-29,344.4529113769531,83.90196228027344,154.66000366210938,67.37678527832031
2022-09-30,339.12652587890625,83.68402862548828,154.6699981689453,68.13314819335938
2022-10-03,348.07989501953125,84.67721557617188,158.42999267578125,69.34844970703125
2022-10-04,358.8657531738281,84.85193634033203,160.6999969482422,70.75071716308594
2022-10-05,358.0301513671875,84.04827117919922,159.80999755859375,69.36544036865234
2022-10-06,354.33685302734375,83.5853042602539,159.6300048828125,67.43626403808594
2022-10-07,344.4529113769531,83.17478942871094,157.8800048828125,65.81304168701172
2022-10-10,341.8230285644531,82.68559265136719,155.47999572753906,65.19263458251953
2022-10-11,339.6582336425781,82.89524841308594,155.16000366210938,65.85552215576172
2022-10-12,338.5378723144531,83.1660385131836,155.99000549316406,65.16715240478516
2022-10-13,347.4721984863281,82.81663513183594,154.91000366210938,66.35694122314453
2022-10-14,339.5538024902344,82.35367584228516,152.97999572753906,64.70822143554688
2022-10-17,348.2792663574219,82.44102478027344,153.4199981689453,67.14732360839844
2022-10-18,352.37139892578125,82.65066528320312,153.75,67.87818145751953
2022-10-19,349.8742980957031,81.78592681884766,151.69000244140625,66.18696594238281
2022-10-20,346.94049072265625,81.17445373535156,151.4499969482422,65.89801788330078
2022-10-21,355.3717041015625,81.35789489746094,154.14999389648438,66.41643524169922
2022-10-24,359.72021484375,81.25305938720703,153.64999389648438,66.40794372558594
2022-10-25,365.4644470214844,82.26634216308594,154.0,69.01700592041016
2022-10-26,362.7109680175781,82.68559265136719,154.97999572753906,68.97450256347656
2022-10-27,360.77410888671875,83.27085876464844,154.74000549316406,69.07649230957031
2022-10-28,369.3572082519531,82.84284210205078,153.16000366210938,70.59773254394531
2022-10-31,366.689208984375,82.46725463867188,151.91000366210938,70.52125549316406
2022-11-01,365.0846252441406,82.4523696899414,153.4600067138672,70.4957504272461
2022-11-02,355.9223937988281,82.31230163574219,152.38999938964844,68.5580825805664
2022-11-03,352.257568359375,81.9533920288086,151.80999755859375,68.46458435058594
2022-11-04,357.32757568359375,81.77833557128906,156.47000122070312,69.39944458007812
2022-11-07,360.7456359863281,81.48944091796875,155.85000610351562,69.39944458007812
2022-11-08,362.6919860839844,82.03214263916016,159.4499969482422,69.61190032958984
2022-11-09,355.2197570800781,82.31230163574219,158.64999389648438,68.89802551269531
2022-11-10,374.7406311035156,84.15935516357422,163.47999572753906,73.93767547607422
2022-11-11,378.3675231933594,83.98429107666016,164.55999755859375,73.92918395996094
2022-11-14,375.1487731933594,83.78294372558594,164.9199981689453,72.12747955322266
2022-11-15,378.3484802246094,84.40447235107422,165.5,72.90935516357422
2022-11-16,375.4621887207031,85.0260009765625,165.1199951171875,72.24645233154297
2022-11-17,374.31329345703125,84.4482192993164,163.9199981689453,71.75355529785156
2022-11-18,376.0128479003906,84.15057373046875,162.7899932861328,72.66290283203125
2022-11-21,374.6456604003906,84.09809875488281,161.8800048828125,73.04531860351562
2022-11-22,379.68731689453125,84.57954406738281,162.07000732421875,73.44477081298828
2022-11-23,382.079833984375,85.03474426269531,163.0800018310547,73.5042495727539
2022-11-25,381.9943542480469,85.00847625732422,163.22000122070312,73.97167205810547
2022-11-28,375.8989562988281,85.04348754882812,161.92999267578125,71.99150848388672
2022-11-29,375.2532958984375,84.68457794189453,162.72999572753906,73.18132019042969
2022-11-30,387.0740051269531,85.44615936279297,164.80999755859375,74.85552978515625
2022-12-01,386.7891540527344,86.37945556640625,167.83999633789062,74.6940689086914
2022-12-02,386.3428955078125,86.55484008789062,167.25999450683594,74.47309112548828
2022-12-05,379.39288330078125,85.677734375,164.38999938964844,73.11331939697266
2022-12-06,373.9240417480469,86.20401000976562,164.83999633789062,72.42491912841797
2022-12-07,373.2879638671875,86.95832061767578,166.3300018310547,72.56941223144531
2022-12-08,376.2121887207031,86.46714782714844,166.47000122070312,73.07933044433594
2022-12-09,373.4018249511719,85.82682800292969,167.05999755859375,72.94334411621094
2022-12-12,378.7852478027344,85.70407104492188,165.67999267578125,73.5042495727539
2022-12-13,381.6526184082031,86.47590637207031,168.50999450683594,74.86402893066406
2022-12-14,379.2125244140625,86.71273040771484,168.10000610351562,74.35411834716797
2022-12-15,369.9363708496094,86.88146209716797,165.35000610351562,73.35977935791016
2022-12-16,365.56884765625,86.66175842285156,166.7899932861328,71.46459197998047
2022-12-19,362.46893310546875,85.95870208740234,166.32000732421875,70.55524444580078
2022-12-20,362.9649353027344,85.334716796875,169.0800018310547,70.37677764892578
2022-12-21,368.3921203613281,85.44020080566406,168.8000030517578,70.98017120361328
2022-12-22,363.13665771484375,85.41381072998047,166.75999450683594,70.68196868896484
2022-12-23,365.2254333496094,85.02715301513672,167.25999450683594,71.3111343383789
2022-12-27,363.78521728515625,84.3152847290039,168.6699981689453,71.28528594970703
2022-12-28,359.2641296386719,84.1131591796875,167.91000366210938,70.07003021240234
2022-12-29,365.7310485839844,84.52621459960938,168.85000610351562,71.60416412353516
2022-12-30,364.767578125,84.17466735839844,169.63999938964844,71.0870361328125
2023-01-03,363.23199462890625,84.83380126953125,171.05999755859375,71.15599060058594
2023-01-04,366.0362243652344,85.48414611816406,172.6699981689453,72.76769256591797
2023-01-05,361.8584899902344,85.36111450195312,170.52000427246094,70.8112564086914
2023-01-06,370.15667724609375,86.45964813232422,173.7100067138672,72.71598815917969
2023-01-09,369.9468688964844,86.67933654785156,174.10000610351562,72.74183654785156
2023-01-10,372.54119873046875,86.13447570800781,174.74000549316406,72.90557861328125
2023-01-11,377.2530517578125,86.68812561035156,174.6199951171875,75.51705932617188
2023-01-12,378.6265869140625,87.46150970458984,176.63999938964844,76.47373962402344
2023-01-13,380.09552001953125,86.99571990966797,178.75999450683594,75.99970245361328
2023-01-17,379.3991394042969,86.7232666015625,177.58999633789062,76.21517181396484
2023-01-18,373.4092102050781,87.90091705322266,177.0800018310547,75.10335540771484
2023-01-19,370.69085693359375,87.73396301269531,179.88999938964844,74.68965911865234
2023-01-20,377.59649658203125,87.15389251708984,179.2899932861328,75.577392578125
2023-01-23,382.1271057128906,86.87269592285156,179.6300048828125,75.92213439941406
2023-01-24,381.7168884277344,87.37361907958984,180.27999877929688,76.11174011230469
2023-01-25,381.8599853515625,87.47030639648438,181.11000061035156,76.1462173461914
2023-01-26,386.05682373046875,87.15389251708984,179.47000122070312,76.99946594238281
2023-01-27,386.94378662109375,87.02210998535156,179.22000122070312,77.86133575439453
2023-01-30,382.0888977050781,86.74964904785156,178.75999450683594,76.87018585205078
2023-01-31,387.7068176269531,87.18905639648438,179.41000366210938,78.48188781738281
2023-02-01,391.8273010253906,87.81613159179688,181.6699981689453,78.96453094482422
2023-02-02,397.5311584472656,87.78091430664062,177.89999389648438,80.75721740722656
2023-02-03,393.3057861328125,86.83853149414062,173.4600067138672,79.24034881591797
2023-02-06,390.90216064453125,86.08992767333984,173.82000732421875,78.66287231445312
2023-02-07,396.01458740234375,85.8785629272461,173.97999572753906,78.49050903320312
2023-02-08,391.684326171875,86.19561004638672,174.41000366210938,78.1198959350586
2023-02-09,388.2886962890625,85.80810546875,173.02999877929688,77.26665496826172
2023-02-10,389.19482421875,85.39415740966797,173.36000061035156,77.5338363647461
2023-02-13,393.7636413574219,85.59672546386719,172.47999572753906,78.22332763671875
2023-02-14,393.5823669433594,85.20923614501953,172.61000061035156,77.602783203125
2023-02-15,394.8605041503906,84.95381927490234,170.88999938964844,77.91304779052734
2023-02-16,389.42376708984375,84.67196655273438,170.75,77.15459442138672
2023-02-17,388.4508972167969,84.90978240966797,171.25999450683594,76.85296630859375
2023-02-21,380.6581726074219,83.98502349853516,170.6199951171875,75.3102035522461
2023-02-22,380.1335754394531,84.13472747802734,169.66000366210938,74.62931823730469
2023-02-23,382.1556701660156,84.46062469482422,169.57000732421875,75.18955993652344
2023-02-24,378.0733337402344,83.94976806640625,168.35000610351562,73.87088012695312
2023-02-27,379.36102294921875,84.20520782470703,169.00999450683594,73.98291015625
2023-02-28,377.9588928222656,84.33731842041016,169.77999877929688,73.87950897216797
2023-03-01,376.5090637207031,83.66307830810547,170.75999450683594,72.94867706298828
2023-03-02,379.4372863769531,83.31890869140625,170.66000366210938,73.80194091796875
2023-03-03,385.52264404296875,83.9896011352539,172.49000549316406,74.92234802246094
2023-03-06,385.7897033691406,83.83956146240234,171.6199951171875,74.62931823730469
2023-03-07,379.8760681152344,83.84840393066406,168.6199951171875,72.88835144042969
2023-03-08,380.49603271484375,83.82192993164062,168.5399932861328,73.72437286376953
2023-03-09,373.4759216308594,84.34257507324219,170.1999969482422,72.03510284423828
2023-03-10,368.0869140625,85.89582824707031,173.8699951171875,69.64773559570312
2023-03-13,367.5622863769531,86.93721771240234,177.86000061035156,70.56129455566406
2023-03-14,373.63812255859375,86.116455078125,176.8300018310547,71.2421875
2023-03-15,371.3012390136719,87.36080932617188,178.2100067138672,71.19046020507812
2023-03-16,377.8157653808594,86.57537841796875,178.57000732421875,71.03533172607422
2023-03-17,373.39813232421875,87.5991439819336,183.77000427246094,69.42362976074219
2023-03-20,376.9885559082031,87.24610137939453,183.83999633789062,70.21656799316406
2023-03-21,381.93865966796875,86.48712921142578,180.3699951171875,69.90628051757812
2023-03-22,375.4279479980469,87.6255874633789,183.44000244140625,67.29481506347656
2023-03-23,376.4428405761719,88.12863159179688,185.74000549316406,66.87249755859375
2023-03-24,378.9130554199219,88.15509796142578,183.64999389648438,68.58738708496094
2023-03-27,379.62158203125,87.0696029663086,181.9499969482422,68.50904846191406
2023-03-28,378.76947021484375,87.01663208007812,183.44000244140625,68.34366607666016
2023-03-29,384.2748718261719,86.86663055419922,182.52999877929688,69.85834503173828
2023-03-30,386.52484130859375,86.99898529052734,184.17999267578125,70.77237701416016
2023-03-31,391.97283935546875,87.4755630493164,183.22000122070312,72.28706359863281
2023-04-03,393.46636962890625,87.88763427734375,184.5399932861328,71.71253204345703
2023-04-04,391.28338623046875,88.45355987548828,187.97999572753906,71.61677551269531
2023-04-05,390.2589416503906,88.82496643066406,187.8300018310547,71.23374938964844
2023-04-06,391.7812805175781,88.85148620605469,186.49000549316406,71.72123718261719
2023-04-10,392.1833801269531,87.9760513305664,185.11000061035156,72.0520248413086
2023-04-11,392.2887268066406,87.94065856933594,186.27999877929688,72.35670471191406
2023-04-12,390.68975830078125,88.1971206665039,187.19000244140625,72.00849914550781
2023-04-13,395.8791809082031,87.90531921386719,189.72000122070312,71.79088592529297
2023-04-14,394.91217041015625,87.47199249267578,186.36000061035156,70.67662048339844
2023-04-17,396.3292236328125,86.91492462158203,185.52999877929688,72.14777374267578
2023-04-18,396.58770751953125,87.05641174316406,186.25,71.98238372802734
2023-04-19,396.52069091796875,86.87071228027344,185.36000061035156,72.40892791748047
2023-04-20,394.35687255859375,87.37474822998047,186.08999633789062,71.69512939453125
2023-04-21,394.6632080078125,87.16252899169922,184.25,71.70381927490234
2023-04-24,395.0749206542969,87.58695983886719,184.80999755859375,71.4339599609375
2023-04-25,388.8035583496094,88.45355987548828,185.75,70.7288589477539
2023-04-26,387.15673828125,88.10868072509766,184.74000549316406,70.04985809326172
2023-04-27,394.8642272949219,87.53389739990234,184.75,71.63418579101562
2023-04-28,398.2344970703125,88.18828582763672,184.8000030517578,72.51338195800781
2023-05-01,397.8323974609375,87.15032196044922,183.97000122070312,71.97367095947266
2023-05-02,393.361083984375,88.28490447998047,187.52000427246094,70.75496673583984
2023-05-03,390.6610107421875,88.86103820800781,189.11000061035156,70.47640228271484
2023-05-04,387.8940124511719,88.84332275390625,190.44000244140625,71.05963897705078
2023-05-05,395.0749206542969,88.36466979980469,187.4600067138672,72.2435302734375
2023-05-08,395.1802673339844,87.82398986816406,187.69000244140625,71.82569122314453
2023-05-09,393.4472351074219,87.71756744384766,189.02000427246094,71.5210189819336
2023-05-10,395.28558349609375,88.37355041503906,188.75,72.20872497558594
2023-05-11,394.59619140625,88.70149230957031,187.1300048828125,71.41654205322266
2023-05-12,394.0790710449219,88.16966247558594,186.80999755859375,71.40785217285156
2023-05-15,395.43878173828125,87.97465515136719,187.2100067138672,71.28598022460938
2023-05-16,392.796142578125,87.69102478027344,184.8699951171875,69.50142669677734
2023-05-17,397.5643615722656,87.40735626220703,184.22999572753906,70.44158935546875
2023-05-18,401.3941650390625,86.86666870117188,181.83999633789062,70.10208129882812
2023-05-19,400.8100280761719,86.53871154785156,183.63999938964844,69.98892211914062
2023-05-22,400.9728698730469,86.379150390625,183.2100067138672,70.41546630859375
2023-05-23,396.4727783203125,86.52092742919922,183.42999267578125,69.7538833618164
2023-05-24,393.6003723144531,86.29937744140625,181.9499969482422,68.25660705566406
2023-05-25,397.009033203125,85.75870513916016,180.1999969482422,68.24789428710938
2023-05-26,402.1505126953125,85.918212890625,180.9199981689453,69.0313491821289
2023-05-30,402.3036804199219,86.59186553955078,182.0399932861328,69.2925033569336
2023-05-31,400.0728759765625,86.91983032226562,182.32000732421875,69.64070892333984
2023-06-01,403.8739013671875,87.16151428222656,183.75999450683594,69.64942932128906
2023-06-02,409.7144470214844,86.4684829711914,181.0500030517578,71.3469009399414
2023-06-05,408.92938232421875,86.44183349609375,182.13999938964844,70.85072326660156
2023-06-06,409.8197021484375,86.49513244628906,182.33999633789062,71.52971649169922
2023-06-07,408.4026794433594,85.86428833007812,180.14999389648438,72.84417724609375
2023-06-08,410.8728942871094,86.44183349609375,182.52999877929688,72.39154052734375
2023-06-09,411.6102294921875,86.13086700439453,182.0399932861328,71.97367095947266
2023-06-12,415.3443298339844,86.27299499511719,181.8800048828125,71.99108123779297
2023-06-13,418.0826110839844,85.65997314453125,180.5399932861328,72.45245361328125
2023-06-14,418.5804443359375,85.77547454833984,180.63999938964844,72.72232055664062
2023-06-15,423.7698669433594,86.44183349609375,181.91000366210938,73.10533905029297
2023-06-16,422.326416015625,86.06865692138672,181.6300048828125,73.05310821533203
2023-06-20,420.1352844238281,86.32633972167969,179.75,72.1913070678711
2023-06-21,417.9826965332031,86.40628814697266,179.49000549316406,71.75605010986328
2023-06-22,419.4914855957031,85.91761016845703,177.7100067138672,70.7288589477539
2023-06-23,416.32012939453125,86.27299499511719,178.1999969482422,69.7538833618164
2023-06-26,414.61907958984375,86.48625183105469,178.50999450683594,71.36434173583984
2023-06-27,419.16473388671875,86.18418884277344,177.69000244140625,72.2435302734375
2023-06-28,419.3761291503906,86.53068542480469,177.27999877929688,72.3479995727539
2023-06-29,421.029052734375,85.64217376708984,177.08999633789062,73.15614318847656
2023-06-30,425.9975280761719,85.8287582397461,178.27000427246094,73.56110382080078
2023-07-03,426.4876403808594,85.45648956298828,178.47000122070312,74.28297424316406
2023-07-05,425.85333251953125,85.04679107666016,177.83999633789062,74.45024871826172
2023-07-06,422.5186462402344,84.35209655761719,177.30999755859375,73.87802124023438
2023-07-07,421.451904296875,84.2452163696289,178.63999938964844,73.71076965332031
2023-07-10,422.5186462402344,84.68163299560547,178.77999877929688,74.02767944335938
2023-07-11,425.2094421386719,84.85975646972656,179.4499969482422,75.08409881591797
2023-07-12,428.63067626953125,85.68804168701172,181.8800048828125,75.4890365600586
2023-07-13,432.0326232910156,86.40057373046875,182.00999450683594,75.97322845458984
2023-07-14,431.76361083984375,85.97305297851562,181.42999267578125,75.82356262207031
2023-07-17,433.26275634765625,86.11553955078125,181.55999755859375,75.33059692382812
2023-07-18,436.4821472167969,86.21351623535156,183.63999938964844,74.91683197021484
2023-07-19,437.45281982421875,86.50743103027344,183.6699981689453,75.76195526123047
2023-07-20,434.55047607421875,85.82167053222656,182.74000549316406,75.51545715332031
2023-07-21,434.55047607421875,85.89289093017578,182.17999267578125,75.8675765991211
2023-07-24,436.49176025390625,85.68804168701172,181.39999389648438,76.49262237548828
2023-07-25,437.6834716796875,85.52772521972656,182.41000366210938,75.94682312011719
2023-07-26,437.7506408691406,85.82167053222656,183.3000030517578,76.29015350341797
2023-07-27,434.8483581542969,84.886474609375,180.4199981689453,74.63512420654297
2023-07-28,439.1057434082031,85.1625747680664,181.86000061035156,74.573486328125
2023-07-31,439.9418029785156,85.26944732666016,182.35000610351562,75.05767059326172
2023-08-01,438.682861328125,84.77120208740234,180.4600067138672,74.9344482421875
2023-08-02,432.5804138183594,84.60157012939453,179.60000610351562,74.50305938720703
2023-08-03,431.34075927734375,83.97655487060547,179.5399932861328,73.69314575195312
2023-08-04,429.3899230957031,84.86942291259766,180.19000244140625,73.09452819824219
2023-08-07,433.1377868652344,84.6640625,179.77999877929688,74.01006317138672
2023-08-08,431.2541809082031,85.09265899658203,178.63999938964844,73.5346908569336
2023-08-09,428.3712158203125,85.14623260498047,177.7899932861328,73.52588653564453
2023-08-10,428.52496337890625,84.49442291259766,177.60000610351562,73.24417114257812
2023-08-11,428.27508544921875,84.0479736328125,177.60000610351562,73.35862731933594
2023-08-14,430.63916015625,83.9140396118164,177.05999755859375,72.87445068359375
2023-08-15,425.6227111816406,83.75330352783203,176.58999633789062,72.05572509765625
2023-08-16,422.4994201660156,83.431884765625,175.57000732421875,71.16656494140625
2023-08-17,419.27996826171875,83.32472229003906,175.3000030517578,70.59436798095703
2023-08-18,419.4818420410156,83.57475280761719,175.3300018310547,70.814453125
2023-08-21,422.2110900878906,83.05685424804688,175.80999755859375,70.16300201416016
2023-08-22,421.0674743652344,83.09255981445312,176.10000610351562,70.365478515625
2023-08-23,425.7572326660156,83.99441528320312,177.88999938964844,71.47469329833984
2023-08-24,419.85662841796875,83.68189239501953,177.85000610351562,71.20179748535156
2023-08-25,422.8165588378906,83.65508270263672,177.6199951171875,71.2546157836914
2023-08-28,425.4977722167969,83.88723754882812,178.1300048828125,71.92366790771484
2023-08-29,431.6482238769531,84.48548126220703,179.8699951171875,72.79520416259766
2023-08-30,433.4261474609375,84.47654724121094,180.32000732421875,73.05931091308594
2023-08-31,432.7918701171875,84.6462173461914,180.02000427246094,72.52230834960938
2023-09-01,433.5990905761719,84.12879943847656,180.11000061035156,72.64556121826172
2023-09-05,431.7251281738281,83.61857604980469,178.63999938964844,71.80042266845703
2023-09-06,428.8229064941406,83.4037094116211,177.8300018310547,71.65076446533203
2023-09-07,427.50628662109375,83.6901626586914,178.02000427246094,72.0997314453125
2023-09-08,428.150146484375,83.70807647705078,178.0800018310547,71.81803894042969
2023-09-11,430.9659118652344,83.56480407714844,178.41000366210938,71.82682800292969
2023-09-12,428.6018371582031,83.68120574951172,177.49000549316406,71.7916259765625
2023-09-13,429.1015319824219,83.77965545654297,177.0800018310547,71.00812530517578
2023-09-14,432.8014221191406,83.59169006347656,177.1699981689453,72.29341125488281
2023-09-15,427.5868835449219,83.33209228515625,178.33999633789062,72.0205078125
2023-09-18,427.8376770019531,83.41265869140625,179.38999938964844,71.37787628173828
2023-09-19,426.9504699707031,83.10829162597656,179.22000122070312,71.0521240234375
2023-09-20,423.025390625,83.04563903808594,179.35000610351562,71.11376190185547
2023-09-21,416.033447265625,82.4279556274414,178.0500030517578,68.69282531738281
2023-09-22,415.0979309082031,82.750244140625,178.6199951171875,68.1734390258789
2023-09-25,416.8434753417969,82.14151763916016,177.6999969482422,68.11181640625
2023-09-26,410.71954345703125,82.11465454101562,176.27999877929688,66.87052154541016
2023-09-27,410.88348388671875,81.74764251708984,174.10000610351562,66.42155456542969
2023-09-28,413.2655334472656,81.97140502929688,173.22999572753906,67.05889892578125
2023-09-29,412.2625427246094,81.98931884765625,171.4499969482422,67.25447082519531
2023-10-02,412.0986328125,81.32425689697266,169.64999389648438,66.01888275146484
2023-10-03,406.58221435546875,80.651123046875,169.16000366210938,64.72998046875
2023-10-04,409.5429992675781,81.16270446777344,169.13999938964844,65.52108764648438
2023-10-05,409.3886413574219,81.3152847290039,168.8300018310547,65.88555145263672
2023-10-06,414.249267578125,80.83959197998047,169.6999969482422,66.06332397460938
2023-10-09,416.9013366699219,81.87175750732422,172.82000732421875,66.7833480834961
2023-10-10,419.0712585449219,81.7101821899414,172.52999877929688,67.10333251953125
2023-10-11,420.7879333496094,82.15895080566406,173.7899932861328,68.267822265625
2023-10-12,418.2225646972656,81.36912536621094,173.25999450683594,67.2722396850586
2023-10-13,416.1394348144531,81.88969421386719,178.8300018310547,67.10333251953125
2023-10-16,420.517822265625,81.4050064086914,177.9600067138672,67.90333557128906
2023-10-17,420.49853515625,80.60626220703125,178.2899932861328,67.80557250976562
2023-10-18,414.8953552246094,80.22927856445312,180.8699951171875,66.36554718017578
2023-10-19,411.2499694824219,79.83439636230469,183.08999633789062,64.79218292236328
2023-10-20,406.196533203125,80.30109405517578,183.58999633789062,64.35663604736328
2023-10-23,405.492431640625,80.67802429199219,182.97000122070312,63.72551345825195
2023-10-24,408.5496520996094,80.8216552734375,182.9499969482422,64.5433120727539
2023-10-25,402.68603515625,80.11261749267578,183.72000122070312,63.15660858154297
2023-10-26,397.8640441894531,80.72291564941406,184.00999450683594,64.36553192138672
2023-10-27,396.0606689453125,80.84859466552734,186.14999389648438,63.33439254760742
2023-10-30,400.7958068847656,80.57929992675781,185.10000610351562,63.73439407348633
2023-10-31,403.31298828125,80.40878295898438,184.08999633789062,64.81887817382812
2023-11-01,407.6141357421875,81.33489990234375,183.50999450683594,65.2188720703125
2023-11-02,415.42584228515625,81.83891296386719,184.1199951171875,67.36112976074219
2023-11-03,419.21600341796875,82.46893310546875,184.7899932861328,68.97004699707031
2023-11-06,420.1802978515625,81.991943359375,183.35000610351562,67.97447204589844
2023-11-07,421.3761901855469,82.45993041992188,182.58999633789062,67.41444396972656
2023-11-08,421.684814453125,82.79293060302734,180.77000427246094,67.63668060302734
2023-11-09,418.39617919921875,81.97392272949219,181.49000549316406,66.57001495361328
2023-11-10,424.9251708984375,82.06391143798828,179.50999450683594,67.19224548339844
2023-11-13,424.5201416015625,82.0189437866211,180.50999450683594,66.63223266601562
2023-11-14,432.7561340332031,83.2519760131836,182.1199951171875,70.33007049560547
2023-11-15,433.6722717285156,82.60392761230469,181.63999938964844,70.53450775146484
2023-11-16,434.20269775390625,83.2249526977539,183.69000244140625,70.38340759277344
2023-11-17,434.74285888671875,83.27896118164062,183.6699981689453,70.33007049560547
2023-11-20,438.0892639160156,83.39595794677734,183.3699951171875,70.84563446044922
2023-11-21,437.1344909667969,83.50395202636719,185.35000610351562,70.34784698486328
2023-11-22,438.8222351074219,83.47698974609375,184.55999755859375,70.69451141357422
2023-11-24,439.0921936035156,83.04493713378906,185.52000427246094,70.89896392822266
2023-11-27,438.3014831542969,83.67497253417969,186.77000427246094,71.15674591064453
2023-11-28,438.7353515625,84.04399108886719,189.25999450683594,71.62786865234375
2023-11-29,438.4267578125,84.48500061035156,189.5399932861328,72.12564849853516
2023-11-30,440.153076171875,84.07096862792969,188.75,72.65010833740234
2023-12-01,442.7569885253906,84.86419677734375,192.00999450683594,74.4367904663086
2023-12-04,440.4327392578125,84.51226806640625,187.86000061035156,74.9790267944336
2023-12-05,440.3459777832031,85.10784912109375,187.14999389648438,74.48124694824219
2023-12-06,438.5715026855469,85.45977783203125,187.83999633789062,74.25901794433594
2023-12-07,441.9179382324219,85.33346557617188,188.14999389648438,74.47235870361328
2023-12-08,443.81781005859375,84.78298950195312,185.63999938964844,74.3479232788086
2023-12-11,445.5440673828125,84.79202270507812,183.58999633789062,74.5523681640625
2023-12-12,447.5790100097656,84.97251892089844,183.49000549316406,74.50791931152344
2023-12-13,453.7511291503906,86.2358627319336,187.6300048828125,77.36129760742188
2023-12-14,455.2074279785156,86.9527359008789,188.72999572753906,79.59245300292969
2023-12-15,454.45794677734375,86.88032531738281,187.0,78.47241973876953
2023-12-18,457.0142517089844,86.69023895263672,187.85000610351562,78.2946548461914
2023-12-19,459.7933654785156,86.85316467285156,189.1300048828125,78.89020538330078
2023-12-20,453.4218444824219,87.278564453125,188.10000610351562,77.93019104003906
2023-12-21,457.7211608886719,87.14280700683594,189.42999267578125,78.62129211425781
2023-12-22,458.6410217285156,87.0613784790039,190.27000427246094,78.92725372314453
2023-12-26,460.57763671875,87.11563873291016,191.72000122070312,79.51216125488281
2023-12-27,461.410400390625,87.7944564819336,192.58999633789062,79.89910125732422
2023-12-28,461.5846862792969,87.45960998535156,191.47000122070312,80.46601867675781
2023-12-29,460.2484130859375,87.24232482910156,191.1699981689453,79.51216125488281
2024-01-02,457.6726989746094,86.9165267944336,190.72000122070312,80.19606018066406
2024-01-03,453.9350891113281,87.12469482421875,189.1300048828125,78.27935791015625
2024-01-04,452.4728698730469,86.59973907470703,189.32000732421875,78.13536834716797
2024-01-05,453.0926208496094,86.28297424316406,189.35000610351562,77.9374008178711
2024-01-08,459.56097412109375,86.5726089477539,187.8699951171875,79.05322265625
2024-01-09,458.8637390136719,86.5363998413086,187.92999267578125,78.52230072021484
2024-01-10,461.4588317871094,86.400634765625,187.5,78.6123046875
2024-01-11,461.2554931640625,86.86221313476562,187.8699951171875,77.8833999633789
2024-01-12,461.57501220703125,87.09756469726562,189.7100067138672,78.35132598876953
2024-01-16,459.8804626464844,86.39158630371094,187.91000366210938,77.77543640136719
2024-01-17,457.3241271972656,86.11097717285156,185.83999633789062,76.35363006591797
2024-01-18,461.3910217285156,85.92091369628906,187.3699951171875,75.93970489501953
2024-01-19,467.14276123046875,85.92997741699219,187.92999267578125,76.84856414794922
2024-01-22,468.1304626464844,86.19245910644531,187.22000122070312,77.3074951171875
2024-01-23,469.49578857421875,85.97522735595703,187.9499969482422,76.77657318115234
2024-01-24,470.0090637207031,85.7308578491211,186.39999389648438,75.6787338256836
2024-01-25,472.56536865234375,86.1019287109375,187.13999938964844,76.65058898925781
2024-01-26,471.9649963378906,85.94807434082031,187.00999450683594,76.43461608886719
2024-01-29,475.70269775390625,86.46399688720703,188.3300018310547,76.93854522705078
2024-01-30,475.3347473144531,86.5816421508789,188.58999633789062,76.21865844726562
2024-01-31,467.57855224609375,87.30573272705078,188.4499969482422,75.48975372314453
2024-02-01,473.69830322265625,87.8464584350586,190.41000366210938,76.85755157470703
2024-02-02,478.68511962890625,86.7032470703125,188.61000061035156,75.90370178222656
2024-02-05,476.942138671875,85.85945129394531,187.57000732421875,74.31094360351562
2024-02-06,478.32684326171875,86.32217407226562,188.5500030517578,75.30978393554688
2024-02-07,482.3162841796875,86.16793823242188,188.5,75.20181274414062
2024-02-08,482.5292663574219,85.88666534423828,188.3300018310547,75.81371307373047
2024-02-09,485.31805419921875,85.73243713378906,187.60000610351562,75.9306869506836
2024-02-12,485.1049499511719,85.81410217285156,187.11000061035156,75.94869995117188
2024-02-13,478.42364501953125,84.8704833984375,184.52999877929688,74.3829345703125
2024-02-14,482.7713623046875,85.18804168701172,184.4199981689453,74.96783447265625
2024-02-15,486.1023254394531,85.42394256591797,185.66000366210938,76.71356964111328
2024-02-16,483.681640625,85.05194091796875,186.33999633789062,75.92169952392578
2024-02-20,481.018798828125,85.19711303710938,187.47000122070312,75.78671264648438
2024-02-21,481.4544677734375,84.92491912841797,187.47999572753906,76.20964050292969
2024-02-22,491.41839599609375,84.93399810791016,187.55999755859375,76.35363006591797
2024-02-23,491.75732421875,85.32413482666016,188.6199951171875,76.31764221191406
2024-02-26,489.9562072753906,85.19711303710938,188.1999969482422,75.48075866699219
2024-02-27,490.8664245605469,85.00660705566406,188.0,75.57075500488281
2024-02-28,490.21771240234375,85.31505584716797,188.33999633789062,76.33563232421875
2024-02-29,491.9800109863281,85.48743438720703,189.30999755859375,76.9835433959961
2024-03-01,496.5988464355469,85.8777084350586,192.88999938964844,77.9013900756836
2024-03-04,496.0662841796875,85.68669128417969,196.00999450683594,78.63028717041016
2024-03-05,491.1085205078125,86.21432495117188,197.19000244140625,77.67643737792969
2024-03-06,493.59710693359375,86.4235610961914,198.80999755859375,78.06336212158203
2024-03-07,498.4967346191406,86.56909942626953,199.94000244140625,78.04537963867188
2024-03-08,495.5046691894531,86.6328125,201.6300048828125,78.94524383544922
2024-03-11,495.0786437988281,86.52362823486328,202.0,78.56729125976562
2024-03-12,500.4042663574219,86.16883850097656,199.7899932861328,78.39631652832031
2024-03-13,499.6199645996094,85.9778060913086,201.19000244140625,78.0003890991211
2024-03-14,498.63232421875,85.34098052978516,200.35000610351562,76.83055877685547
2024-03-15,495.2084045410156,85.1954345703125,199.7100067138672,76.65959167480469
2024-03-18,498.15155029296875,85.09536743164062,200.02999877929688,76.69558715820312
2024-03-19,500.9197998046875,85.34098052978516,199.8000030517578,76.6685791015625
2024-03-20,505.552978515625,85.54112243652344,202.17999267578125,77.1725082397461
2024-03-21,507.2235412597656,85.55023193359375,201.97000122070312,77.73041534423828
2024-03-22,506.26202392578125,85.96869659423828,200.35000610351562,76.75209045410156
2024-03-25,504.86346435546875,85.74127197265625,200.99000549316406,76.28014373779297
2024-03-26,503.930908203125,85.86862182617188,201.63999938964844,75.97157287597656
2024-03-27,508.165771484375,86.19609832763672,203.10000610351562,77.93191528320312
2024-03-28,508.0686950683594,86.11425018310547,205.72000122070312,78.48551177978516
2024-04-01,507.1846923828125,85.3350830078125,207.82000732421875,77.16954040527344
2024-04-02,503.9600524902344,85.15259552001953,210.88999938964844,76.19845581054688
2024-04-03,504.5136413574219,85.25294494628906,212.74000549316406,76.28014373779297
2024-04-04,498.35552978515625,85.54493713378906,211.52000427246094,75.79007720947266
2024-04-05,503.56170654296875,84.97923278808594,215.13999938964844,76.1803207397461
2024-04-08,503.8434143066406,84.78764343261719,216.47999572753906,76.99711608886719
2024-04-09,504.4262390136719,85.12522888183594,217.6699981689453,78.02265930175781
2024-04-10,499.37542724609375,83.99384307861328,215.61000061035156,74.79176330566406
2024-04-11,503.1441345214844,83.87525939941406,219.8000030517578,75.0458755493164
2024-04-12,496.19921875,84.22196197509766,216.88999938964844,74.15646362304688
2024-04-15,489.98272705078125,83.68366241455078,220.9499969482422,72.89496612548828
2024-04-16,489.0890808105469,83.35521697998047,221.22000122070312,71.86942291259766
2024-04-17,486.1945495605469,83.88438415527344,219.58999633789062,71.3430404663086
2024-04-18,485.19403076171875,83.59242248535156,220.33999633789062,71.35211181640625
2024-04-19,480.9591979980469,83.70191192626953,221.02999877929688,71.6969985961914
2024-04-22,485.38836669921875,83.71102905273438,215.57000732421875,72.332275390625
2024-04-23,491.14825439453125,83.8205337524414,215.0399932861328,72.99478912353516
2024-04-24,490.91522216796875,83.56504821777344,214.63999938964844,73.13092041015625
2024-04-25,489.05023193359375,83.2457275390625,215.9199981689453,72.71345520019531
2024-04-26,493.6834411621094,83.47381591796875,216.6199951171875,72.74974822998047
2024-04-29,495.43182373046875,83.8113784790039,216.17999267578125,73.49394226074219
2024-04-30,487.5835876464844,83.4190673828125,211.8699951171875,72.25059509277344
2024-05-01,486.0003356933594,83.74945068359375,213.7899932861328,72.27781677246094
2024-05-02,490.5460510253906,84.14290618896484,213.1300048828125,73.29429626464844
2024-05-03,496.6265563964844,84.60960388183594,212.9600067138672,73.78437042236328
2024-05-06,501.755126953125,84.68282318115234,215.1999969482422,73.84789276123047
2024-05-07,502.3088073730469,84.9024429321289,214.2100067138672,74.54671478271484
2024-05-08,502.35723876953125,84.66449737548828,213.5800018310547,73.92050170898438
2024-05-09,505.2518615722656,84.92076110839844,216.9499969482422,75.43612670898438
2024-05-10,505.90277099609375,84.6462173461914,218.7100067138672,75.22738647460938
2024-05-13,505.9705810546875,84.74686431884766,216.25999450683594,75.4724349975586
2024-05-14,508.29205322265625,84.99393463134766,218.08999633789062,76.05326080322266
2024-05-15,514.5862426757812,85.634521484375,220.88999938964844,77.10603332519531
2024-05-16,513.5275268554688,85.46979522705078,220.02999877929688,77.05157470703125
2024-05-17,514.2656860351562,85.20442962646484,223.66000366210938,77.04249572753906
2024-05-20,514.8582153320312,85.07630920410156,224.55999755859375,76.5887222290039
2024-05-21,516.1209716796875,85.29591369628906,224.22999572753906,76.56147766113281
2024-05-22,514.6348266601562,85.18612670898438,220.11000061035156,75.87174224853516
2024-05-23,510.87579345703125,84.88414764404297,215.72000122070312,74.23815155029297
2024-05-24,514.2560424804688,84.99393463134766,215.9199981689453,74.2926025390625
2024-05-28,514.6154174804688,84.5180892944336,218.19000244140625,73.80250549316406
2024-05-29,511.0116882324219,84.10631561279297,216.16000366210938,73.0855484008789
2024-05-30,507.6219482421875,84.5272445678711,216.57000732421875,74.15646362304688
2024-05-31,512.2454223632812,84.92076110839844,215.3000030517578,75.54502868652344
2024-06-03,512.6630249023438,85.4769287109375,217.22000122070312,75.37258911132812
2024-06-04,513.2362060546875,85.94503021240234,215.27000427246094,75.95343780517578
2024-06-05,519.3359375,86.25711059570312,217.82000732421875,75.86266326904297
2024-06-06,519.326416015625,86.22037506103516,219.42999267578125,76.00788116455078
2024-06-07,518.6950073242188,85.31175231933594,211.60000610351562,75.2909164428711
2024-06-10,520.2975463867188,85.128173828125,213.5399932861328,75.54502868652344
2024-06-11,521.5506591796875,85.57789611816406,214.14999389648438,75.27275848388672
2024-06-12,525.834228515625,86.05518341064453,214.72000122070312,75.94435119628906
2024-06-13,526.892822265625,86.62421417236328,212.97000122070312,76.25292205810547
2024-06-14,527.2134399414062,86.82616424560547,215.72999572753906,76.23477172851562
2024-06-17,531.4096069335938,86.42230987548828,214.61000061035156,75.9352798461914
2024-06-18,532.7596435546875,86.79862976074219,215.47000122070312,76.23477172851562
2024-06-20,531.3123168945312,86.57832336425781,218.16000366210938,76.01696014404297
2024-06-21,530.6001586914062,86.59669494628906,214.77999877929688,76.2075424194336
2024-06-24,528.8753051757812,86.67012023925781,215.6300048828125,76.7974624633789
2024-06-25,530.9119873046875,86.74354553222656,214.55999755859375,75.85360717773438
2024-06-26,531.5745849609375,86.22037506103516,212.5800018310547,75.61763000488281
2024-06-27,532.41259765625,86.41312408447266,214.99000549316406,76.35275268554688
2024-06-28,530.3175659179688,85.95420837402344,215.00999450683594,76.9619369506836
2024-07-01,531.4089965820312,85.31437683105469,215.57000732421875,76.23606872558594
2024-07-02,534.9851684570312,85.6365966796875,215.55999755859375,76.59440612792969
2024-07-03,537.3724975585938,86.20738983154297,217.99000549316406,76.5208969116211
2024-07-05,540.4713134765625,86.68611907958984,220.92999267578125,76.73224639892578
2024-07-08,541.0950317382812,86.7137451171875,218.19000244140625,76.98031616210938
2024-07-09,541.6211547851562,86.59405517578125,218.55999755859375,76.9619369506836
2024-07-10,546.980712890625,86.67691802978516,219.36000061035156,77.5316162109375
2024-07-11,542.2642822265625,87.22928619384766,223.25,79.75521087646484
2024-07-12,545.6846313476562,87.41340637207031,223.11000061035156,80.36164093017578
2024-07-15,547.1853637695312,87.13722229003906,223.8300018310547,80.90376281738281
2024-07-16,550.4302368164062,87.52389526367188,228.2899932861328,81.8960952758789
2024-07-17,542.712646484375,87.5975341796875,227.22999572753906,82.45658874511719
2024-07-18,538.5418701171875,87.34895324707031,225.77999877929688,81.730712890625
2024-07-19,534.9656372070312,87.07278442382812,221.72999572753906,81.58370208740234
2024-07-22,540.4810791015625,86.98992156982422,221.8000030517578,82.42902374267578
2024-07-23,539.6332397460938,87.05435943603516,222.5800018310547,82.36470794677734
2024-07-24,527.4039306640625,86.86103057861328,221.8000030517578,81.15184783935547
2024-07-25,524.6558837890625,87.05435943603516,218.3300018310547,80.88536834716797
2024-07-26,530.5317993164062,87.46863555908203,220.6300048828125,82.30040740966797
2024-07-29,530.8438110351562,87.615966796875,220.32000732421875,82.72306060791016
2024-07-30,528.1541748046875,87.80008697509766,222.52000427246094,83.36624145507812
2024-07-31,536.7391357421875,88.44448852539062,226.5500030517578,83.07221984863281
2024-08-01,529.138427734375,88.82219696044922,225.77000427246094,83.90837097167969
2024-08-02,519.2867431640625,90.19804382324219,225.33999633789062,83.8624267578125
2024-08-05,504.1631164550781,90.29039001464844,222.47999572753906,81.4642562866211
2024-08-06,508.81134033203125,89.4870376586914,220.6999969482422,83.07221984863281
2024-08-07,505.4104309082031,89.16382598876953,220.5500030517578,82.5025405883789
2024-08-08,517.0941772460938,88.89604949951172,224.00999450683594,83.31111907958984
2024-08-09,519.3743286132812,89.25618743896484,224.55999755859375,83.69702911376953
2024-08-12,519.6472778320312,89.50550079345703,228.41000366210938,83.08139038085938
2024-08-13,528.1932373046875,89.90258026123047,228.05999755859375,83.80728149414062
2024-08-14,529.8595581054688,90.02259826660156,226.1999969482422,84.02781677246094
2024-08-15,538.9415283203125,89.4593276977539,226.91000366210938,83.96349334716797
2024-08-16,540.1498413085938,89.63475799560547,231.99000549316406,83.91754913330078
2024-08-19,545.3143920898438,89.75482940673828,231.61000061035156,84.61585998535156
2024-08-20,544.4276123046875,90.11494445800781,232.4600067138672,84.51480102539062
2024-08-21,546.2985229492188,90.29963684082031,232.14999389648438,84.96502685546875
2024-08-22,542.0108642578125,89.88409423828125,229.3699951171875,85.2131118774414
2024-08-23,547.7699584960938,90.29963684082031,232.02000427246094,87.08753967285156
2024-08-26,546.4642333984375,90.18880462646484,232.75999450683594,87.0508041381836
2024-08-27,547.214599609375,90.15187072753906,233.38999938964844,87.17941284179688
2024-08-28,544.037841796875,90.105712890625,231.75,86.8394546508789
2024-08-29,544.0865478515625,89.94873809814453,232.9499969482422,86.57299041748047
2024-08-30,549.2803955078125,89.63475799560547,231.2899932861328,87.40914154052734
2024-09-03,537.9767456054688,90.22563934326172,230.2899932861328,87.36320495605469
2024-09-04,536.8755493164062,90.75355529785156,230.42999267578125,87.61128234863281
2024-09-05,535.56982421875,90.9665756225586,232.35000610351562,87.32644653320312
2024-09-06,526.5560302734375,91.09623718261719,230.6300048828125,87.2437515258789
2024-09-09,532.4514770507812,91.22591400146484,231.60000610351562,88.21772003173828
2024-09-10,534.7708129882812,91.61490631103516,232.6199951171875,89.4948959350586
2024-09-11,540.2569580078125,91.55005645751953,232.25,89.32032012939453
2024-09-12,544.8077392578125,91.40188598632812,236.3300018310547,89.6970443725586
2024-09-13,547.653076171875,91.57785034179688,238.67999267578125,90.63426971435547
2024-09-16,548.4618530273438,91.81864929199219,238.66000366210938,90.9374771118164
2024-09-17,548.68603515625,91.65193176269531,237.33999633789062,90.30348205566406
2024-09-18,547.05859375,91.25370025634766,235.50999450683594,90.19322967529297
2024-09-19,556.3939208984375,91.17959594726562,239.1699981689453,90.21159362792969
2024-09-20,555.4321899414062,91.15179443359375,242.2100067138672,89.853271484375
2024-09-23,556.8200073242188,91.09623718261719,242.67999267578125,90.74452209472656
2024-09-24,558.4131469726562,91.19810485839844,246.07000732421875,90.8731689453125
2024-09-25,557.1817016601562,90.82765197753906,245.72999572753906,90.2667236328125
2024-09-26,559.3908081054688,90.7628173828125,246.97999572753906,89.44895935058594
2024-09-27,558.579345703125,91.1240234375,245.02000427246094,89.56293487548828
2024-09-30,560.81787109375,90.87395477294922,243.05999755859375,90.26712036132812
2024-10-01,555.7937622070312,91.20464324951172,245.61000061035156,89.68338775634766
2024-10-02,556.0283203125,90.94454193115234,245.66000366210938,89.36834716796875
2024-10-03,555.01171875,90.48013305664062,245.49000549316406,88.55296325683594
2024-10-04,560.0552368164062,89.60701751708984,245.0,88.12673950195312
2024-10-07,554.9921875,89.28191375732422,244.1699981689453,87.34840393066406
2024-10-08,560.2410888671875,89.35620880126953,242.3699951171875,87.52446746826172
2024-10-09,564.12158203125,89.02181243896484,241.0500030517578,87.61712646484375
2024-10-10,563.1343383789062,89.01253509521484,242.82000732421875,86.83879089355469
2024-10-11,566.506591796875,89.0404052734375,245.47000122070312,87.82096099853516
2024-10-14,571.1395874023438,88.88248443603516,245.07000732421875,88.34912109375
2024-10-15,566.7021484375,89.33761596679688,245.9199981689453,89.4146728515625
2024-10-16,569.1651611328125,89.47695922851562,247.14999389648438,90.39685821533203
2024-10-17,569.2139892578125,89.01253509521484,248.6300048828125,89.68338775634766
2024-10-18,571.403564453125,89.11471557617188,251.27000427246094,90.35053253173828
2024-10-21,570.4652099609375,88.42736053466797,251.22000122070312,88.58075714111328
2024-10-22,570.1621704101562,88.34374237060547,253.92999267578125,88.71047973632812
2024-10-23,564.9523315429688,88.139404296875,250.8699951171875,89.35909271240234
2024-10-24,566.1741943359375,88.33445739746094,252.8000030517578,89.55367279052734
2024-10-25,565.9786376953125,88.139404296875,253.32000732421875,88.71047973632812
2024-10-28,567.7283935546875,87.93504333496094,253.3300018310547,88.98846435546875
2024-10-29,568.647216796875,87.97222900390625,256.0899963378906,88.34912109375
2024-10-30,566.9268798828125,87.84217071533203,257.5,88.73827362060547
2024-10-31,555.8132934570312,87.79573059082031,253.50999450683594,87.23722839355469
2024-11-01,558.1591796875,87.27581024169922,252.47000122070312,86.2735824584961
2024-11-04,556.9569091796875,87.7416763305664,252.8300018310547,87.21869659423828
2024-11-05,563.6914672851562,87.78827667236328,253.39999389648438,88.37692260742188
2024-11-06,577.7080688476562,86.88449096679688,245.6999969482422,86.49596405029297
2024-11-07,582.1748657226562,87.58328247070312,249.64999389648438,87.53372192382812
2024-11-08,584.69677734375,87.7696533203125,247.9600067138672,88.84020233154297
2024-11-11,585.25390625,87.52738952636719,242.13999938964844,88.39544677734375
2024-11-12,583.4358520507812,86.97765350341797,240.0500030517578,87.17236328125
2024-11-13,583.7192993164062,86.9217529296875,237.6300048828125,87.65418243408203
2024-11-14,579.9658203125,86.91244506835938,237.00999450683594,86.8666000366211
2024-11-15,572.5372924804688,86.94972229003906,236.58999633789062,86.91292572021484
2024-11-18,574.8831787109375,87.1453857421875,241.08999633789062,87.54300689697266
2024-11-19,576.9848022460938,87.33173370361328,243.25,87.96922302246094
2024-11-20,577.18017578125,87.20128631591797,244.6199951171875,87.8580322265625
2024-11-21,580.2786865234375,87.15470123291016,246.66000366210938,88.50662994384766
2024-11-22,582.0771484375,87.21060180664062,249.83999633789062,89.17377471923828
2024-11-25,584.0516967773438,88.15164184570312,242.47999572753906,90.41539001464844
2024-11-26,587.1012573242188,87.96532440185547,242.9499969482422,90.77674865722656
2024-11-27,585.3223266601562,88.31938171386719,243.49000549316406,91.3604965209961
2024-11-29,588.9583740234375,88.69207000732422,245.58999633789062,90.95280456542969
2024-12-02,590.0140991210938,88.68458557128906,243.44000244140625,89.6277847290039
2024-12-03,590.2877197265625,88.4322509765625,243.92999267578125,89.17377471923828
2024-12-04,593.9530029296875,88.76870727539062,244.6699981689453,88.93286895751953
2024-12-05,592.9757080078125,88.75936126708984,242.86000061035156,88.7197494506836
2024-12-06,594.0997314453125,89.03972625732422,242.9499969482422,88.59002685546875
2024-12-09,591.0403442382812,88.73131561279297,245.36000061035156,88.84020233154297
2024-12-10,589.2026977539062,88.57242584228516,248.58999633789062,87.55226135253906
2024-12-11,593.7576293945312,88.31072998046875,250.9600067138672,87.34840393066406
2024-12-12,590.6981811523438,87.97427368164062,247.27999877929688,87.20942687988281
2024-12-13,590.5809326171875,87.56307983398438,244.2899932861328,86.9592514038086
2024-12-16,593.1027221679688,87.59109497070312,244.8800048828125,86.65347290039062
2024-12-17,590.6591186523438,87.59109497070312,243.94000244140625,86.23651885986328
2024-12-18,573.0554809570312,86.91407775878906,239.25999450683594,82.678466796875
2024-12-19,572.8795166015625,86.520263671875,239.60000610351562,81.39977264404297
2024-12-20,579.7603149414062,86.83908081054688,242.10000610351562,82.77112579345703
2024-12-23,583.2320556640625,86.45462799072266,240.9600067138672,83.0948257446289
2024-12-24,589.7146606445312,86.50150299072266,241.44000244140625,83.64678955078125
2024-12-26,589.7540283203125,86.56712341308594,243.07000732421875,83.87132263183594
2024-12-27,583.5460205078125,86.34209442138672,241.39999389648438,83.02932739257812
2024-12-30,576.88671875,86.84844970703125,240.6300048828125,82.6176986694336
2024-12-31,574.7879028320312,86.68903350830078,242.1300048828125,83.33805847167969
2025-01-02,573.3756713867188,86.73594665527344,245.4199981689453,82.59898376464844
2025-01-03,580.544921875,86.59527587890625,243.49000549316406,83.68421936035156
2025-01-06,583.8892211914062,86.5108871459961,243.19000244140625,82.60833740234375
2025-01-07,577.288818359375,86.11705017089844,244.55999755859375,81.82247161865234
2025-01-08,578.13232421875,86.26708221435547,245.86000061035156,82.03766632080078
2025-01-10,569.3056030273438,85.6388168334961,248.2100067138672,80.03560638427734
2025-01-13,570.1884155273438,85.48880004882812,245.74000549316406,81.0179214477539
2025-01-14,570.9728393554688,85.51693725585938,247.02999877929688,81.75699615478516
2025-01-15,581.35888671875,86.41712951660156,248.8800048828125,82.22476959228516
2025-01-16,580.2409057617188,86.62339782714844,250.60000610351562,83.92744445800781
2025-01-17,586.06640625,86.68903350830078,249.27000427246094,83.87132263183594
2025-01-21,591.4309692382812,86.97972106933594,253.1300048828125,85.44303894042969
2025-01-22,594.7557373046875,86.75466918945312,254.42999267578125,83.95552062988281
2025-01-23,598.0018310546875,86.52964782714844,254.07000732421875,84.57298278808594
2025-01-24,596.256103515625,86.70780181884766,255.64999389648438,84.86299896240234
2025-01-27,587.8218994140625,87.27041625976562,252.99000549316406,85.9949951171875
2025-01-28,592.8726806640625,87.27978515625,255.17999267578125,84.95654296875
2025-01-29,590.2149047851562,87.17662811279297,254.1999969482422,83.83390045166016
2025-01-30,593.3826293945312,87.36418151855469,258.04998779296875,84.9004135131836
2025-01-31,590.2247924804688,87.2235336303711,258.55999755859375,84.71330261230469
2025-02-03,586.252685546875,87.28561401367188,259.94000244140625,84.53555297851562
2025-02-04,590.1854248046875,87.5019760131836,262.5,84.6010513305664
2025-02-05,592.578369140625,88.00992584228516,264.1300048828125,85.78916931152344
2025-02-06,594.6380004882812,87.90645599365234,263.42999267578125,86.00434875488281
2025-02-07,589.1950073242188,87.61483001708984,263.8999938964844,85.72369384765625
2025-02-10,593.1963500976562,87.59603118896484,268.3699951171875,85.68626403808594
2025-02-11,593.6475219726562,87.37027740478516,267.3900146484375,86.06049346923828
2025-02-12,591.7350463867188,86.76823425292969,267.6700134277344,85.26526641845703
2025-02-13,597.982177734375,87.41730499267578,270.30999755859375,86.11662292480469
2025-02-14,597.9529418945312,87.78417205810547,266.2900085449219,85.72369384765625
2025-02-18,599.7083740234375,87.3138198852539,270.70001220703125,86.10726928710938
2025-02-19,601.1206665039062,87.45494079589844,270.8500061035156,86.1727523803711
2025-02-20,598.6197509765625,87.63365936279297,270.989990234375,86.58439636230469
2025-02-21,588.3809814453125,88.1510238647461,270.739990234375,85.7330551147461
2025-02-24,585.7034912109375,88.33917999267578,272.2099914550781,86.0698471069336
2025-02-25,582.7906494140625,89.0352783203125,268.6199951171875,87.12700653076172
2025-02-26,583.0848999023438,89.27985382080078,269.0299987792969,86.76213836669922
2025-02-27,573.7777709960938,89.1763916015625,264.92999267578125,87.1082992553711
2025-02-28,582.7318725585938,89.66552734375,263.2699890136719,87.84738159179688
2025-03-03,572.5224609375,89.9909896850586,266.739990234375,88.2590103149414
2025-03-04,565.7456665039062,89.70796966552734,269.05999755859375,87.2392807006836
2025-03-05,571.826171875,89.2079849243164,269.6199951171875,88.21223449707031
2025-03-06,561.6754760742188,89.16081237792969,268.25,85.94822692871094
2025-03-07,564.82373046875,89.04759979248047,268.3900146484375,86.46277618408203
2025-03-10,549.779296875,89.6702651977539,266.0400085449219,85.63014221191406
2025-03-11,545.2090454101562,89.34947204589844,269.1600036621094,84.62911224365234
2025-03-12,548.1022338867188,89.08534240722656,270.3299865722656,84.3671646118164
2025-03-13,540.795654296875,89.44384002685547,275.1300048828125,82.70188903808594
2025-03-14,551.96630859375,89.13250732421875,275.239990234375,84.35780334472656
2025-03-17,556.2227783203125,89.2079849243164,276.7300109863281,85.79854583740234
2025-03-18,550.2108154296875,89.31175994873047,279.9599914550781,85.34947967529297
2025-03-19,556.203125,89.58533477783203,281.1099853515625,85.45237731933594
2025-03-20,554.5946044921875,89.71739959716797,280.75,85.39625549316406
2025-03-21,554.7777099609375,89.64193725585938,278.489990234375,84.45134735107422
2025-03-24,564.712890625,89.12307739257812,277.25,85.75177001953125
2025-03-25,566.0703735351562,89.2740249633789,278.4700012207031,84.78959655761719
2025-03-26,559.3125,89.06645965576172,278.239990234375,85.12039947509766
2025-03-27,557.8271484375,88.9909896850586,281.9700012207031,84.90301513671875
2025-03-28,546.5933837890625,89.70796966552734,284.05999755859375,84.78959655761719
2025-03-31,550.2625732421875,89.9721450805664,288.1400146484375,85.57408142089844
2025-04-01,551.8167114257812,90.28824615478516,287.57000732421875,85.61188507080078
2025-04-02,555.308837890625,90.20306396484375,288.1600036621094,86.1317138671875
2025-04-03,527.9427490234375,91.13054656982422,286.4200134277344,83.1922836303711
2025-04-04,497.03546142578125,91.3860855102539,279.7200012207031,79.58180236816406
2025-04-07,496.1501159667969,90.29768371582031,273.7099914550781,77.49302673339844
2025-04-08,488.3790588378906,89.84342193603516,275.20001220703125,75.41368103027344
2025-04-09,539.6683349609375,89.55950927734375,285.3800048828125,79.9126205444336
2025-04-10,516.0205078125,89.00111389160156,292.3500061035156,78.08847045898438
2025-04-11,525.2277221679688,88.49950408935547,297.92999267578125,79.0430679321289
2025-04-14,530.3232421875,89.20931243896484,296.2300109863281,80.67818450927734
2025-04-15,528.837890625,89.47431182861328,297.7799987792969,80.9239273071289
2025-04-16,517.0829467773438,89.86233520507812,307.4700012207031,80.8672103881836
2025-04-17,517.8206176757812,89.6068115234375,306.1199951171875,82.07701110839844
2025-04-21,505.4950866699219,89.12415313720703,315.5899963378906,80.36627960205078
2025-04-22,518.6470336914062,89.19039154052734,311.1099853515625,81.92578887939453
2025-04-23,526.68359375,89.2850341796875,303.6499938964844,82.07701110839844
2025-04-24,537.769775390625,89.76770782470703,308.07000732421875,82.37946319580078
2025-04-25,541.6553344726562,90.10842895507812,304.7300109863281,82.23768615722656
2025-04-28,541.8618774414062,90.46804809570312,309.07000732421875,82.7480697631836
2025-04-29,545.2752685546875,90.78036499023438,306.05999755859375,83.1922836303711
2025-04-30,545.49169921875,90.9223403930664,303.7699890136719,83.48529052734375
2025-05-01,549.3575439453125,90.5263900756836,297.4599914550781,83.75936889648438
2025-05-02,557.5122680664062,89.918701171875,297.9800109863281,84.78959655761719
2025-05-05,554.3153686523438,89.75727844238281,306.8800048828125,84.6005630493164
2025-05-06,549.68212890625,89.98515319824219,315.4800109863281,83.94841003417969
2025-05-07,551.9938354492188,90.2225341796875,310.75,84.04292297363281
2025-05-08,555.8400268554688,89.5199203491211,304.6300048828125,83.71212768554688
2025-05-09,555.1318359375,89.58638000488281,306.8399963378906,84.26976013183594
2025-05-12,573.4774780273438,89.01667022705078,298.19000244140625,84.68562316894531
2025-05-13,577.2647705078125,88.9501953125,299.4599914550781,83.608154296875
2025-05-14,578.00244140625,88.61788940429688,293.1600036621094,82.7858657836914
2025-05-15,580.8255615234375,89.19709777832031,297.8399963378906,84.29811096191406
2025-05-16,584.5045776367188,89.2255630493164,294.239990234375,85.34724426269531
2025-05-19,585.1439208984375,89.1780776977539,298.0299987792969,85.36614227294922
2025-05-20,583.1765747070312,89.06414031982422,303.5799865722656,84.8652114868164
2025-05-21,573.3495483398438,88.44694519042969,305.82000732421875,82.60629272460938
2025-05-22,573.5758666992188,88.77928924560547,303.1099853515625,82.22822570800781
2025-05-23,569.6607666015625,89.03565216064453,309.75,82.31330108642578
2025-05-27,581.5043334960938,89.4059829711914,304.5,83.74993133544922
2025-05-28,578.14013671875,89.15908813476562,303.80999755859375,83.66485595703125
2025-05-29,580.4223022460938,89.5294189453125,305.6099853515625,84.42098999023438
2025-05-30,579.7730712890625,89.79527282714844,303.6000061035156,84.42098999023438
2025-06-02,583.0388793945312,89.49044799804688,311.6700134277344,84.5344009399414
2025-06-03,586.3637084960938,89.40467834472656,308.9100036621094,84.36427307128906
2025-06-04,586.206298828125,90.06201171875,310.8999938964844,84.6005630493164
2025-06-05,583.373291015625,89.79527282714844,309.3299865722656,84.5344009399414
2025-06-06,589.364013671875,89.08079528808594,305.17999267578125,84.94082641601562
2025-06-09,589.8950805664062,89.24273681640625,306.6199951171875,85.05422973632812
2025-06-10,593.2396240234375,89.39515686035156,306.7099914550781,85.78201293945312
2025-06-11,591.5477905273438,89.7667007446289,308.3699951171875,85.31888580322266
2025-06-12,593.898681640625,90.15727996826172,312.20001220703125,85.73474884033203
2025-06-13,587.2588500976562,89.82386779785156,316.2900085449219,84.90301513671875
2025-06-16,592.84619140625,89.56663513183594,311.7799987792969,84.96917724609375
2025-06-17,587.7802734375,90.00484466552734,311.94000244140625,84.66673278808594
2025-06-18,587.6917114257812,90.06201171875,310.260009765625,84.95972442626953
2025-06-20,586.3114624023438,90.1191635131836,310.1300048828125,84.90301513671875
2025-06-23,592.1027221679688,90.43353271484375,311.0799865722656,86.17897033691406
2025-06-24,598.6438598632812,90.74790954589844,306.19000244140625,86.40579986572266
2025-06-25,598.9793090820312,90.78601837158203,307.1199951171875,84.32646942138672
2025-06-26,603.66552734375,91.10989379882812,306.7799987792969,84.24819946289062
2025-06-27,606.664794921875,90.8717269897461,301.2200012207031,84.45818328857422
2025-06-30,609.5654296875,91.23372650146484,304.8299865722656,85.0022201538086
2025-07-01,609.3681030273438,91.06459045410156,307.54998779296875,85.62259674072266
2025-07-02,612.130615234375,90.87345886230469,309.25,85.82303619384766
2025-07-03,616.9549560546875,90.55809020996094,307.1400146484375,85.91846466064453
2025-07-07,612.357421875,90.27140045166016,307.3699951171875,85.18354797363281
2025-07-08,612.0220336914062,90.1375961303711,304.1600036621094,85.05948638916016
2025-07-09,615.6921997070312,90.60587310791016,305.5199890136719,85.12628936767578
2025-07-10,617.4285278320312,90.55809020996094,306.20001220703125,85.66077423095703
2025-07-11,615.2579956054688,90.1375961303711,309.1400146484375,85.67032623291016
2025-07-14,616.43212890625,90.09939575195312,308.010009765625,86.22388458251953
2025-07-15,613.7979125976562,89.74579620361328,306.7300109863281,84.95449829101562
2025-07-16,615.8499755859375,89.99425506591797,308.260009765625,85.7562255859375
2025-07-17,619.6187133789062,89.96558380126953,307.5899963378906,85.66077423095703
2025-07-18,619.1649169921875,90.21407318115234,308.3900146484375,85.84211730957031
2025-07-21,620.3389892578125,90.5294418334961,313.1300048828125,86.19526672363281
2025-07-22,620.427734375,90.78744506835938,316.1000061035156,87.67463684082031
2025-07-23,625.7060546875,90.4625244140625,312.17999267578125,87.84644317626953
2025-07-24,625.9131469726562,90.32872772216797,310.2699890136719,87.54102325439453
2025-07-25,628.5572509765625,90.53899383544922,307.3999938964844,87.55056762695312
2025-07-28,628.3994140625,90.3382797241211,305.4100036621094,86.14753723144531
2025-07-29,626.7420043945312,90.9308090209961,306.25,87.5314712524414
2025-07-30,625.95263671875,90.61544036865234,300.9599914550781,86.29070281982422
2025-07-31,623.6046142578125,90.6918716430664,302.9599914550781,85.07856750488281
2025-08-01,613.383544921875,91.73600769042969,309.1099853515625,84.86859130859375
2025-08-04,622.7067260742188,91.86063385009766,310.9100036621094,85.73712921142578
2025-08-05,619.5496826171875,91.79352569580078,311.1600036621094,86.12845611572266
2025-08-06,624.2952270507812,91.72640991210938,310.5,85.4603500366211
2025-08-07,623.7722778320312,91.65929412841797,313.1199951171875,85.70849609375
2025-08-08,628.6361694335938,91.44837188720703,313.04998779296875,85.0022201538086
2025-08-11,627.39306640625,91.47714233398438,308.54998779296875,84.43909454345703
2025-08-12,634.0723266601562,91.45794677734375,308.2699890136719,84.91631317138672
2025-08-13,636.2428588867188,91.78395080566406,309.2099914550781,85.70849609375
2025-08-14,636.302001953125,91.48672485351562,307.25,85.09766387939453
2025-08-15,634.8123168945312,91.30455017089844,307.42999267578125,85.58441925048828
2025-08-18,634.674072265625,91.21825408935547,306.95001220703125,84.85906219482422
2025-08-19,631.23095703125,91.44837188720703,305.2699890136719,86.31934356689453
2025-08-20,629.5537109375,91.58258819580078,308.3599853515625,86.56748962402344
2025-08-21,627.0281372070312,91.31413269042969,307.2900085449219,86.30980682373047
2025-08-22,636.6571655273438,91.82229614257812,310.5799865722656,87.98005676269531
2025-08-25,633.8552856445312,91.6401138305664,309.8299865722656,87.4742202758789
2025-08-26,636.5091552734375,91.87982177734375,312.0799865722656,87.24515533447266
2025-08-27,637.9595336914062,92.0523910522461,312.7099914550781,87.7891845703125
2025-08-28,640.21875,92.26331329345703,315.0299987792969,87.56010437011719
2025-08-29,636.4006958007812,92.18663024902344,318.07000732421875,88.0373306274414
2025-09-02,631.6847534179688,91.91150665283203,325.5899963378906,86.57703399658203
2025-09-03,635.1082763671875,92.22895050048828,328.1400146484375,86.62476348876953
2025-09-04,640.4160766601562,92.64257049560547,326.69000244140625,87.2737808227539
2025-09-05,638.561279296875,93.09468078613281,331.04998779296875,88.25684356689453
2025-09-08,640.1299438476562,93.38325500488281,334.82000732421875,87.74144744873047
2025-09-09,641.60986328125,93.16201782226562,334.05999755859375,87.54102325439453
2025-09-10,643.4646606445312,93.41211700439453,335.260009765625,87.39785766601562
2025-09-11,648.8120727539062,93.55638885498047,334.760009765625,88.99176788330078
2025-09-12,648.5948486328125,93.28707122802734,335.4200134277344,88.58135986328125
2025-09-15,652.0479736328125,93.44097900390625,338.9100036621094,88.43819427490234
2025-09-16,651.1502075195312,93.4986801147461,339.5899963378906,87.97052001953125
2025-09-17,650.3411865234375,93.29667663574219,336.9700012207031,87.85599517822266
2025-09-18,653.3798828125,92.9888687133789,335.6199951171875,88.04686737060547
2025-09-19,656.6160278320312,92.95038604736328,339.17999267578125,87.4742202758789
2025-09-22,659.7224731445312,92.79647827148438,345.04998779296875,87.49329376220703
2025-09-23,656.1312866210938,93.05619812011719,346.4599914550781,87.97052001953125
2025-09-24,654.043701171875,92.80612182617188,343.32000732421875,87.1052474975586
2025-09-25,651.0263061523438,92.6041030883789,344.75,86.8450927734375
2025-09-26,654.7560424804688,92.55601501464844,346.739990234375,87.70265197753906
2025-09-29,656.5962524414062,92.8253173828125,352.4599914550781,87.73155975341797
2025-09-30,659.0695190429688,92.78685760498047,355.4700012207031,88.08807373046875
2025-10-01,661.3153686523438,93.09947204589844,356.0299987792969,88.22296905517578
2025-10-02,662.0770263671875,93.19596099853516,354.7900085449219,87.76045989990234
2025-10-03,662.0672607421875,93.01264953613281,357.6400146484375,88.08807373046875
2025-10-06,664.4415283203125,92.74248504638672,364.3800048828125,87.25941467285156
2025-10-07,661.9781494140625,92.97403717041016,366.260009765625,86.94144439697266
2025-10-08,665.925537109375,92.99335479736328,372.29998779296875,86.48857879638672
2025-10-09,663.996337890625,92.9258041381836,365.42999267578125,86.01642608642578
2025-10-10,646.0499877929688,93.50472259521484,369.1199951171875,84.91798400878906
2025-10-13,655.9630126953125,93.55297088623047,378.0899963378906,85.45758056640625
2025-10-14,655.1616821289062,93.79417419433594,380.7900085449219,86.33440399169922
2025-10-15,658.0703125,93.68804931640625,387.3900146484375,87.58702850341797
2025-10-16,653.588623046875,94.12223815917969,396.45001220703125,87.2786865234375
2025-10-17,657.2986450195312,93.96784973144531,388.989990234375,87.8471908569336
2025-10-20,664.1348876953125,94.0932846069336,403.1499938964844,88.73365020751953
2025-10-21,664.1249389648438,94.26695251464844,377.239990234375,88.4831314086914
2025-10-22,660.6722412109375,94.28626251220703,377.2799987792969,88.8589096069336
2025-10-23,664.5899658203125,93.97750854492188,378.7900085449219,88.80110931396484
2025-10-24,670.0213623046875,94.0643310546875,377.5199890136719,89.06127166748047
2025-10-27,677.9261474609375,94.0643310546875,367.010009765625,89.31178283691406
2025-10-28,679.7266235351562,94.15118408203125,364.3800048828125,87.55812072753906
2025-10-29,680.0531616210938,93.5433120727539,363.0,85.30340576171875
2025-10-30,672.5738525390625,93.4082260131836,370.1300048828125,85.70809173583984
2025-10-31,674.780029296875,93.44683074951172,368.1199951171875,85.9297103881836
2025-11-03,676.0463256835938,93.40230560302734,368.7799987792969,85.80445098876953
2025-11-04,668.0327758789062,93.5184555053711,362.32000732421875,85.94898223876953
2025-11-05,670.3478393554688,93.0732421875,366.510009765625,86.02606964111328
2025-11-06,663.1554565429688,93.54749298095703,366.07000732421875,85.61174011230469
2025-11-07,663.808349609375,93.58621978759766,368.30999755859375,86.94144439697266
2025-11-10,674.1666259765625,93.46038055419922,378.3800048828125,86.89325714111328
2025-11-11,675.7100219726562,93.75076293945312,379.8699951171875,87.866455078125
2025-11-12,676.0859985351562,93.77011108398438,385.989990234375,87.21124267578125
2025-11-13,664.8670043945312,93.49909973144531,382.8699951171875,86.14168548583984
2025-11-14,664.758056640625,93.34423065185547,375.9599914550781,86.32476043701172
2025-11-17,658.56494140625,93.45069885253906,371.6499938964844,85.61174011230469
2025-11-18,653.0346069335938,93.6055679321289,374.3500061035156,85.9586181640625
2025-11-19,655.5574340820312,93.5378189086914,374.9599914550781,85.28412628173828
2025-11-20,645.5652465820312,93.76044464111328,374.8500061035156,84.9276123046875
2025-11-21,651.995849609375,94.07015991210938,374.2699890136719,86.30550384521484
2025-11-24,661.59228515625,94.21534729003906,380.20001220703125,86.53675079345703
2025-11-25,667.8152465820312,94.45732116699219,380.0799865722656,87.33650207519531
2025-11-26,672.4254760742188,94.53474426269531,383.1199951171875,87.721923828125
2025-11-28,676.0958251953125,94.37020111083984,387.8800048828125,88.010986328125
2025-12-01,673.0091552734375,93.86347198486328,389.75,86.99925994873047
2025-12-02,674.2556762695312,93.94112396240234,387.239990234375,86.69092559814453
2025-12-03,676.5905151367188,94.13528442382812,386.8800048828125,86.91253662109375
2025-12-04,677.0851440429688,93.84404754638672,387.1300048828125,86.7005615234375
2025-12-05,678.3712768554688,93.64990234375,386.44000244140625,86.60419464111328
2025-12-08,676.333251953125,93.45574188232422,385.4200134277344,85.93934631347656
2025-12-09,675.7495727539062,93.31983184814453,387.3999938964844,85.61174011230469
2025-12-10,680.2312622070312,93.62076568603516,389.04998779296875,85.92008209228516
2025-12-11,681.8141479492188,93.6304702758789,393.239990234375,86.29585266113281
2025-12-12,674.4832763671875,93.3780746459961,395.44000244140625,86.18987274169922
2025-12-15,673.4642333984375,93.45574188232422,395.79998779296875,86.45967102050781
2025-12-16,671.6240844726562,93.71785736083984,395.8900146484375,85.82372283935547
2025-12-17,664.2338256835938,93.69843292236328,399.2900085449219,86.14168548583984
2025-12-18,669.2496948242188,93.94112396240234,398.57000732421875,85.68882751464844
2025-12-19,675.3153686523438,93.72978210449219,399.0199890136719,85.36121368408203
2025-12-22,679.5225219726562,93.63239288330078,408.2300109863281,85.79975128173828
2025-12-23,682.628173828125,93.59343719482422,413.6400146484375,85.74140167236328
2025-12-24,685.0294799804688,93.83692169189453,411.92999267578125,86.30536651611328
2025-12-26,684.9600219726562,93.92457580566406,416.739990234375,86.40259552001953
2025-12-29,682.51904296875,94.06092071533203,398.6000061035156,86.57762145996094
2025-12-30,681.6856079101562,93.96353912353516,398.8900146484375,86.75264739990234
2025-12-31,676.635009765625,93.6518783569336,396.30999755859375,86.04283142089844
