Date,SPY,IEF,GLD,VNQ
2010-01-05,0.002646944244797611,0.004390181745846267,-0.0009108023746454696,-0.001122460239023626
2010-01-06,0.0007043852173622689,-0.0040355657258103195,0.01649959196299955,-0.0017975750185829087
2010-01-07,0.004220903027923217,0.0,-0.006187807624317698,0.010805368567286866
2010-01-08,0.0033277611873858692,0.0012381050962295692,0.0049630306196752905,-0.007349463188948802
2010-01-11,0.0013964070538636797,0.0006744322247995704,0.01328899785435711,0.005833747583995352
2010-01-12,-0.009326025081161093,0.007189450415749032,-0.020912721685971136,-0.01672969750194475
2010-01-13,0.008446333569899878,-0.004796763401540449,0.00950315025847348,0.020190258474918954
2010-01-14,0.0027041511635164106,0.004707807477855042,0.004393023666376061,-0.000889679715302516
2010-01-15,-0.011223653599392924,0.004462086427067691,-0.01044361493969348,-0.007567050544129206
2010-01-19,0.012495105360772918,-0.0017764472653588603,0.005953418988644765,0.020407966675023426
2010-01-20,-0.010168415749728155,0.0034479025078668624,-0.02313481240425197,-0.011208582542267198
2010-01-21,-0.01922882937748971,0.0036581055349154123,-0.01441159959280014,-0.028673170621048794
2010-01-22,-0.022292130493509643,0.0008850251973584466,-0.001862760291706178,-0.025171259647544852
2010-01-25,0.00512753284601386,-0.0022078042217734684,0.002892648999579084,0.007041749193561042
2010-01-26,-0.004190538858390269,0.0019911550446103377,0.0007442705541653716,-0.009324030867645883
2010-01-27,0.004757012559735818,-0.0023191166337757085,-0.009576039444736728,0.008941525573944897
2010-01-28,-0.011472174708943017,-0.0003315785193679366,-0.0004693083914030227,-0.008628551565659781
2010-01-29,-0.01086857100676697,0.0038747022910410323,-0.004883586176437471,-0.005646034234604302
2010-02-01,0.015551017292056324,-0.003430093117294364,0.02255567582388429,0.018216241393772536
2010-02-02,0.012103547572411832,0.0016653832912922883,0.007198881313165595,0.01370794277989229
2010-02-03,-0.004983213963175026,-0.004764899765444031,-0.003940257637661704,-0.01627350528611249
2010-02-04,-0.03086567955787911,0.008239721436312575,-0.03983435439949368,-0.037044985573453926
2010-02-05,0.0020668002233368288,0.0032027845428974633,0.002970178695371306,0.01838831315764633
2010-02-08,-0.007218880797235205,-0.0008814746073347868,-0.006113864996012963,-0.021857988795337402
2010-02-09,0.012560249575172877,-0.005397697466153817,0.01316803858637372,-0.0031577621050891125
2010-02-10,-0.0019584761010478235,-0.002770367975061361,-0.002751170718643947,0.0019493939408306016
2010-02-11,0.010465894240090146,-0.0012214931132911167,0.019120951810489784,0.009484359435893541
2010-02-12,-0.0008320532028788241,0.0023354232188246282,-0.0008400666498453724,0.011804845933653496
2010-02-16,0.015734907674648246,0.002218701042748794,0.02410315591356116,0.02833311684826656
2010-02-17,0.00473827780999625,-0.005314560012454561,-0.0033753214496573536,0.00902987879041861
2010-02-18,0.005895333775512102,-0.003561495653582325,0.006681952923877299,0.014915003970690677
2010-02-19,0.002073870789644605,0.0005578338846743414,-0.004637226047132237,0.0006781330639835659
2010-02-22,0.00017962659982240226,-0.0007810164018412502,-0.0036539830220012615,0.0024850793628674595
2010-02-23,-0.012144560167653307,0.007597510079984771,-0.010818743086801086,-0.007662474485791826
2010-02-24,0.009197719184402153,0.0005547383810866613,-0.004912399502225995,0.01022028540089659
2010-02-25,-0.001353586796938533,0.0036576776215966333,0.008848704758209536,0.0038218437290564733
2010-02-26,0.0006325670638229752,0.0015461222966584032,0.010340714355349556,-0.0004480280475918086
2010-03-01,0.010384717823560763,0.001038846353152545,0.0,0.008515032324466043
2010-03-02,0.0027704961576859866,0.0005520265580460926,0.01452980291927708,0.000443955021801834
2010-03-03,0.0008912009592856318,-0.0009932342878778977,0.005494511158316229,-0.002665156981741079
2010-03-04,0.0030276772795529983,0.001767682447695318,-0.007166491463286184,0.006235017989040248
2010-03-05,0.014293406236074002,-0.004742149048636568,-0.0001804951017815304,0.02721882040675494
2010-03-08,0.0001751855145528669,-0.002659210541683721,-0.008392747276111279,0.010124466153619505
2010-03-09,0.0016626704519722146,0.0025552948157987476,-0.0014560978951050352,0.002345929147819392
2010-03-10,0.004455587118040949,-0.0016628745609886808,-0.011392635673468599,0.008936284188287624
2010-03-11,0.004175002275272455,-0.0008873829721368631,0.0011984627266063974,0.005904833631732442
2010-03-12,8.66379282031815e-05,0.0015555629929357995,-0.0059852811695370045,0.007966457571655816
2010-03-15,0.0002599800288471954,0.0,0.003798088686431056,-0.002287865789942889
2010-03-16,0.007966152636318835,0.0038821904972488053,0.01882614344810607,0.024181874870757403
2010-03-17,0.005926867718682782,0.001215496687759332,-0.0073370034129791595,0.014858365349660119
2010-03-18,-0.0005122404731411345,-0.0026488288597074083,0.006843690346403308,-0.005415372580770184
2010-03-19,-0.005061634768105283,-0.001327809113734535,-0.018669545286964517,-0.010889346879789152
2010-03-22,0.005346040502120397,0.003324090016910919,-0.004894706180937014,0.012640656947713325
2010-03-23,0.0070332196481595055,-0.0020988029115865947,0.005290020369598247,-0.0028186376138930047
2010-03-24,-0.004854610728388886,-0.009960442498321842,-0.018648418101527398,0.005451155698523502
2010-03-25,-0.0016260685296820565,-0.003689876943534176,0.004515481785126063,0.002448065775180863
2010-03-26,-0.000600127287531449,0.0023562622454211812,0.016950717168810137,-0.005247458064863375
2010-03-29,0.006347186922378567,-0.0014553309163927164,0.0014734659499526792,0.0030426898448692175
2010-03-30,0.0006823905906654382,0.0010097562716890884,-0.007172402568247138,-0.0014150938181405337
2010-03-31,-0.003407626730600466,0.002351091287437379,0.009076555677125953,-0.011343214401565271
2010-04-01,0.006837858844527034,-0.002071934280716392,0.012023912112733903,0.005121940695109961
2010-04-05,0.008149253555475466,-0.008983359180958383,0.0057137424379838375,0.022014112437068967
2010-04-06,0.0023581180226082132,0.002945952248699868,0.0012625069025071767,0.02293548478759533
2010-04-07,-0.005712736057618795,0.006213094345189907,0.013149591106227154,-0.022031564437867912
2010-04-08,0.0034640641288192775,-0.001122243498334341,0.0014223812352023302,0.0011961698157232359
2010-04-09,0.0065674396781632005,0.0011235043437796133,0.008788263207809122,0.01413807940316647
2010-04-12,0.0015892936112378298,0.0026949742047324143,-0.0055437984583037725,-0.0062832145732801825
2010-04-13,0.0007517902324549741,0.0019035099921578258,-0.002831605068359111,0.024501008056532436
2010-04-14,0.011349040816243106,-0.002682562619709228,0.0030170940680156466,0.0015430729013923283
2010-04-15,0.0008251598462969412,0.0016813050224502302,0.005485293756329668,-0.027344906688177573
2010-04-16,-0.01591225276027719,0.006039382872703891,-0.021205487283346813,-0.022965513350715616
2010-04-19,0.003770063896982201,-0.00244525395919859,-0.0008090285834133626,0.004457919236015684
2010-04-20,0.008930685896712864,0.0004464101288239597,0.002789001838399141,0.016945697597173792
2010-04-21,-0.0018198723235532954,0.003230591827313889,0.00762604056256011,0.017456793530647552
2010-04-22,0.0029837252732882735,-0.0023324835937350574,-0.004184856476894816,0.015402984175438617
2010-04-23,0.006527649213048825,-0.0027820265567156666,0.012070870419532032,0.013248536542395994
2010-04-26,-0.003776348662136164,0.0006694749789746268,-0.0038872906786446837,0.007958982112608703
2010-04-27,-0.02365047710466983,0.009369896447047887,0.016674033289738155,-0.03196051171126835
2010-04-28,0.0075961311589458624,-0.0050835499163776054,-0.0027915877387381105,0.003107014660234775
2010-04-29,0.012397577064546583,0.0016658153250463936,-0.0002624335573229164,0.045111894520516005
2010-04-30,-0.01696204575479332,0.006100203644798352,0.009450488647102961,-0.03112336892748857
2010-05-03,0.012962001472054618,-0.0026207764041713544,0.003207374693346088,0.03327009635481759
2010-05-04,-0.02351506276289017,0.0067628559736523375,-0.007431094663491455,-0.02276140560096418
2010-05-05,-0.005955893611147123,0.003853475979730625,0.0019151526599501256,-0.013444215595966313
2010-05-06,-0.03321408245993451,0.01096808250729242,0.02954211168707399,-0.04107461145803204
2010-05-07,-0.014875291135255098,-0.0027119730384670415,-0.0018567071032954408,-0.016813704896606496
2010-05-10,0.04404168486432636,-0.007615445842915292,-0.00591863505631729,0.06596100411626193
2010-05-11,-0.0028407296187907827,0.001206696099330662,0.026282248662974128,0.005920653802302445
2010-05-12,0.013985848848787175,-0.0025194141438258377,0.006132917630615964,0.016137884324084695
2010-05-13,-0.01243106309347608,0.002744189225322158,-0.0069193077160389915,-0.016255711667293782
2010-05-14,-0.018104773325383516,0.00645919572708098,-0.0015759357652556094,-0.031718382109691134
2010-05-17,0.0005264894071674853,-0.002175556687887381,-0.008390812604340048,0.0013728461229409739
2010-05-18,-0.01360216410767734,0.0073025925252436785,0.0010891190746751267,-0.025269364054575916
2010-05-19,-0.005694085897993473,0.0008669313233082843,-0.023935062862853518,-0.009244037162149832
2010-05-20,-0.03775957929966445,0.009730592076372169,-0.006773565413114135,-0.051318831051483826
2010-05-21,0.014599611831084935,0.0005351197269862773,-0.005352167962601184,0.033568357569672136
2010-05-24,-0.012831508703864736,0.0,0.014060016490404337,-0.022341555348729836
2010-05-25,0.0010213860945564868,0.003424303822271435,0.0044505673464516615,0.008040944521268578
2010-05-26,-0.006028728470094613,-0.002026396323642321,0.009458082861100836,-0.0020990460939599442
2010-05-27,0.033498542959851996,-0.009511433794628377,0.0018570204983223704,0.054900854943640054
2010-05-28,-0.01254940843492236,0.004531299239023623,0.0016007650863898437,-0.012761809681999248
2010-06-01,-0.016824162321666614,0.0012927433406895172,0.00866425330155196,-0.020803739042737246
2010-06-02,0.02603953996281194,-0.005700982835053381,-0.0010841871306987994,0.019595618222810307
2010-06-03,0.00344393633532758,-0.001406881642021185,-0.015194520899751374,-0.0028322332321214505
2010-06-04,-0.03513685459060889,0.013868185978594294,0.01042729201831194,-0.056603952125724444
2010-06-07,-0.01245076367951592,0.004060882562322732,0.01929688208114566,-0.005376151128414941
2010-06-08,0.010712384554103949,-0.0030859905417427447,-0.0040332362530698385,0.01794593497549113
2010-06-09,-0.005346472005257286,0.00010532573657262567,-0.0036363838132748016,0.005947517822275428
2010-06-10,0.029231435953605667,-0.009286239097821003,-0.013188423773133118,0.04328527269582527
2010-06-11,0.004855720243039485,0.0063568943286751445,0.008741707193883563,0.011940828829142491
2010-06-14,-0.0015499250627609706,-0.0008557585769277676,-0.00341641242239088,0.012399853837288699
2010-06-15,0.022737977962043576,-0.003107743027555565,0.011622068623597936,0.022323319133871422
2010-06-16,-0.0003575841418540504,0.0027945510215712233,-0.0054549635868080815,-0.009082201581712024
2010-06-17,0.0016079722020176934,0.0047165234417876345,0.013047450103329306,0.002145034366595633
2010-06-18,0.0010841552781215569,-0.002027367644352962,0.007629206673786193,-0.0031132750083225913
2010-06-21,-0.002864281514006195,-0.0007484175349113942,-0.019864873443235176,-0.007807601089332761
2010-06-22,-0.01651530945736157,0.005990530281189788,0.008804697765326885,-0.029707346059304474
2010-06-23,-0.0031033797683001074,0.0037228240685776015,-0.004116920646882183,0.0026355963841211416
2010-06-24,-0.016570583211322543,-0.0008471058440631118,0.0028938082872824733,-0.021168616325553113
2010-06-25,0.004189611578893082,0.0015899762448312593,0.012036265851120165,0.02523473524550357
2010-06-28,-0.0031519112752654843,0.007093927168408953,-0.013603826729219115,-0.011798058857535487
2010-06-29,-0.030875512478981237,0.004310460956148177,0.0014865002115740378,-0.03272973479654162
2010-06-30,-0.009499795203372519,0.0014657693746422673,0.0033809159186846127,-0.010640574671231806
2010-07-01,-0.004456625498204025,-0.00044066223728111975,-0.0381328022519003,-0.003441644920698872
2010-07-02,-0.005449568385959447,-0.001781598559723041,0.01238890069121501,-0.019210123562772186
2010-07-06,0.006555853568476877,0.0024146932998454496,-0.016710235152637143,-0.02222720045503168
2010-07-07,0.03149576520058561,-0.0031432523523817757,0.01047121447372934,0.04861607612921848
2010-07-08,0.00989574672724114,-0.0024169334083592453,-0.004416922259692702,0.012449484644393438
2010-07-09,0.007465466671292553,-0.0026341951354887927,0.009811462629993661,0.01271974434702039
2010-07-12,0.0006479973429003305,0.0016903839220452355,-0.00861781232849812,0.003139731660623424
2010-07-13,0.015088927455405132,-0.004956964248423179,0.008692724597704427,0.024624552689175516
2010-07-14,-9.151971638521328e-05,0.0049816581497694745,-0.000506907386653932,-0.005906311249913587
2010-07-15,0.000273935800639169,0.005167645352318173,-0.0005917133813900799,-0.003278132770367592
2010-07-16,-0.027534909377272765,0.005770562614604069,-0.013194664160489422,-0.03247682267405361
2010-07-19,0.005906582286919759,-0.002607403175666878,-0.008056868318884747,0.012321839172133808
2010-07-20,0.011091470786779523,0.0010453894778583717,0.00794952166473073,0.018678194225826728
2010-07-21,-0.012997737683672739,0.006373872818032478,-0.006858148660892516,-0.020807508036223887
2010-07-22,0.02232177883562203,-0.005503334118439174,0.008718188601928079,0.03745015617680636
2010-07-23,0.008679080413177775,-0.0032362125982556833,-0.006589117477659223,0.012775837963010739
2010-07-26,0.010415462972844569,-0.0003145841342513389,-0.004909981159489263,0.025030141469747136
2010-07-27,-8.95968496873456e-05,-0.0034563424855783564,-0.01739953744152556,-0.00019519011503099648
2010-07-28,-0.0064542830721906475,0.004310126594687436,0.0023786154346325805,-0.001953904416319152
2010-07-29,-0.0048723877284495565,0.0020941386281645435,0.004482353152593488,-0.008418173819791819
2010-07-30,-0.00018134919750445455,0.005849294854172182,0.010499579478777887,0.005922907627599283
2010-08-02,0.022580918843535747,-0.003092945354851384,0.0004329643491447488,0.033562505667906084
2010-08-03,-0.004788812201791504,0.004701010691585239,0.00389472861932183,-0.009684554998944384
2010-08-04,0.006683408906951405,-0.004159414772263892,0.006293675061456394,0.007095106741545454
2010-08-05,-0.0010624618020435017,0.004803185995727599,0.0022275713974577727,-0.012566959336477668
2010-08-06,-0.004076051856402474,0.006544717919395149,0.007351623835511356,-0.00462814632128461
2010-08-09,0.0053384587936524674,-0.0002062242685532123,-0.0037338325329719924,0.011429865719060128
2010-08-10,-0.005398933482737345,0.005058958869992303,0.0028109184562654654,-0.009768441739020028
2010-08-11,-0.027406945551462503,0.005650304240667259,-0.0033127240968519045,-0.02495145692076639
2010-08-12,-0.006129714711203826,-0.002554072736254298,0.012186810548876936,-0.012497344247215159
2010-08-13,-0.002945833249174634,0.004300704429009539,-0.00025257876690043535,0.0
2010-08-16,-0.00046170792542332695,0.00724038289896467,0.008337590626369185,-0.0008035275446574008
2010-08-17,0.01228533988036018,-0.005062528681293532,0.00016701447010558645,0.02291913246194799
2010-08-18,0.0018249827711578348,-0.0010171010127368874,0.003924853617562674,0.0009827478515338495
2010-08-19,-0.01739721125018545,0.00448153936542095,0.001414058952080799,-0.02552536589348775
2010-08-20,-0.003243803111979471,-0.003244810267299947,-0.00348864665731885,-0.003223824824789445
2010-08-23,-0.0038130325530427722,0.0013227632484189566,-0.0015837495996745554,-0.005256059989367068
2010-08-24,-0.014843008861843199,0.007924872392024662,0.004842226055815635,-0.004064542678431704
2010-08-25,0.003884815635134098,-0.004535589033239917,0.008308408066874051,0.015915304571219924
2010-08-26,-0.006702195523003551,0.004556254330413623,-0.0032959914623202913,-0.0060252135761930115
2010-08-27,0.015489938094691125,-0.011491717581666228,0.00041338502096799346,0.016569248197149777
2010-08-30,-0.01450440862386071,0.00764760353445193,-0.0008263653611749744,-0.007751880695657354
2010-08-31,0.0,0.004452405498072576,0.009676603535758277,0.0076124305754561306
2010-09-01,0.02991149438636187,-0.007200649032844009,-0.0031946214269242823,0.03260419087965638
2010-09-02,0.009312233969620998,-0.004170924638233431,0.004930548624238806,0.012706948867245549
2010-09-03,0.012971219052217986,-0.005720214024419468,-0.0035162343769447046,0.014638759707371607
2010-09-07,-0.011272038744770563,0.00791072651051028,0.00689312599444758,-0.01536459088957165
2010-09-08,0.0070229187554975425,-0.0027520187051827127,8.151700472081025e-05,0.0020934476106424516
2010-09-09,0.004619056205908079,-0.007871078224926942,-0.009371701853630121,-0.011583339502669321
2010-09-10,0.005048662368677848,-0.002885408357249042,0.0013985340716866634,0.005379179667472034
2010-09-13,0.011122900902124089,0.004753273859801732,-0.0009036441905699855,0.016433831236454477
2010-09-14,-0.0006207236819872897,0.005039221568950314,0.019733545817173015,-0.003760068983574061
2010-09-15,0.0038172788292560877,-0.0034791803098540575,-0.0006450105130254569,0.008680833126187837
2010-09-16,-0.00026553672823892427,-0.0034905427997454774,0.0055671679717606,-0.0052384226543849
2010-09-17,0.00037352143646440794,0.0022672916553974076,-0.0007221081591426426,0.0030093221367124556
2010-09-20,0.015290157850663455,0.003083502426094009,0.0026497657670527808,0.024376316892593453
2010-09-21,-0.002013871330572292,0.00932632448629156,0.009129489585757655,-0.014644223458906036
2010-09-22,-0.004912932886723453,0.0015231975089780025,0.0015077756431296496,-0.01356073162220206
2010-09-23,-0.00811159247906712,0.0014197396708681698,0.0007924414099362842,-0.024670478042644328
2010-09-24,0.020622469544724575,-0.004961381031720613,0.0030878810785825994,0.02828859519297966
2010-09-27,-0.0047902239867060326,0.007733209814011488,0.00023678884457156713,-0.012315352742096053
2010-09-28,0.0035004070014506006,0.0033329898776066624,0.008917276219480907,0.004029183114366175
2010-09-29,-0.0017440984463126252,-0.0024160102277070994,0.0007821546759059217,-0.007834232196236357
2010-09-30,-0.002970606573942214,-0.001210325186951966,-0.0003125696528855082,0.002888698211950258
2010-10-01,0.0042062094352699475,0.000536614456622786,0.00781799680532913,0.004992970617276438
2010-10-04,-0.007503619130874384,0.0035407695295948116,-0.0034907837674234,0.009170035223833306
2010-10-05,0.020131677893864275,0.00020178519515856586,0.01969483611294076,0.015903079791740993
2010-10-06,-8.628854925696317e-05,0.0064517623226036935,0.0062599590124643445,-0.005404254706346534
2010-10-07,-0.0012064894240382262,0.0010014926963448634,-0.01092483474757766,0.0028102200227388963
2010-10-08,0.005609214955767605,0.0003999565941958938,0.009894980388411412,0.002802812732537241
2010-10-11,0.0009438875456868612,0.0010016154138778877,0.004784973465747688,-0.00018624305104775196
2010-10-12,0.003085638062901186,-0.0028985904594791556,-0.0024944182403267012,0.007081687791034019
2010-10-13,0.007777147611841784,0.0,0.01598969765837266,0.010362635645027707
2010-10-14,-0.003900935917871551,-0.0057125573476205505,0.00507192241838883,-0.002564039057367684
2010-10-15,0.002043566846063438,-0.004333889939475699,-0.007940685151901716,-0.001285709274409852
2010-10-18,0.004927453547805216,0.0047592406200636095,0.004488376244684789,0.012870158389502562
2010-10-19,-0.013104519836510176,0.0034246169615457234,-0.03105449960421236,-0.0123431527647474
2010-10-20,0.009766024652272609,-0.0006025838296104258,0.00929987478434402,0.021870895249715083
2010-10-21,0.002205842203033992,-0.005524973683960099,-0.014087770334554661,-0.0010792477888064145
2010-10-22,0.0018623671821034193,0.00030270848194224875,0.002008144777821741,0.000540239118452357
2010-10-25,0.002957395777432037,-0.000302616877246753,0.008633395612906769,0.0017993311527706446
2010-10-26,0.00016879487524112946,-0.006667616297199919,0.00022926081694740752,-0.007184975871963539
2010-10-27,-0.0028641775255596746,-0.005796268214936728,-0.010391202319783521,-0.0070559923796396085
2010-10-28,0.0001689097494468328,0.005830060811107263,0.013279811333891667,-0.006195710609734784
2010-10-29,0.0007597521653106565,0.004473770291755663,0.010515007362563056,0.00018346895517673545
2010-11-01,0.00033827347333947877,-0.0016732372113050786,-0.0052782157594233325,0.00861608132748648
2010-11-02,0.007930499656257473,0.0033551751732938673,0.004320856065270329,0.006906509155837126
2010-11-03,0.004017692868667044,0.003241162878614867,-0.00694390618764662,0.0
2010-11-04,0.019258059394164473,0.008079471724317333,0.03389823825188132,0.023104486868567253
2010-11-05,0.0037623764176368812,-0.004208460994771679,0.00257300673863492,0.010762557026612107
2010-11-08,-0.0018740546673651215,0.0003026007270285902,0.010265389693213,-0.005411216280983067
2010-11-09,-0.007184633956922704,-0.0084479705500915,-0.015894922781312437,-0.04054059738731186
2010-11-10,0.004029496522722109,0.0037522670773271205,0.012169106865093537,0.012438302551083913
2010-11-11,-0.0037673898468566502,-0.0011109563390097055,0.003060318800163886,-0.007949325666591789
2010-11-12,-0.011838391117776181,-0.008295890307391751,-0.0288391770673464,-0.00928826134492633
2010-11-15,-0.0014145402260927753,-0.012853376149848939,-0.009499620384983976,-0.009559020046886912
2010-11-16,-0.015579121784818462,0.00744070954685272,-0.010949984657092626,-0.03433502441270919
2010-11-17,0.0005081002310223237,-0.0028719158938120826,-0.004504820435149881,0.007687355966503828
2010-11-18,0.014718107839119421,-0.002366279401099791,0.013115442483800255,0.008964542708221446
2010-11-19,0.0027508499755826143,0.0020629725218512807,0.0008327701824608624,0.005293280685016999
2010-11-22,-0.0008314746457770417,0.005350696465761473,0.009682290535891758,0.0026320992461390524
2010-11-23,-0.014477125927507606,0.002046990159526585,0.006967395597379689,-0.007876776184648104
2010-11-24,0.01477423951717105,-0.010726104099686329,-0.0017112638945114833,0.01928175719876357
2010-11-26,-0.011647008833311157,0.00433740896342516,-0.007974304097743579,-0.002039970848839112
2010-11-29,0.0030301362821398836,0.002159115198299366,0.0030049875640467683,-0.0005579402166260294
2010-11-30,-0.005623175109371603,0.0017428265526533426,0.014306072509137735,-0.0044624213195734175
2010-12-01,0.021268081258626337,-0.013150131352251848,-0.00029532777044438685,0.0057902261485101025
2010-12-02,0.012808880106587761,-0.0024958985967643565,-0.0013296493431664835,0.015413675247063274
2010-12-03,0.002692658379788382,0.00010430307240905101,0.021227887875435947,-0.00018332623669314874
2010-12-06,-0.001057908115989603,0.006255610790117938,0.007532362069704757,0.0020119195682393176
2010-12-07,0.0005701321378144275,-0.016580206968773714,-0.018762134993171364,0.0021906756396594673
2010-12-08,0.0036635638068160947,-0.00853497830458938,-0.012527521713312728,-0.014754346734577095
2010-12-09,0.003893608202877763,0.0021253942286707517,0.004303003634872571,-0.008873824110496087
2010-12-10,0.005817637764264916,-0.00848423556722655,0.0002955495779344286,0.006528537317620042
2010-12-13,0.0006426112891633196,0.0032093052582582438,0.004726381894541776,0.0016681071439275108
2010-12-14,0.0008832765707746937,-0.010556284258186222,0.0009554547674208713,-0.009806114908773589
2010-12-15,-0.004571819531656529,-0.0040942106322666705,-0.010867938075622141,-0.00952902853026727
2010-12-16,0.0058017787996522685,0.005951121241799084,-0.006607271045376617,0.0016977991712185947
2010-12-17,0.0010710961088580273,0.008604691658416597,0.002914575867006164,0.008286230657416294
2010-12-20,0.002413290539642343,-0.00010596789946892837,0.006780951436685445,0.011953842835458861
2010-12-21,0.006340680323603465,0.002132873327664875,0.0015543387826104649,0.010520348695166382
2010-12-22,0.0031097246649220978,-0.002767698961446907,-0.0019953019350200663,0.007671304843867022
2010-12-23,-0.0014309372027371259,-0.0035202541244160335,-0.0028878147414700406,-0.004531298989020605
2010-12-27,0.00039803880662292457,0.0038543923558342907,0.0026734041330853664,0.012424935544576021
2010-12-28,0.0014328175206257399,-0.01050442925475803,0.01629385926993998,0.004000374210705537
2010-12-29,0.0007152239907566305,0.011242885131731883,0.0035709480309356056,0.001992217489884096
2010-12-30,-0.0015885078905364391,-0.0020320635785878727,-0.004937970382814849,0.0027107238764163544
2010-12-31,0.0002386432972651953,0.005035279838168982,0.012333083678473855,-0.0019826262670074035
2011-01-03,0.010338262706042434,-0.003090260202973205,-0.005190320172774543,0.018602052189333973
2011-01-04,-0.0005512424037048547,0.0023513115243383176,-0.023550724637681153,-0.01914916525418464
2011-01-05,0.00519750198855129,-0.010773207689331765,-0.0028200733418367596,0.003615102997459152
2011-01-06,-0.0019583861449259388,0.005176889889938696,-0.004018704366714254,-0.00936580605018067
2011-01-07,-0.0019625445446485035,0.006649826946134363,-0.0018680415196855593,0.00036372302591303196
2011-01-10,-0.0012584699080310235,0.0034101128907448874,0.004042471019095828,-0.00018176323068774813
2011-01-11,0.0035438125204365623,-0.003929822612221523,0.0058903114649804245,-0.002181362305115009
2011-01-12,0.009024683042101689,-0.002878536609648319,0.004076814445393762,0.004189939451861191
2011-01-13,-0.0016331114838566974,0.006737015228834631,-0.010409003338437195,0.003265931576325931
2011-01-14,0.007244830160291427,-0.002761119117598909,-0.010145472431108082,0.006690610964838362
2011-01-18,0.001701206959114021,-0.002450380316567302,0.00557683488401306,0.008622512828978746
2011-01-19,-0.009805078750028784,0.0025624418511938085,0.0021734884271975563,-0.013179348536817348
2011-01-20,-0.0013261828238869677,-0.007773679152447754,-0.01884538026814475,0.00018061165785665523
2011-01-21,0.0022646144458200457,0.003326177170929423,-0.001295717781246375,0.0007220607568023674
2011-01-24,0.005686639681312,0.00010798083582952422,-0.005113318897864261,0.00504899170752493
2011-01-25,0.0005419442336969116,0.005026924669072841,-0.0019944346856293205,0.01166084953192037
2011-01-26,0.00387115670006577,-0.006066755822883629,0.00814755963770164,0.0015957486865258996
2011-01-27,0.002468063838372947,0.00374709623186531,-0.024626435397597568,0.01575763013503284
2011-01-28,-0.0174631701253386,0.004588102615043166,0.01836940880571558,-0.016558839617946575
2011-01-31,0.007516607717124035,-0.003929634061220155,-0.003147095992869553,0.013293094109155135
2011-02-01,0.01600856381188054,-0.004648535312726465,0.007161068526499337,0.002448677371297059
2011-02-02,-0.0019121805354274102,-0.0023625564550864286,-0.002675887579124292,0.0
2011-02-03,0.0022224806840440703,-0.005704564475386031,0.013415101885317249,0.0027918819182268795
2011-02-04,0.0028290045439300915,-0.006169763665295425,-0.004084669429638699,-0.007308178404897725
2011-02-07,0.006252694763686284,-0.00043550749304199776,0.00015182297672700074,0.00981593341496434
2011-02-08,0.0045459869816104614,-0.006864962752525794,0.011087536414601473,0.0043392995374698096
2011-02-09,-0.0022625177116956108,0.0057052273196100955,-0.0005257027621342614,0.0006915499893946908
2011-02-10,0.000378042702335879,-0.0032727690140388344,-0.0016532742811616874,0.004145332329759999
2011-02-11,0.0059700578752655,0.004597180875586027,-0.003989452427152318,0.0065357997229229525
2011-02-14,0.0024038281841625153,0.0003267667161672705,0.004761106326723441,0.00017089222795929615
2011-02-15,-0.003147952881495497,0.002287324336602614,0.007672089476301602,-0.0037584424837316943
2011-02-16,0.00631601426198225,-0.0014123742777778503,0.0009704029381796264,0.002229113681217143
2011-02-17,0.0029884163105640127,0.0036990001671766137,0.007009598358195257,0.0010271809034334556
2011-02-18,0.0020854414847055747,-0.00021588565424046635,0.002740005882498453,0.003931137285892783
2011-02-22,-0.02006979740135384,0.00965159965245066,0.006498704676349387,-0.008683857874871692
2011-02-23,-0.006144504735016709,-0.002470657111189656,0.008951509874549624,-0.00841638219198415
2011-02-24,-0.0006867391077208795,0.0025846137130787206,-0.0074903557591639025,-0.007621174517099205
2011-02-25,0.01069268754328645,0.0032218015945875145,0.006594440089741527,0.019549058975729894
2011-02-28,0.006196711113710451,-0.0004278169908089602,0.0020381334207675295,0.024824770619468417
2011-03-01,-0.01667295719021944,0.0011379468441661267,0.01721629416053716,-0.02973592111330503
2011-03-02,0.0021387831605044205,-0.005254830748088857,-0.0007855503200063785,-0.009125049010184627
2011-03-03,0.01722404208166317,-0.006790907522621237,-0.013078915487442111,0.014421950284704721
2011-03-04,-0.007492124759503116,0.0071624265825012134,0.009124554993410916,-0.009592002996875792
2011-03-07,-0.007851492592406806,-0.0024782433689923833,0.0026551496302960054,-0.007264302780003007
2011-03-08,0.00875033055971608,-0.002376115180065863,-0.0025765860807780427,0.014111621474591551
2011-03-09,-0.0014329762542294455,0.005848513734713512,0.0003588049048421915,-0.0010308136436538717
2011-03-10,-0.018505710597756186,0.008502926995151983,-0.011763857302689251,-0.015305023932908224
2011-03-11,0.006925781353940508,-0.0023479611623733465,0.0032662911685206186,0.01012886285264325
2011-03-14,-0.0060377447194795986,0.0022469236134583515,0.0046302950658096975,-0.010027297729161999
2011-03-15,-0.011456825297016526,0.00362996119957959,-0.01865185313629869,-0.005239825666283338
2011-03-16,-0.018512956059258956,0.008509863744706081,-0.00022014220559418707,-0.014747103098943115
2011-03-17,0.013234929457015987,-0.00305926786982591,0.005358159851040822,0.007662307353785813
2011-03-18,0.0036373061654726424,-0.0006342586371086423,0.010221171672682772,0.010079316387706427
2011-03-21,0.0154976404850391,-0.0051877345749951065,0.005564821129095288,0.010854822961479771
2011-03-22,-0.0034686943565702677,0.0005316423330137265,-0.0006468042136366092,-0.006408610662361647
2011-03-23,0.00286246712760585,-0.0012756067969217355,0.009277189916009121,-0.0109808531631721
2011-03-24,0.009562870631762754,-0.005112265852943665,-0.007980583913447803,0.004229641920836302
2011-03-25,0.003056156444629199,-0.002675819237945243,0.00028726681354784844,0.007813217127630168
2011-03-28,-0.0024372471919104077,0.0003218397598161449,-0.005170194234553005,-0.0012277407665703954
2011-03-29,0.006718442243149214,-0.0028967799144282713,-0.0023818867349306716,0.004039378448569719
2011-03-30,0.0069015189261454335,0.003443366277092741,0.0033282065894868484,0.01451848323151994
2011-03-31,-0.0013558432865858894,-0.0025741239985448416,0.008581542201770542,0.008103193558488986
2011-04-01,0.0042235538415182905,0.002134989921154684,-0.004719030882519015,0.0015395110012668134
2011-04-04,0.0008259307222326928,0.0022579471535593143,0.004597696865513701,-0.000683082033016702
2011-04-05,-0.00015004529520512566,-0.005043146626920736,0.015803824168639347,0.001025143327056055
2011-04-06,0.0031522502548260167,-0.004315067629263147,0.002323138500281763,0.0005123466056273784
2011-04-07,-0.002544034681172036,0.00010807981450255966,0.0009129766790669791,-0.011089923623141984
2011-04-08,-0.0034498646296509117,-0.002924695567416924,0.008069673704311775,-0.007246970215588289
2011-04-11,-0.00301099433994223,0.0013033020286783437,-0.007100127011412383,0.0006950078616543287
2011-04-12,-0.007473610496312344,0.005643356096398211,-0.007220967356311059,-0.001736587467124795
2011-04-13,-7.634855681437624e-05,0.003883714486569767,0.0020478305549249676,-0.0015656598284974343
2011-04-14,0.0007605749492904934,-0.0033318968131156312,0.013460209614263308,0.014462150831037857
2011-04-15,0.003648532881143751,0.0073328152592333495,0.008622526348759818,0.012882258180531458
2011-04-18,-0.011208671774516898,0.0024626132362848274,0.006066801830465485,-0.008987584706730334
2011-04-19,0.0057443626035571516,0.0012814911530487638,0.0,0.00787151594884028
2011-04-20,0.013632216264399366,-0.00394594994703612,0.0039060327062796496,0.011714462183748608
2011-04-21,0.005109100049218052,0.0007486472548261514,0.0016382627519730963,0.006712636001656058
2011-04-25,-0.0010468325535450962,0.0035313204990123914,0.0008858499329242875,0.006667876970648079
2011-04-26,0.008605093728440316,0.004265035129469963,-0.0033362174076743134,0.008776425644136054
2011-04-27,0.006528687685070311,-0.0028667747491500917,0.0192648720546722,0.007386714893381496
2011-04-28,0.003243539015890029,0.0038333556995240325,0.00415556560762953,0.013361606850492702
2011-04-29,0.0023507494318888433,0.002015054829492824,0.01702034219935955,-0.005788672279575469
2011-05-02,-0.001539162227170654,-0.00030702675697313886,-0.012863368890775995,0.0014552815150383758
2011-05-03,-0.0035970372085663005,0.002653121537931291,-0.003523693679893136,-0.008559227041474604
2011-05-04,-0.006630933621651458,0.0025408642450104324,-0.01434486979737204,-0.005701352287099226
2011-05-05,-0.009048559986734817,0.004963766089443933,-0.028836354362946848,-0.0006553291915484261
2011-05-06,0.004416014678204183,0.0005259687218386322,0.012755292503549676,-0.008852457581278173
2011-05-09,0.003874820934667067,0.0014700952707589199,0.01431522221175574,0.005127435720817974
2011-05-10,0.008536109133715497,-0.004825162073985978,0.00352821954433602,0.015797084709100462
2011-05-11,-0.01052495278152421,0.0035834514249013516,-0.009195406805110662,-0.01052958435647533
2011-05-12,0.004761019296870783,-0.0022047939437824793,0.00034122460794838716,0.0016370774871072857
2011-05-13,-0.007699376056048091,0.0038939391943300095,-0.006548819694799257,-0.01062458819815093
2011-05-16,-0.006341458461532001,0.0024116256034532046,-0.0017854134237942354,0.0014873498647827166
2011-05-17,-0.00014997387103521387,0.0029278071635159275,-0.004333697772470724,-0.00032999268382927216
2011-05-18,0.008935680340608876,-0.005735097727047056,0.0059416925363608986,0.009736200459684152
2011-05-19,0.002381814964155904,0.001048718977313845,0.0003433227395142069,0.004248794408462153
2011-05-20,-0.007944939891694647,0.002408876592546072,0.012633104523076089,-0.012205124206042584
2011-05-23,-0.011600895576585057,0.0013597742327480233,0.002305216117890696,-0.0102140933605962
2011-05-24,-0.000832747994876315,0.0010430135901098314,0.005141003161891922,0.00299616050784679
2011-05-25,0.0033343749146763635,0.00010475046130919985,-6.726231295683949e-05,0.00464644775693368
2011-05-26,0.004607815954047689,0.005525761006569985,-0.0024229412162809494,0.013379173215469997
2011-05-27,0.0038341607348262308,-0.00010427483563124618,0.009985128291392531,0.005705415219678489
2011-05-31,0.010411322066325557,0.0015548555592992397,-0.0004007853027178099,0.01588330484434297
2011-06-01,-0.022460851578956276,0.008242064380860947,0.001804358951899454,-0.02871743340503219
2011-06-02,-0.0010616156760011597,-0.005971794925600293,-0.002734998679831291,-0.007227219773267013
2011-06-03,-0.009945228690879437,0.003935889139472515,0.004816061676943928,0.0039711243377293926
2011-06-06,-0.010580650092010702,-0.0006193732374394356,0.0017307582527172904,-0.014667198548402927
2011-06-07,-0.0006198864505757573,0.0018586103384650166,-0.0003987078701302993,0.010536776123268865
2011-06-08,-0.004187158707415262,0.002163256482787368,-0.0040553159006586625,-0.002813931852540974
2011-06-09,0.007631028057455191,-0.004009744691197192,0.005006341447316709,-0.010788002943041386
2011-06-10,-0.013910381306006636,0.0032005728291701896,-0.008767216304689351,-0.025168120714457287
2011-06-13,0.0007838181780250864,-0.002161351007444523,-0.009849914008281502,0.004131124237942485
2011-06-14,0.012685809222281463,-0.007939478301213332,0.0060905046387151884,0.014912487983221423
2011-06-15,-0.01778541179587867,0.01080968175837227,0.0030268174734946474,-0.016044421174748358
2011-06-16,0.0022043029051606045,0.002776978197785551,-0.0010058603902615149,0.007895109128057465
2011-06-17,0.0029843340152286846,-0.0007184499254081489,0.006511386270756869,0.009537214797753935
2011-06-20,0.005116241957839884,-0.001538796317621327,0.000600215662433401,0.012145783538813237
2011-06-21,0.01370411870617616,-0.0013361687341342243,0.004865665090172611,0.00783349685322765
2011-06-22,-0.006025585796267552,-0.00041208444216489504,0.0015256765369389136,-0.002977184370467567
2011-06-23,-0.002875845198900273,0.005250858734990205,-0.017550891177319783,-0.020235193862918832
2011-06-24,-0.011613320550466377,0.004199490499856351,-0.014021854404774547,0.00015356491858797838
2011-06-27,0.008910903295960004,-0.003875747927484907,-0.003623675640655799,0.004267521582310696
2011-06-28,0.013052858003818724,-0.009214819412179942,0.0034996897040917574,0.008328832131440311
2011-06-29,0.008564506474261657,-0.005993527616590666,0.006427702046695627,0.010451742172350897
2011-06-30,0.009562249579718962,-0.003431005218846983,-0.008017344302908236,0.0026698871138717273
2011-07-01,0.014775752869939929,-0.002498948473299012,-0.007328817289169565,0.017137879028509273
2011-07-05,-0.000820923434761478,0.006289697057903165,0.018629768463946483,0.0076887070875217844
2011-07-06,0.0011959310066136375,0.001770613101960139,0.008670315904364623,0.007467628420056993
2011-07-07,0.010374926597935152,-0.0038465243217209455,0.001611646151856716,0.01256817871819238
2011-07-08,-0.007092170406603371,0.010647740413021411,0.007375166936172128,-0.0012730043256868884
2011-07-11,-0.018080203762849467,0.007643150434026413,0.00891844484452986,-0.01736787429483111
2011-07-12,-0.00431904881020162,0.001435726439925622,0.007784207157971679,0.0034051186250194654
2011-07-13,0.00334841026108168,0.0016374658284585841,0.008967697053566592,-0.009857669856892959
2011-07-14,-0.006902352070335516,-0.005722468440957584,0.0025950038800326425,-0.009302998853456868
2011-07-15,0.005804829732118488,0.0041112057687540116,0.004270762849635679,0.01103754076925334
2011-07-18,-0.008201090428791913,-0.0006138998343898638,0.008827386616724331,-0.0070064386988552
2011-07-19,0.016231234110393622,0.003789695043614927,-0.012199039233320219,0.0160814780559273
2011-07-20,-0.0006026061515644887,-0.004897617927354436,0.008793486215885604,0.007267463120915751
2011-07-21,0.013870926089691649,-0.005538220753922518,-0.007627242717723082,0.008016623496394315
2011-07-22,0.0006692823396314829,0.0038157564239256203,0.008331675197810862,0.004930898055987676
2011-07-25,-0.005573104542881513,-0.0031844424054252585,0.007814509728797825,-0.00933879257775072
2011-07-26,-0.003735853358287189,0.004224708361602714,0.0027329855381899026,0.0022372686955363097
2011-07-27,-0.0204755013901311,-0.0016413897668131616,-0.0036762490673009074,-0.028056866079412268
2011-07-28,-0.0029096725108689325,0.001953449231494764,0.0008270556701654996,0.0009844361951649727
2011-07-29,-0.006834283648236461,0.012104133159662966,0.006165687241006967,0.00016358789230408455
2011-08-01,-0.004253139286019003,0.0036373654454275872,-0.003600935558821683,-0.015071936082180049
2011-08-02,-0.025547182513357636,0.009212544724366056,0.024093349114550966,-0.03193661846560303
2011-08-03,0.005418699588278786,0.0008023429137544724,-0.00018572795011984056,-0.008247329134870807
2011-08-04,-0.046841373614573634,0.013230014034800952,-0.00526352142301223,-0.04885639747445858
2011-08-05,-0.001496621216547478,-0.011573352250329738,0.006909864383522146,-0.024954641249945952
2011-08-08,-0.06512323047499757,0.015912875922786673,0.03319935157457499,-0.08686731659008406
2011-08-09,0.04649869743894719,0.00581180069563314,0.008915782292353791,0.09103959991371013
2011-08-10,-0.0441774959219704,0.013223005522631892,0.035407159712308234,-0.023063944472677234
2011-08-11,0.044883615789948816,-0.014693717894291636,-0.021938376623234723,0.05182350326077012
2011-08-12,0.006733064557333579,0.006966328802967103,-0.004568074842148606,-0.00018269417072103167
2011-08-15,0.02116538254049849,-0.003703220429674192,0.010766616567110976,0.036503230412070264
2011-08-16,-0.008539474595607999,0.004597416784575037,0.012339901510646678,-0.00299359563266155
2011-08-17,0.0006688176192142237,0.007008220627184425,0.002874885034866992,0.0028257009833965174
2011-08-18,-0.043118391550171276,0.005220381128478335,0.01891986633643583,-0.04455767425863488
2011-08-19,-0.016330729336743066,0.0010567724899661624,0.012547803917521527,-0.01917021943038233
2011-08-22,0.0007993754934212394,-0.0018243163277382735,0.025784937306684297,0.0011276104962050226
2011-08-23,0.03291057926364971,-0.004042786299806478,-0.03748847882459627,0.024591220953279924
2011-08-24,0.014084149296344162,-0.01072501094514533,-0.033883065990334194,0.013191430127461379
2011-08-25,-0.015243956690454752,0.006153716240223428,0.004136363175726965,-0.01862519279849395
2011-08-26,0.014533958615586817,0.0032034692737084036,0.02964725337814067,0.01216151290209
2011-08-29,0.028736078988595093,-0.006580828433503605,-0.020172433686990066,0.0342248770177056
2011-08-30,0.002636991317383819,0.006916066472451243,0.029961508609777754,0.002816557504853767
2011-08-31,0.004437712924289627,-0.0035795642115089565,-0.007705219630282367,0.011234281425637871
2011-09-01,-0.010472847811727415,0.007969036627479609,0.0008439899586658584,-0.014407662995939097
2011-09-02,-0.025549905227084446,0.009172095118735735,0.030190647795535153,-0.023599422169656492
2011-09-06,-0.007297295767188183,0.0013383880467745524,-0.0018555532988803192,-0.004328953191320428
2011-09-07,0.028207308360857608,-0.0053501423104042045,-0.031820624711029866,0.037680586150304674
2011-09-08,-0.010391285433350328,0.0048987268053208854,0.026711066628809732,-0.0076812036835332
2011-09-09,-0.02621008843633643,0.004873833436456199,-0.006105278176431583,-0.03131577758734039
2011-09-12,0.006470397373630421,-0.003043201916492544,-0.022302151894618927,0.0032690429979433944
2011-09-13,0.009171112357456934,-0.002956750223555793,0.010584678420606952,0.0023532685030993594
2011-09-14,0.013843898359501061,0.0005731077987174427,-0.007449236150323779,0.0065016084469193824
2011-09-15,0.017257466927735,-0.0074591055984740695,-0.015856964679878405,0.01650831738464209
2011-09-16,0.005918143366420381,0.0019273913482520388,0.009346358600104132,0.009708908608823119
2011-09-19,-0.009956960566330553,0.0081743052849379,-0.015451918647760743,-0.021853245124745957
2011-09-20,-0.0011637789309159041,0.0013346597719352538,0.014251925771726182,-0.000536319021032905
2011-09-21,-0.02945821763463352,0.004287043013368574,-0.01245876923776712,-0.05275404383132032
2011-09-22,-0.03232446528379462,0.009295162416569358,-0.026153542150526787,-0.024353545958154643
2011-09-23,0.006025250751466649,-0.008270536893255076,-0.05471753820180614,0.0073657487392284615
2011-09-26,0.023780054563871555,-0.004169503507640893,-0.013892372830456634,0.013964357181886378
2011-09-27,0.011184129727927594,-0.006660354779933209,0.01935526726943304,0.009946329993495207
2011-09-28,-0.020418630128857918,0.00019105260646723465,-0.027454420270526025,-0.025378373629653672
2011-09-29,0.007902976742016898,0.0,0.009473791550213662,0.015545874879172139
2011-09-30,-0.024989045209202976,0.006321395063136892,0.0022828193869255387,-0.02659750956809781
2011-10-03,-0.028457806577692812,0.00926014644290274,0.018347521194908234,-0.04717941365529721
2011-10-04,0.02192306555408008,-0.0051029978313458235,-0.02062628718772741,0.03940583331891978
2011-10-05,0.01851543034836678,-0.004177848393512651,0.011545339579202452,-0.008535001724668145
2011-10-06,0.01809104546801321,-0.006962672016671334,0.006459292210774237,0.027427353753311623
2011-10-07,-0.006695684616764286,-0.005186398512460499,-0.00816258192126873,-0.0278644988810961
2011-10-10,0.0334455276308423,-0.01052305705518175,0.025694256721133568,0.04991003251553505
2011-10-11,0.0010036972345428552,0.0033170430694489106,-0.007166032573826864,-0.019854875192639287
2011-10-12,0.008771703311437173,-0.0034034745431067437,0.007156004686264872,0.01636132238062693
2011-10-13,-0.0019875337942278914,0.004000655114240859,-0.005880138964710846,-0.006515567906340336
2011-10-14,0.017094194157681875,-0.004956685280704587,0.00677751585978581,0.023147743910554963
2011-10-17,-0.019090968975973066,0.006544732340632242,-0.00477355451916972,-0.02168114647903341
2011-10-18,0.019545751034032,-0.001068678144787838,-0.004796450637787775,0.03526685556114639
2011-10-19,-0.011829280957747823,0.0015547496250025716,-0.012172523883343,-0.011542023156360548
2011-10-20,0.0043758688372921295,-0.0020366141244021474,-0.013135615868301143,0.005649914265983158
2011-10-21,0.018987027386556,-0.0018466021954265388,0.011092095788866496,0.03295907279971022
2011-10-24,0.012260919188150421,-0.0004869878775134451,0.009403209377038424,0.024836768259213438
2011-10-25,-0.019443470341580893,0.008572648731684618,0.028381517477150453,-0.016274539361541773
2011-10-26,0.010158255168394303,-0.007340749608420127,0.010930597249971585,0.007372658355225603
2011-10-27,0.034835152109193634,-0.012065452952050304,0.0128435438092247,0.04748336005426412
2011-10-28,-0.00023321227808725808,0.006007966386137875,0.0004128107588905472,0.0020447305533355387
2011-10-31,-0.024106046668280867,0.013413042604892844,-0.01344180429743358,-0.011224654082618413
2011-11-01,-0.0278882886506987,0.011994109920362206,0.00023908536989014628,-0.03216376385808983
2011-11-02,0.016311551601925656,-0.00239139139482758,0.010036997411712711,0.019192958645605218
2011-11-03,0.018227371811538218,-0.004698812104999783,0.015734080802807693,0.013775303520731086
2011-11-04,-0.006098883969050339,0.002987113124008678,-0.005066358671109827,-0.008084229415140087
2011-11-07,0.006216129091599409,0.0011521746447369363,0.024173189795036576,0.0001738471439713951
2011-11-08,0.012830320854532395,-0.00450922051040159,-0.008286644094448237,0.013003133011219692
2011-11-09,-0.036909176605331884,0.008866224498110142,-0.00841348161901967,-0.04569607849157564
2011-11-10,0.00941831000032023,-0.004870964804935096,-0.005404823007986281,-0.00017930703954616156
2011-11-11,0.018822315518230104,-0.004608474693562847,0.01647778038025005,0.026905706383862693
2011-11-14,-0.009474286559917777,0.006268628184865399,-0.004368876387059961,-0.01851489273206186
2011-11-15,0.0049420806249451665,-0.0013414267394974422,0.000923808688964245,0.007474367531672632
2011-11-16,-0.015862984298175675,0.003646195556497256,-0.010671470333423416,-0.009539023964084237
2011-11-17,-0.01587691042981565,0.0020087845975149676,-0.025712719634799708,-0.018369961989469052
2011-11-18,-0.001064357052158571,-0.0037222576929193396,0.0031118431758150322,0.006359409597565424
2011-11-21,-0.019019410309672247,0.002777354571792401,-0.024579377384584156,-0.025275646559509868
2011-11-22,-0.00392815205722119,0.003057395785560413,0.0110703214592891,-0.004630274557516745
2011-11-23,-0.022065567745077397,0.003428307229960126,-0.0029036097914703074,-0.030145755974300137
2011-11-25,-0.0018875468146967167,-0.00635829673734245,-0.00867565321048791,0.004413142705691264
2011-11-28,0.02896717182727082,9.486023840876712e-05,0.01976750983463549,0.02234961563398219
2011-11-29,0.0028399886489831605,-0.0019095238104838153,0.0015003300286513532,-0.0014945580617273801
2011-11-30,0.04114941174218201,-0.005836886708287192,0.019475071338128425,0.04659387277867788
2011-12-01,-0.00015987055636934588,-0.0002896163350520897,-0.0029389289699039978,-0.008224043564163397
2011-12-02,-0.000880102485722678,0.004437260592120351,0.0011200992509403651,-0.0009015953685265199
2011-12-05,0.010892193798182737,-0.0005760315633733804,-0.014721469156617206,0.008480565151052
2011-12-06,0.000316939149566986,-0.002595154395895749,0.00513976400859284,-0.001610380410396406
2011-12-07,0.0037221881425733017,0.00452781299071825,0.007254140051337954,0.010931870045965075
2011-12-08,-0.021936443233835368,0.005083572115134993,-0.02018889192543405,-0.022690942441880302
2011-12-09,0.016942521343799477,-0.006870399044034525,0.002530414385808033,0.02194828284294803
2011-12-12,-0.014597450142276647,0.0034591664114405063,-0.026502335126668997,-0.017749544023438535
2011-12-13,-0.009338855334600216,0.00459638968064624,-0.021853252823497593,-0.011745534531730661
2011-12-14,-0.010646313872629931,0.004193527367266636,-0.03508991900081848,0.0058514106197453675
2011-12-15,0.0036142206599181215,-0.0008545598521841891,-0.0036627481249873473,0.01672378862317281
2011-12-16,0.001482548673392925,0.0048448463353638616,0.019037575406193996,0.011085347491192943
2011-12-19,-0.01069135542583255,0.0034025765851104506,-0.0023191433373703774,-0.008664832349065343
2011-12-20,0.03025996292674149,-0.009044158331823926,0.013624334453907316,0.030324681754573035
2011-12-21,0.001936642402237343,-0.0032329953010395984,0.001146693460756243,-0.00034595784809443586
2011-12-22,0.008858750744657584,0.0012402196926148967,-0.00712656114710053,0.014375006124473622
2011-12-23,0.008940963456337325,-0.004096095261912902,0.0017303530125498678,0.004349840611086453
2011-12-27,0.0007907350034521698,0.0005655094078917955,-0.008956521773084813,0.004468944128521279
2011-12-28,-0.013123130181401543,0.006321222775819146,-0.02504683229674176,-0.011977865279581779
2011-12-29,0.010334045387056623,0.0012368679728755883,-0.004568644951223,0.008832489757479411
2011-12-30,-0.004916221752097605,0.0035175055147502743,0.010975184218875667,-0.004291938012577545
2012-01-03,0.015936348422900704,-0.00634668841494046,0.025856915150634707,0.008448501124380225
2012-01-04,0.0015685515717596132,-0.003145247020225006,0.005066755734988382,-0.01709683926891914
2012-01-05,0.002662245984621725,0.00019055514193189182,0.006827847741614601,0.009392729851884551
2012-01-06,-0.002577061187634788,0.003920364935565912,-0.0036760161968690808,-0.0032741402427127753
2012-01-09,0.002427392145239571,0.00018997514099661217,-0.0044529068818790485,-0.00345774742609839
2012-01-10,0.008670774038661122,-0.0019990159614891034,0.01367411750574088,0.01110316008919554
2012-01-11,0.0005415865512714557,0.005819844174773214,0.006492680176876542,0.007035183999687167
2012-01-12,0.0023997035687191026,-0.0020871864407591145,0.004446713358861265,-0.007326384274070286
2012-01-13,-0.005173304326707595,0.004467974667083485,-0.006983478874407978,0.0022308757894746734
2012-01-17,0.003880708981821357,0.0009460423496996384,0.007786045057981195,0.008220731737106357
2012-01-18,0.011056186220091968,-0.003119575612850145,0.006853620582651931,0.006964444446505347
2012-01-19,0.0052763534239121945,-0.0059748522068767684,-0.0023515152751236723,0.003880404297904372
2012-01-20,0.0037276574011912977,-0.0034353825136200777,0.005272336540625755,0.006216849138199532
2012-01-23,-0.0025771678728341296,-0.0022011018193821563,0.006725466086455523,0.004842846535683121
2012-01-24,-0.0011395825993554265,0.00115130714374434,-0.007048352105060052,0.007645450010763444
2012-01-25,0.008367421900829619,0.004791512517593466,0.02722056546902296,0.012864960350785548
2012-01-26,-0.005129059738228969,0.0053413643863640115,0.005107595919167762,0.007001769056305784
2012-01-27,-0.0004553473680847242,0.0030364479504974007,0.010163190678665446,0.00032400498411488954
2012-01-30,-0.0034137484647429606,0.003405215242903603,-0.0055631321217690655,-0.007436572793389606
2012-01-31,-0.0003807545474540097,0.003771227964163293,0.0076176801082890044,0.004886010139249164
2012-02-01,0.00875716688679029,-0.003472650494935392,0.001476581439991298,0.009886544477670567
2012-02-02,0.0015849836767787284,0.0014162966873998428,0.00878748239335847,0.002246984024136367
2012-02-03,0.014018946077860361,-0.007918935998364462,-0.019935712372232683,0.013931080801536266
2012-02-06,-0.0006690052215041487,0.0027554084266581125,-0.0027440152442257393,-0.003158821614793861
2012-02-07,0.002528955511865716,-0.006444147308096504,0.015073599610379684,-0.0025347191325992835
2012-02-08,0.002967654877068071,0.0004768619818455999,-0.0070712844420862675,0.0017467495987029125
2012-02-09,0.001257810890575639,-0.0022882067788000393,-0.002848639332576064,-0.0072930424325420296
2012-02-10,-0.007388292333406654,0.005638351906177119,-0.005237500657275795,-0.009263908861387504
2012-02-13,0.0074432855026209666,-0.0006654480748533587,0.0022136838491002564,0.010156742502005045
2012-02-14,-0.001256230789807189,0.002091189766513901,-0.0023282156434702994,-0.010213849235042205
2012-02-15,-0.004660155488524387,0.0007597149495328637,0.0059239200699465755,-0.005966460269226315
2012-02-16,0.011073122156757487,-0.004551246606867121,-0.0006543371004235077,0.010543799941220344
2012-02-17,0.002646319844786582,-0.001048137546358352,-0.0038690112885975125,0.0008026075159424106
2012-02-21,0.00043972082743137797,-0.003622790987207747,0.021930074903464325,-0.015557026120576745
2012-02-22,-0.003223851320371618,0.003923734667387047,0.01122674611729324,-0.008472137784978462
2012-02-23,0.004410287191539242,0.0014298313587399747,0.00046259876214471696,0.01248779433208469
2012-02-24,0.002195713164379054,0.0007620007880768664,-0.004565995407547319,0.0012982102595600065
2012-02-27,0.0016798070015706656,0.003328507109503942,-0.003077273369589517,-0.0016207141716317874
2012-02-28,0.002916304598799657,0.0004739235577122525,0.010425210114951122,-0.005844507841035185
2012-02-29,-0.003925262498217119,-0.003979947303341502,-0.053029061708074865,-0.004081719983400345
2012-03-01,0.0051813114129384275,-0.003239077337751861,0.014121415904973178,0.006066438104786354
2012-03-02,-0.00304961902992007,0.004014345175783474,-0.001620576624883352,-0.0014668695897436246
2012-03-05,-0.004078166701964592,-0.001999696084508895,-0.004148145103987089,0.010118659172403177
2012-03-06,-0.014625314195065964,0.004198258412087874,-0.0178086148924681,-0.013248996875369734
2012-03-07,0.006976312128727402,-0.0019001492761094863,0.005716090670033314,0.005403766041749414
2012-03-08,0.009948501753778594,-0.0029510079809379475,0.010083687876597303,-0.005211892344168967
2012-03-09,0.003867962845603534,-0.000763220323569791,0.006655409678363311,0.004912055832345663
2012-03-12,7.270463384712045e-05,-0.0002865388608568331,-0.007873527588344698,0.0073310675738598174
2012-03-13,0.018025860646511793,-0.0071680284001141015,-0.016780784815864758,0.02021682923800716
2012-03-14,-0.0010711812598946935,-0.011454005689277458,-0.01682067576220847,-0.0026951436782479687
2012-03-15,0.005789455760198958,-0.00029183122563503083,0.00946289676961598,-0.0014306201306519828
2012-03-16,0.0013846055259416623,-0.00029263089669884224,0.001365788541111801,0.005730570312927785
2012-03-19,0.003920535504951861,-0.006137552481209285,0.0017978504689784014,0.006964506046321484
2012-03-20,-0.002910877936234124,0.0004898121537517675,-0.009035159899535072,-0.0014148686714393621
2012-03-21,-0.0016378654846788132,0.005095125715773641,0.0004996054993768873,-0.0014168733611694684
2012-03-22,-0.007203317288290045,0.001267273173425787,-0.0039947529044891406,-0.013713258548801455
2012-03-23,0.0032321745254542122,0.003700080164152242,0.012282956477502438,0.006232821050108139
2012-03-26,0.014035362800298268,-0.0011643315655227582,0.0177675672560913,0.011719752209776502
2012-03-27,-0.003107192321029517,0.005535953266605276,-0.007055890793102537,0.00015813444213153005
2012-03-28,-0.004958522872998028,-0.0017385018702786859,-0.010597959618425579,-0.0015822727182162044
2012-03-29,-0.0017087580952144243,0.004159413673232137,-0.0014240340248994343,0.00047583105476234344
2012-03-30,0.004136235116696918,-0.004913574996612491,0.0052083106662228484,0.008237131057794222
2012-04-02,0.0073150431615320866,0.0023960154751714313,0.005058027072021742,0.007069405254174654
2012-04-03,-0.004089076553090987,-0.007354281641636318,-0.01871856515317416,-0.0038998775485976633
2012-04-04,-0.00991086356541293,0.005068990542894669,-0.01676147780356274,-0.010963045367663793
2012-04-05,-0.0005005176173511483,0.00446155809775739,0.006996951833534437,-0.0038009525162348012
2012-04-09,-0.011231035908772391,0.010234367645329812,0.006695708261895694,-0.010650128544940185
2012-04-10,-0.01678524636524359,0.004682900374683996,0.010855311785985977,-0.021528896925481322
2012-04-11,0.008094796153017336,-0.0038996529771613275,-0.00018621215493686005,0.012807403815519036
2012-04-12,0.013065554207351227,-0.0020057657272424256,0.010119758799926215,0.01378069602761034
2012-04-13,-0.011888435807100528,0.006028890179855528,-0.011370564716820963,-0.0041579235760135225
2012-04-16,-0.0006565310545764147,-0.0002858907871320371,-0.0024246153239028123,0.013650234829831964
2012-04-17,0.014812334472087185,-0.001046741132337825,-0.0013087791666472892,0.008555057327775506
2012-04-18,-0.0033793645368278558,0.0020006171841238096,-0.005865849868369688,-0.006754576660377376
2012-04-19,-0.006421364676292729,0.0011408136113224554,0.0007532177454423472,0.0
2012-04-20,0.001670428113125011,9.446281994063277e-05,0.0006899618353195525,0.012177963431312167
2012-04-23,-0.008408908113761493,0.0019943577949395053,-0.0029458817957397354,-0.010312289297124244
2012-04-24,0.003801587989690436,-0.0025582634615864963,0.0014458773932806146,0.014998197411690617
2012-04-25,0.013691848813607521,-0.0012346617574352514,0.0020087386020055664,0.011510150148783982
2012-04-26,0.0069686551004779496,0.003328673084881162,0.008833502726736775,0.0024602269213704897
2012-04-27,0.0016408579790705424,0.0010423748017220902,0.0021735459614287134,0.0069032375314797
2012-04-30,-0.003703895052117878,0.0008522702506068569,0.003098277264045768,-0.002589698571215382
2012-05-01,0.006220074101024764,-0.0018192941989755296,-0.003459337420944286,0.010844399331831456
2012-05-02,-0.0029843979494408313,0.001898767001317525,-0.004525235266453653,-0.0015109223214068157
2012-05-03,-0.00762516085846221,-9.452088649308799e-05,-0.010087771057537998,-0.003480789728950162
2012-05-04,-0.016157816354395615,0.0039801509151278225,0.0031452475068289854,-0.008808191767417317
2012-05-07,0.0007298189081834661,-0.00028305676061990415,-0.0024455972073937904,0.007047664646212315
2012-05-08,-0.004011612823062838,0.002265785572759471,-0.019361338921316418,-0.0018256232636623126
2012-05-09,-0.005931940846689576,0.000847687274929898,-0.00980768448267233,-0.0032004001944839766
2012-05-10,0.002062765043862269,-0.0014116810585906858,0.0019421444253708842,0.00076426419463127
2012-05-11,-0.0030143857799852514,0.0032991369079791166,-0.007818095757993637,0.0021391950788480774
2012-05-14,-0.011060651989480474,0.004415393154080016,-0.014521983348483536,-0.012654701488470255
2012-05-15,-0.0057422603657451,0.0002803909607425048,-0.010506815031071648,-0.005249989728962734
2012-05-16,-0.003824751239008606,0.0007485414478456409,-0.0018698996195085638,-0.011021266010566078
2012-05-17,-0.01483073703566784,0.0037373702475502757,0.022347090779173184,-0.02919472001904233
2012-05-18,-0.008558757079242918,-0.0006511718175715719,0.011452879352412237,-0.012126119170100313
2012-05-21,0.01718792306502137,-0.002608525002191664,0.000646980541909592,0.021767587253172183
2012-05-22,0.001742986314571704,-0.002148174588131546,-0.016618119410660492,0.0019219067987439331
2012-05-23,0.0005295188599760969,0.002620586473292441,-0.0030247679400885463,0.0014390709939524626
2012-05-24,0.001965563476103327,-0.0021470748201947165,-0.001384985238363945,0.004469883567736144
2012-05-25,-0.0032443426829933397,0.0028998043149979225,0.00838774838488221,-0.003973230751882828
2012-05-29,0.012112173497859313,-0.000838994998767495,-0.010872337457110914,0.014201436941754908
2012-05-30,-0.014510485011938856,0.009522900314865357,0.005893254962718419,-0.023756977164790416
2012-05-31,-0.002200802614153341,0.0038839837469446525,-0.0019090812845146132,0.00757443012568304
2012-06-01,-0.02517699305715737,0.008590144412571776,0.038781196888100666,-0.02447193326594377
2012-06-04,-0.00046782031753500597,-0.005763595283685863,-0.0011428106398809756,-0.006886546259408766
2012-06-05,0.007571952717703612,-0.003312547947361133,-0.0011442151423203262,0.02063703009892892
2012-06-06,0.022468296586587666,-0.006554884667590799,0.0004455092560180507,0.022161173244252375
2012-06-07,0.0006062722552346855,0.0024166155230309627,-0.01723813115026185,-0.007121299616556165
2012-06-08,0.007951657650586919,0.0007418855183831674,0.0014886454856897213,0.014185915494173473
2012-06-11,-0.0126973382527934,0.0026861579112307243,0.004071640277957922,-0.022474400262926464
2012-06-12,0.011490839006005338,-0.005358598006781512,0.007080368815616023,0.009485726078013457
2012-06-13,-0.006394800332183648,0.005295156083893637,0.004218256263578635,-0.005095989161966186
2012-06-14,0.010600430310603315,-0.0026794004995548404,0.004009705335992431,0.014566922435277796
2012-06-15,0.010227513731074778,0.004631987241746405,0.0005704997647584253,0.00615324009653162
2012-06-18,0.001938202714792281,-0.0002770571396452093,0.0005701744803514597,0.008311160365891856
2012-06-19,0.00967241186422152,-0.00341237373620773,-0.004875508449193711,0.00404346695389135
2012-06-20,-0.001621308286492762,-0.0020365393714536495,-0.0075719166052243825,-0.0004649653729779102
2012-06-21,-0.022438501405213307,0.002132869489994471,-0.025325363321968553,-0.016271286729837908
2012-06-22,0.007701394234931991,-0.0043490241212990055,0.004078378501268132,0.0001577319699774815
2012-06-25,-0.01603462543302614,0.005483557083607149,0.00733749424571517,-0.005097383331138516
2012-06-26,0.005025634209538499,-0.002218519547931841,-0.007414148220444616,0.003351645990216312
2012-06-27,0.009016672802593773,0.0013900924966601114,0.001376010487393442,0.003976985589983162
2012-06-28,-0.002853538655926302,0.003237534950113252,-0.011646919832302038,0.010933685036159657
2012-06-29,0.024926739083486416,-0.0046107702422441,0.027408138404537707,0.025548517682480787
2012-07-02,0.003012417211544438,0.004639567769835429,-0.0006444107348563266,0.011004211667056563
2012-07-03,0.006592970317454538,-0.0024937272118833453,0.015281516744723334,0.005895394133880405
2012-07-05,-0.004512235285117905,0.0026850794850632465,-0.011304546946454441,-0.006161760414173267
2012-07-06,-0.00950341812109945,0.003508785763003175,-0.012654072807009586,0.0024195299903833067
2012-07-09,-0.0012549114775354253,0.002760610070870362,0.002146812555150701,0.0010560716726855102
2012-07-10,-0.008719684077187262,0.00045896242384912966,-0.012269536951600046,-0.010699532180050708
2012-07-11,0.00014865636094030243,-0.0009175037479540737,0.005520944005105832,0.0010664694715827316
2012-07-12,-0.0048447502377421126,0.002296248240696519,-0.00261460971900751,0.003043050521238877
2012-07-13,0.016777891413105817,-0.000825247695921183,0.010157959820154439,0.012288064851842195
2012-07-16,-0.0023575477911448317,0.0022006643518626134,0.00045418012518472217,0.0019479839287048772
2012-07-17,0.006867236217143358,-0.0025615976947620522,-0.0047986866023365105,0.009571947328027575
2012-07-18,0.007407059925947923,0.0010089161833688465,-0.002736679257213992,-0.005926106751890092
2012-07-19,0.002620279890242605,-0.0014648645255508352,0.0021561700390366756,-0.010431635382301185
2012-07-20,-0.009148003054502585,0.003944073681051652,0.0018906850756352789,-0.005271104135781579
2012-07-23,-0.010112458217846898,0.0016452982810919448,-0.0041647647379081665,-0.007267379948244779
2012-07-24,-0.008586485616407735,0.0019157441217989568,0.003202022460124132,-0.003354767251245394
2012-07-25,0.00022358899581020886,0.0005462005022389693,0.014004649795792412,-0.00045959659892347293
2012-07-26,0.016497412232002517,-0.0030940151855622933,0.007066269136341896,0.008879751438505945
2012-07-27,0.01843292859722312,-0.007213159202684172,0.004911583802304831,0.009559770446500027
2012-07-30,0.0,0.003219628722857415,-0.0006982392728160924,0.004659483376361795
2012-07-31,-0.006994302126514196,0.0017416219878487738,-0.00597082656640302,-0.0014956279904648762
2012-08-01,-0.000871577153165215,-0.0036476552373596594,-0.008626788012826792,-0.004795130197730035
2012-08-02,-0.006904498926852742,0.0023914526654760238,-0.006510213425354183,0.002860349554246966
2012-08-03,0.019833382573535507,-0.0052297343144225295,0.009212989839486152,0.007806883242615026
2012-08-06,0.0019369717604198478,0.0006451769450761535,0.004821600676860438,-0.0010427568310075186
2012-08-07,0.005013917266035062,-0.005254509492851889,-0.0001279863856068486,-0.011780582815132168
2012-08-08,0.0012115074164003037,-0.0013902777105982977,0.0012797347696722472,-0.006790443811605429
2012-08-09,0.0008542612177830922,-0.0007421792571318253,0.003259264951112506,-0.003190940214885307
2012-08-10,0.0016356359767515372,0.002879094540843896,0.0012101864830207365,0.0013722013177348558
2012-08-13,-0.0004968268095389972,-0.0006488418572416776,-0.0075708565852385945,-0.0007613007788079829
2012-08-14,0.00014193201684986612,-0.0049108532535270255,-0.00551317764002035,-0.0021322229859099817
2012-08-15,0.0011361261091669128,-0.005028229207240109,0.003223103102315328,0.004579515148868785
2012-08-16,0.007378445378749987,-0.0024336954229691177,0.0059756643744985904,0.007597731322426693
2012-08-17,0.001338452094231224,0.0012201090118824087,0.001021995813774046,0.000301455624608149
2012-08-20,7.036512435587561e-05,0.0005619613542451329,0.003445592661605268,-0.0028644332266966055
2012-08-21,-0.003023910183661327,0.0008432475781705584,0.009983513792826137,0.0021168317310142903
2012-08-22,0.0004231663490854576,0.007765837727547131,0.010766174119276384,-0.0006037919960887317
2012-08-23,-0.008179497351859855,0.0017645752681425542,0.008409157592958794,-0.003019060639601334
2012-08-24,0.006042894638731644,-0.00046392943800932507,0.000494174015419846,0.0033311961132282963
2012-08-27,0.00021237046228672618,0.0025969545778325998,-0.003766133270076133,0.0030183515979833597
2012-08-28,-0.0009893590681051556,0.0003697577937393781,0.0017352428001844444,0.0034605830777365565
2012-08-29,0.0007778032241285704,-0.000646764868286076,-0.006495935756759552,-0.0002998387234159905
2012-08-30,-0.007207985790886329,0.0018501674135056323,-0.0004358432469381279,-0.0022498677614767315
2012-08-31,0.004769231826352582,0.006464203244343603,0.02305006759133854,0.0031572607154619625
2012-09-04,-0.0009213562546432907,-0.0022880310998223408,0.001583208530649749,0.007043090402695018
2012-09-05,-0.0008505756043273305,-0.00036860354522982863,-0.0010335492057460538,-0.001785678421408754
2012-09-06,0.020296667772714994,-0.00681684964306406,0.0035299241657396063,0.008944463963788118
2012-09-07,0.003894968777106156,0.0012986276287361154,0.021529523105697113,0.0008865566619435938
2012-09-10,-0.005681556769255081,0.00046302917843665803,-0.006827411176709486,-0.007823950361911303
2012-09-11,0.002787705314516886,-0.0018518363627326728,0.003646366398665668,0.002975887488734452
2012-09-12,0.0033352285112269175,-0.004916634600890646,0.00011914397372314589,0.0020768508526245455
2012-09-13,0.015236431885720325,0.002890644789758978,0.02018818143529133,0.012287168859755448
2012-09-14,0.004434008682962176,-0.009388847135585632,0.002860343822002953,0.005557018678283621
2012-09-17,-0.003395826240345401,0.0020643337915111637,-0.008149063622843289,-0.0029086093175690886
2012-09-18,-0.0008178763257763455,0.0025279454648270416,0.007746522133214695,-0.009481118659764531
2012-09-19,0.0005455420179083514,0.0023354597289582113,0.00011649354949172519,-0.005594986679945069
2012-09-20,6.846298927354333e-05,0.0005584844597248395,-0.0015721687657199723,-0.01480852702132851
2012-09-21,-0.00041792796657902365,0.0021425632332241484,0.0028576747517099488,0.0001501789430551348
2012-09-24,-0.0015083746543321785,0.002230426377739958,-0.005291949445103139,-0.0037113251422752347
2012-09-25,-0.010641964716306851,0.003708879753864691,-0.0016369410950092256,-0.014748062624013847
2012-09-26,-0.005621034033065464,0.004157922989644902,-0.005621635473730624,-0.00015410262515214157
2012-09-27,0.009421753907911556,-0.002116254829828912,0.014898997795603108,0.0043211936105929105
2012-09-28,-0.0046322042064556035,0.0,-0.0026110999060248163,-0.0015368846165343397
2012-10-01,0.002639273803570319,0.0018558534341042154,0.0023270341375569714,-0.007388032154868385
2012-10-02,0.0010390620543259121,-0.0006448004033156041,-0.0011027174532514117,0.007598484662235672
2012-10-03,0.0040832005816573425,0.0010135290834083488,0.0018012640766977839,0.002000450057692449
2012-10-04,0.007167883251691043,-0.00396060561427114,0.006960135274945767,-0.0003073517431979589
2012-10-05,6.836507187335528e-05,-0.00453074626075578,-0.005702468116373205,0.0012291708756302366
2012-10-08,-0.0034209401705147524,0.003251320734650065,-0.0033020048751752906,-0.0021484593814629083
2012-10-09,-0.009887877714857551,-0.0020376128741028676,-0.006160985410008202,-0.003689993429494498
2012-10-10,-0.0063798892406404795,0.0024124099014646294,-0.0008772977978495078,0.004012529579874524
2012-10-11,0.0005582732858413486,0.0009256096108283263,0.0028097108207538746,-0.0007685761422905335
2012-10-12,-0.0032784230012051774,9.206299947783769e-05,-0.007354714637855864,-0.003538579556547683
2012-10-15,0.00832819433720533,0.0002775060358042314,-0.010055224506803517,0.006638946194184481
2012-10-16,0.010133076698285892,-0.004714280674603111,0.006355758993983995,0.006134872166833727
2012-10-17,0.004534918297763646,-0.006316218948772434,0.000708270089035512,-0.002743981109272764
2012-10-18,-0.002598818182240392,-0.001775851329809397,-0.004423734987025862,0.010241590167356485
2012-10-19,-0.01666445282783935,0.004213946973036009,-0.010782582723043554,-0.00832200542570316
2012-10-22,0.00013893698997824444,-0.003356566514707615,0.003653354530106512,-0.0050346785298857055
2012-10-23,-0.013876213382440161,0.004771465896582949,-0.012829747772893363,-0.010121535451986019
2012-10-24,-0.002828217070341088,-0.0021419843119420134,-0.0034455182897020764,-0.0007743231432214559
2012-10-25,0.002907012133367637,-0.0036395034614521427,0.007036295388904268,-0.002790983500735922
2012-10-26,-0.0005655760656603226,0.006368965893331913,-0.0005421731981886113,-0.00870606149394515
2012-10-31,0.0,0.0040946455770560775,0.005424029379860196,0.009723264704997403
2012-11-01,0.01047048495246039,-0.0019951947705694195,-0.0045555025984209685,0.0048155926736437316
2012-11-02,-0.00889145518491996,0.0008369817461706397,-0.020894809825163896,0.006647361640734983
2012-11-05,0.002048441106650145,0.002415796882923482,0.0038744747870573804,-0.006603466014057258
2012-11-06,0.007825422098670431,-0.004541860954452193,0.018807862553296584,0.004328184067792673
2012-11-07,-0.022663898746104305,0.008380245705467582,0.0011425281895340866,-0.004463231072102336
2012-11-08,-0.012024121966835333,0.004432575451419396,0.009009549825869767,-0.011905116254351089
2012-11-09,0.0008695846468562696,9.215994930444893e-05,-0.0010119540650425085,-0.00266018851366856
2012-11-12,0.0007963096946195236,0.0006435370318433886,-0.0022048049089982147,-0.002352907978127483
2012-11-13,-0.0034717095167082768,0.0011935833052838518,-0.0020901215354142133,-0.000786431763085349
2012-11-14,-0.013498861667728068,0.00027566214027086033,0.00023933743071213875,-0.018728389392481115
2012-11-15,-0.0016919570674456264,-0.0004585503103408106,-0.006282176951012075,-0.004651100175586231
2012-11-16,0.004937306069376257,0.000642664115525271,-0.0012643233169258306,0.006123138600429678
2012-11-19,0.02023875694750421,-0.0020183143266694348,0.011996564840836887,0.012331781751809379
2012-11-20,0.00043159519424218473,-0.004135110148736021,-0.0028593300857844284,0.007435657282742314
2012-11-21,0.0018680685635794614,-0.0014765064881708811,0.0010155813941403746,-0.0017276628054126997
2012-11-23,0.013624591104728578,-0.0005552025522663762,0.012234441881278757,0.007394073884360308
2012-11-26,-0.002121887451241422,0.0016650007402343459,-0.0010613049579774048,0.002029604915157801
2012-11-27,-0.005104513876401429,0.002307833872289944,-0.004249459912872733,-0.005609842794012776
2012-11-28,0.008052146947742145,0.001289659214634531,-0.012803055990465051,-0.0012541401868358948
2012-11-29,0.0046654399465850815,0.001012032556508169,0.003782585484718659,0.005492198375169677
2012-11-30,0.00021135985875675445,-0.000184139980643927,-0.00675911995172096,0.0020285464398661635
2012-12-03,-0.004924524244000583,-0.000395854897621728,0.000481793613877457,0.004049398280849825
2012-12-04,-0.0014137741426893946,0.0017492498725983907,-0.010293184034235181,0.0015510841521275687
2012-12-05,0.0017700286636561646,0.0008271401586241733,-0.0018246141290523266,-0.0030973640319916784
2012-12-06,0.0033920499933579595,0.0005514142502880404,0.00231540881134662,0.00932075552928291
2012-12-07,0.003028219662605691,-0.002844967226209194,0.004012180316774305,0.0036944262160609753
2012-12-10,0.00042185896915492016,0.0009204080713762774,0.0038750264922358113,-0.0004604227001160366
2012-12-11,0.006808168331492226,-0.0019309939749639904,-0.0009047596653337653,0.0024547429132559806
2012-12-12,0.00048786820864132885,-0.004239082459287169,0.0007244816202742754,-0.0027550018137622034
2012-12-13,-0.006131638556114205,-0.0019426792399349635,-0.008445491459192933,-0.0076728907754781694
2012-12-14,-0.0037160018472225387,0.0022253756100367728,-0.0014600610908572786,-0.00015495140305710198
2012-12-17,0.011752426986986864,-0.005272503063740164,0.001888731794135401,0.005259066036117366
2012-12-18,0.011129096098005942,-0.0039057311851731225,-0.014351742734815875,0.01030935126508803
2012-12-19,-0.007429364987120879,0.001399801065656181,-0.002406215358110364,-0.0013707873855094421
2012-12-20,0.005752304713106726,0.0006534136597295959,-0.012122003118760882,0.013115486258679976
2012-12-21,-0.009077434997860623,0.002701074851078511,0.003756377133691924,-0.0016552409646165556
2012-12-24,-0.0030815657845295608,-0.0010214775504603368,0.0018087275171267958,0.001327312380266621
2012-12-26,-0.004214798362252137,0.0020577414248590387,0.0009961627877814738,-0.004724702492910238
2012-12-27,-0.0013403093466856086,0.0020453562819229276,0.002363508432004169,0.0036751236270948784
2012-12-28,-0.010808505375066058,0.0023191889534985854,-0.0038471727592938043,-0.00656063234971882
2012-12-31,0.016996422471850847,-0.005275561772730919,0.009218955078005298,0.010597406997864933
2013-01-02,0.02563034388172669,-0.004558410580754901,0.007097851290946089,0.012462365741972459
2013-01-03,-0.0022593658346169443,-0.005140088452532443,-0.012073305404241008,-0.00015056115148848193
2013-01-04,0.004391700886131833,0.000469104086871619,-0.004714606211065564,0.004653968945939946
2013-01-07,-0.0027326715422371084,0.0005639216595958452,-0.006295249004336423,0.0022415076747861473
2013-01-08,-0.0028773291207282448,0.0024406032799901833,0.007087781062064646,-0.0019379812631390436
2013-01-09,0.0025418176782114887,0.000561168095950082,-0.0004359246792099425,0.0028381382222277818
2013-01-10,0.007949788337190844,-0.0029000293375397446,0.00928400637657445,0.00104278415132808
2013-01-11,-6.816543311893852e-05,0.003189900087270381,-0.0056797023904903154,-0.0005950880360077182
2013-01-14,-0.0006796707588141437,-0.0003743447758858265,0.002980229323326755,0.002828841284422845
2013-01-15,0.0006801330253436433,0.00243304088071139,0.006314252289550515,0.004751665291383489
2013-01-16,-0.00013561982286391938,0.0013064074508510881,0.0005536192128581252,-0.0011826874783352759
2013-01-17,0.006460400517193543,-0.004567952774585549,0.00430379485582244,0.0031067700614284544
2013-01-18,0.002229619073716771,0.00280989295885381,-0.0015917340429129068,0.004277568523852082
2013-01-22,0.005393124367024438,0.0008412521018039687,0.003556329904214506,0.005140313478023906
2013-01-23,0.001609090469942842,0.0004662413057994197,-0.00281048121356553,-0.0002922492779596775
2013-01-24,0.0002680303092825742,-0.0016790543199262098,-0.01096751713306432,0.0020463429879782336
2013-01-25,0.005622035946918125,-0.006633727029157099,-0.004770191309598659,0.00568864548933079
2013-01-28,-0.0011977579376462044,-0.0020683312780177543,-0.0022409002429438774,0.002610214879532613
2013-01-29,0.003931940237434928,-0.001508278889877146,0.004367160997889918,0.0028930373073949855
2013-01-30,-0.003916540633725485,0.0005669463641055916,0.0074538599123976645,-0.009519378470290274
2013-01-31,-0.0024653883946154087,0.0008485737239096736,-0.006103985931695921,-0.005970994684962649
2013-02-01,0.0102874390436829,-0.0033972575857160736,0.0015508685157126223,0.005860592677527698
2013-02-04,-0.011240658044534668,0.005776173919906258,0.0034066464054138823,-0.002330789387512855
2013-02-05,0.010097829607449427,-0.003577273070260012,-0.00024687213662233365,-0.00233585033032524
2013-02-06,0.0007280719724553908,0.003023665857633251,0.0026549312049666263,0.003512027106181037
2013-02-07,-0.001323006850200037,0.00047116932488489027,-0.003386926866340456,-0.004228627661474471
2013-02-08,0.005564245158535153,0.0007522144435663236,-0.0016682465384403322,0.0092251567989452
2013-02-11,-0.00019763021388474744,-0.001034645634597986,-0.011573994499016527,0.0014509740931316628
2013-02-12,0.0016475401279743007,-0.0010362029854226185,0.0011897460553353945,0.00753396180715149
2013-02-13,0.0008548200880249546,-0.003487999825726451,-0.005253588974277079,-0.0005750636464657566
2013-02-14,0.0009201105879750315,0.004257516821319474,-0.004401112447727451,-0.00417265207352735
2013-02-15,-0.0011822190062290572,-0.0009428164615638002,-0.016356245638453393,0.0004333541372483207
2013-02-19,0.007495151780654075,-0.0016020244453173182,-0.0027606104965699485,0.007943665741906525
2013-02-20,-0.012463298094602338,0.002172194969112251,-0.025043451643549264,-0.00644826960209921
2013-02-21,-0.006079482876448883,0.001978891307577113,0.0077918162754770925,-0.007498909153796696
2013-02-22,0.00977278949510274,0.001223449401586807,0.002293317486000923,0.010026208841575013
2013-02-25,-0.019027203168529017,0.007703739335516602,0.008955972453781325,-0.018990206919968555
2013-02-26,0.006846023896026621,-0.0018652695880472248,0.012180931238955583,0.006892891996494788
2013-02-27,0.012598238973652087,-0.00046658668955246174,-0.01056198875682579,0.007281667869366126
2013-02-28,-0.0019748711436202715,0.00140166651999718,-0.010157257228600503,-0.0010122714478640882
2013-03-01,0.003297668515580998,0.0024947698769941518,-0.003660114762050637,0.003329010363885887
2013-03-04,0.00532514268286266,-0.002330236017287768,-0.0009183901036885489,0.007501832447808443
2013-03-05,0.008959161730711429,-0.0010280065872491084,0.0005252910666555533,0.007874853506219637
2013-03-06,0.0013612727150835724,-0.003178712912206172,0.0055780996028989005,-0.0029833748405202476
2013-03-07,0.0018122927719608217,-0.003846605097017508,-0.0035240703595200706,-0.004702135265892582
2013-03-08,0.004263967375643718,-0.005085227228628808,0.00013101232655099437,0.0017179111173215578
2013-03-11,0.003795359396172593,0.00047352104633335834,0.0018335326238412275,0.0008575765434331029
2013-03-12,-0.0022433230216025724,0.0027433872933420034,0.00784362968269714,-0.003712604924814622
2013-03-13,0.0014133952529171712,-0.000849428722976886,-0.0034373096238732304,0.0010034209892049173
2013-03-14,0.005324118304103065,0.00028299449225976936,0.0001300859898183404,0.006299656632525963
2013-03-15,-0.0013199863607759044,0.003493395081101358,0.0020822965868685372,0.0022767839583750504
2013-03-18,-0.005518893105487699,0.0032930222875524606,0.008961070667613535,-0.005536446889390256
2013-03-19,-0.002322849256159887,0.0030936541836346088,0.00450506452725441,-0.004853673839957939
2013-03-20,0.006984958388979612,-0.0038315958353977164,-0.004548992218975756,0.0031559858790237705
2013-03-21,-0.008542535959974784,0.0026271226829364114,0.005663930684613572,-0.003003186997966867
2013-03-22,0.008033116885254543,0.00037429230840868577,-0.004479980468749978,0.005261236591200591
2013-03-25,-0.004177177959747924,0.0007483045321867721,-0.0019929125844543316,0.00014358330977848333
2013-03-26,0.008002156878239353,0.0010282938267986985,-0.003349679554628948,0.008625686230159024
2013-03-27,0.0,0.004295790529364574,0.004136500676053423,0.001853054094918205
2013-03-28,0.0030735351904032093,-0.001859837567416034,-0.0058573870914927495,0.0034147382145537364
2013-04-01,-0.003957581308632219,0.002659146654443001,0.001424417125607702,0.002977149015429559
2013-04-02,0.004934589697447311,-0.001954466988001502,-0.014482482185829704,0.0031101261260195745
2013-04-03,-0.010139572666509444,0.004195016122504169,-0.011152640752650878,-0.0035232261961104516
2013-04-04,0.00405878198491294,0.003992011964670361,-0.0029191431956356872,0.016263274514271897
2013-04-05,-0.0044911516837343735,0.0031434682565261163,0.016767611850665,0.00542764938282958
2013-04-08,0.00676702699265519,-0.0032255097202466,-0.004253608447543744,0.008027646402804622
2013-04-09,0.0034571385833004342,0.0003697083822860048,0.007754946420753139,0.00013729617996460775
2013-04-10,0.012248686699143363,-0.004159061169830558,-0.016890546496319603,0.0061779282797223
2013-04-11,0.003277303017827249,0.0011127727150268552,0.001990069995076782,0.005866948696547469
2013-04-12,-0.0024496167677864333,0.005563688990138482,-0.04700434266845255,0.0024414073747389686
2013-04-15,-0.02317429608281696,0.002213048409674956,-0.0878082643808128,-0.020703145472177886
2013-04-16,0.01476290564364846,-0.002852398100647746,0.011347235708379255,0.01658116472461657
2013-04-17,-0.014611786645901126,0.0018456832958209102,0.0005270486733528479,-0.010602097320090986
2013-04-18,-0.0062532333572622445,0.0005526943827469655,0.010762459449999096,-0.0015112675706276946
2013-04-19,0.008693379262090906,-0.0005523890804052245,0.008711825334020373,0.015409989804194835
2013-04-22,0.004437622235189176,0.0005526943827469655,0.01793749652236576,-0.001354562422176353
2013-04-23,0.01030936063422394,-0.0006445328443748233,-0.007396584908027859,0.005563224037962833
2013-04-24,0.0006340114028466903,0.00046035262745935945,0.010885375374223738,0.002158444376037183
2013-04-25,0.004053996687593209,-0.0011043189774075923,0.023560091643163306,-0.003366031007374315
2013-04-26,-0.0017667987723258838,0.003594355725532905,-0.005083677157950217,-0.003242486991404725
2013-04-29,0.006698875560819939,-0.00036782334653107096,0.009864447899536888,0.008539526481056825
2013-04-30,0.0023850867135453147,-0.0001834594959996272,0.003302889744367654,0.011691482353849869
2013-05-01,-0.008767362586217353,0.0032666698241481384,-0.011627117828906464,-0.007970192420812539
2013-05-02,0.00928682441781059,0.0,0.005740185352492544,0.0065611190161556365
2013-05-03,0.010140932784794554,-0.008529196316154564,0.0011978450615743874,0.003990928420644302
2013-05-06,0.0025408275128564473,-0.001294704882271902,0.0004222504056590193,0.005167592145066013
2013-05-07,0.005069250278200599,-0.0013889753271314476,-0.012451558843968757,0.005536634616725822
2013-05-08,0.004550471145479351,0.0012058468420135249,0.014816938016144476,0.0005242606024706831
2013-05-09,-0.002815899022577173,-0.00018521825105999312,-0.011582262231585427,-0.006550979001284429
2013-05-10,0.003254168579354122,-0.0056518215201029065,-0.008593079156717032,0.003692949482284158
2013-05-13,0.0007954128454363829,-0.0017698067860401068,-0.00838118464598625,0.004730534445944512
2013-05-14,0.010333673032299373,-0.0040135336877688,-0.004478762912597967,0.0036617821265261252
2013-05-15,0.005386091840711593,0.0026238161387417414,-0.02307519579215711,0.009903711879143406
2013-05-16,-0.004695201504754776,0.004767231886065204,-0.004011056416375558,-0.005161341104264916
2013-05-17,0.009676987975297147,-0.005395746547019464,-0.02252210527369891,0.005577195894876041
2013-05-20,-5.9617921491783576e-05,-0.0007478873767335914,0.030899424480465454,0.002321768017795156
2013-05-21,0.0014374634473826031,0.0026211999621448268,-0.01657778504530205,0.005662258401567533
2013-05-22,-0.007417094258284851,-0.00793560958876649,-0.007074069889109635,-0.02431255796290488
2013-05-23,-0.0028931768917521694,0.0010353841668797603,0.02023645687084974,-0.018754038643522875
2013-05-24,-0.0008459923099194411,0.0003763246584511659,-0.006314583609401292,-0.0025391584533340783
2013-05-28,0.005988906133434835,-0.011746259097649148,-0.002018458618119001,-0.008575809798055056
2013-05-29,-0.0064946461431451,0.004088516988801194,0.010038177262336356,-0.02121905962061077
2013-05-30,0.0036921941970420313,9.458148326135785e-05,0.013869280514663629,-0.00938989830631376
2013-05-31,-0.01435214924912298,-0.0027456198174224955,-0.020336494816085793,-0.013381334484564689
2013-06-03,0.005506459595440605,0.001445031155344001,0.01933987733947884,0.005651368554860703
2013-06-04,-0.004807022514059511,-0.002563223999960229,-0.009376593881796569,-0.013908408751598711
2013-06-05,-0.014000759744781988,0.004853631633269684,0.002144557820634496,-0.008263341590936779
2013-06-06,0.009052809442356535,0.001231167133028066,0.007452733729297778,0.01608904736679051
2013-06-07,0.012720753032943843,-0.007757708025802668,-0.023804292309807185,0.00014183433159087322
2013-06-10,0.0,-0.002478729877442132,0.0049520083144831695,-0.00862278452215992
2013-06-11,-0.010315639892928052,0.002484889246660016,-0.005151578533889478,-0.01482983564975593
2013-06-12,-0.008277296000220091,-0.004480773405989513,0.007504690431519689,-0.013605219673222146
2013-06-13,0.015208909098302748,0.007566074524993693,-0.0037988417641410255,0.025971779434373454
2013-06-14,-0.00627262840215026,0.00133089550421861,0.005159168194085684,0.0037185485881536806
2013-06-17,0.0077214936392426825,-0.0023729254072033523,-0.004909532390677707,0.002849703080314958
2013-06-18,0.007905708980300963,-0.0005716222461629172,-0.012259844040283574,0.005115186585388232
2013-06-19,-0.01381683680901502,-0.013710268754564492,-0.011655252312203657,-0.030675633953868964
2013-06-20,-0.024778012268280247,-0.00453686870768133,-0.053526288841325154,-0.041563805920321384
2013-06-21,0.003210021354025594,-0.010570353473249083,0.011731428766484253,0.013542724332272549
2013-06-24,-0.012635849972403523,-0.0024498062774299667,-0.008956439178321896,-0.0045320375372448485
2013-06-25,0.009613577985618127,-0.0011790126076918206,-0.003711765378358045,0.016748382147732332
2013-06-26,0.009901455805604753,0.004032694797247327,-0.04203452166594779,0.015123892460199517
2013-06-27,0.005870262447104091,0.005387702446010945,-0.019783533666219544,0.020062015574895176
2013-06-28,-0.004097909289407564,-0.0011688630639271613,0.02734171211137726,-0.006218143882413929
2013-07-01,0.005859898483917769,0.00038163403238500315,0.016959085154188536,-0.0021827426077081213
2013-07-02,-0.000929308042031507,0.0003900949507922302,-0.00891599295095069,0.015312810458872894
2013-07-03,0.000434025261264237,-0.0019519149864595242,0.005747561803178369,-0.006607422324735435
2013-07-05,0.010789033292256,-0.01682348843444681,-0.021948000437012505,-0.004771932424033953
2013-07-08,0.005704183754567049,0.005869111773089575,0.01202477637713506,0.0010177252243404045
2013-07-09,0.007197993753400356,0.0016814388007966308,0.009287930637690511,0.014223338774837169
2013-07-10,0.0003626126175559907,-0.0035537288756407603,0.0027358165656277134,0.00042928332551350756
2013-07-11,0.013620931757924115,0.010006988208185685,0.027201331116488037,0.0241740027008166
2013-07-12,0.00041799037881617984,-0.0007840896260991048,-0.0008853880573321815,-0.006145509132337135
2013-07-15,0.003821038212318051,0.0031411337904254655,0.0004028281065351358,0.004215707184402895
2013-07-16,-0.0037469354573946845,0.0004901711506746231,0.0057174994582687155,0.0006998040639152325
2013-07-17,0.002566982027140341,0.004401759861828891,-0.01257106015291043,0.003635712598493157
2013-07-18,0.005477570378891405,-0.004674420969976278,0.0055952192921973065,0.008499290644100821
2013-07-19,0.0017765245725642753,0.005479370181295629,0.008870239941716207,-0.0006905516252587729
2013-07-22,0.0019508581306333372,-9.734117953774657e-05,0.029813729592696125,0.003041474876952499
2013-07-23,-0.0021241981222426265,-0.0011684073582333143,0.006752642042110235,-0.0011026858595474254
2013-07-24,-0.0036655711606548014,-0.006723854514610106,-0.017192222970528803,-0.01945604696274883
2013-07-25,0.002432669193098924,0.0014726689117963154,0.009334756673011979,0.0015476885635465898
2013-07-26,0.001065739818560063,0.0008806154670890631,0.0008549048878288001,0.0008434594216844005
2013-07-29,-0.003075263009830076,-0.002054566370046418,-0.002407187152758228,-0.0074410550533082764
2013-07-30,0.0,-0.00029509011656159156,-0.0027244189319679535,-0.002970131597537118
2013-07-31,0.0007120393256614399,0.0006874733764925534,-0.0012487983048118378,-0.0163145914014603
2013-08-01,0.011558759732835489,-0.008826024862848447,-0.010550160079556559,-0.003893919613175645
2013-08-02,0.0016993205288717839,0.008518425114610872,-0.001974567560183438,-0.004922206342089397
2013-08-05,-0.0014628888204496482,-0.003142740985939585,-0.005223200846164788,-0.0007276005625397319
2013-08-06,-0.005682223272664655,0.00029521110719699095,-0.013762893950199584,-0.0034943663151263404
2013-08-07,-0.003240814937509051,0.003644095796761171,0.0014519666322767577,-0.0026300829538599135
2013-08-08,0.003665269052870679,0.0014719694121201332,0.02182842570410881,0.00043947149690426457
2013-08-09,-0.0028856028012568258,0.0006865177874391115,0.0,0.008786137330928145
2013-08-12,-0.001181759687381767,-0.0019582297106367497,0.017893774724416334,-0.007112703878306981
2013-08-13,0.002956823140398246,-0.00902777986961023,-0.010764399957271187,-0.013742614172465695
2013-08-14,-0.005129297503191577,0.0008914369065213812,0.009863802703161229,-0.003854463114035589
2013-08-15,-0.013986197391232746,-0.005539337557222912,0.020852732103924465,-0.018303225071694573
2013-08-16,-0.003305609263043574,-0.00387966127885897,0.006758291238125214,-0.024557102419406673
2013-08-19,-0.006392155256822685,-0.00429424329610173,-0.004299346178506691,-0.013208915565605328
2013-08-20,0.004916562115821144,0.005416176377765369,0.0033330994600069275,0.022677532440938064
2013-08-21,-0.006160910143774179,-0.006284186167726413,-0.002868928899801504,-0.002310193081933032
2013-08-22,0.009115617696757283,-0.0004015566715728225,0.0056030150173187465,0.006019511665181554
2013-08-23,0.00337205617083991,0.005623332405343184,0.01573673952496346,0.010432827402129474
2013-08-26,-0.0037207807090915423,0.0019975624975345774,0.004077116950649051,-0.002885368156042123
2013-08-27,-0.016084390361730483,0.005680076834479797,0.009597660251366102,-0.004872250456016136
2013-08-28,0.0035505829304800507,-0.004062504500203179,-0.0002924554744629937,-0.006121171335182196
2013-08-29,0.0015867036238035315,0.0009949486829072818,-0.0061444777662679195,0.0015397924133921936
2013-08-30,-0.0031676828031959037,-0.0018886354115782433,-0.009199970890717113,-0.008454893246468198
2013-09-03,0.004521956972053598,-0.005675506216384907,0.013370993292570743,-0.008682553019229822
2013-09-04,0.0082728549890152,-0.0033103306896948848,-0.012901294021836374,0.00860197603227908
2013-09-05,0.0012672173708789813,-0.007648633064197274,-0.01826828046165707,-0.010544250067788141
2013-09-06,0.00048217681395024137,0.006085317771832743,0.014750355470928067,0.015515058118609648
2013-09-09,0.00957593140787627,0.002015620855619016,-0.0017889694021170355,0.020832963110201774
2013-09-10,0.0073970646388266115,-0.0046269725670178286,-0.016204899631104497,-0.0007561743562811696
2013-09-11,0.0031385982863039175,0.005053015507088698,-0.00030369320824075174,0.008018851720242859
2013-09-12,-0.002656618241638986,0.0001008050014077444,-0.030599839579955712,-0.006453705110659791
2013-09-13,0.0022493271043464436,0.0013067367839829647,0.0011749160180953844,0.0028696694168195425
2013-09-16,0.005787563143581309,0.0022095645732496116,-0.010718218978665095,0.009941678487497496
2013-09-17,0.004462057613611181,0.002003810424032526,0.00039543735045155515,-0.0005967614714970093
2013-09-18,0.011574144798743413,0.012399985571906802,0.04355726882874267,0.0338756469580781
2013-09-19,-0.0016755213930461643,-0.0034571699209159368,-0.0019695062317609535,-0.0008662825590156631
2013-09-20,-0.006991694347207256,0.0009910303900455553,-0.028766610364533873,-0.016324756768881343
2013-09-23,-0.00462712055509884,0.0037629964828715945,-0.0032040953082860257,-0.006847296397254898
2013-09-24,-0.00235430957065097,0.0036503060620300953,0.000862411663815621,-0.007610570094868763
2013-09-25,-0.0028900653192833747,0.0027522030027666844,0.0088515556290778,0.00330788075549715
2013-09-26,0.0038452364481833534,-0.0021560164236248403,-0.007764519160924133,0.006145340340053318
2013-09-27,-0.0045966981857641365,0.0013742357940094152,0.009233901688096902,-0.004170676687852093
2013-09-30,-0.005328314940489021,0.0016680501094641365,-0.006125521729428818,-0.010621395764176644
2013-10-01,0.007916593413000106,-0.002226467433072865,-0.028007462498232272,0.0145149171562029
2013-10-02,-0.0009453410592796807,0.0016707935873379043,0.019825036466045276,0.0014905891868559618
2013-10-03,-0.00922055120887122,0.0013742356596380123,0.0009444573342345386,-0.017410750229618466
2013-10-04,0.007576799137302803,-0.0027444994773072606,-0.005110878473967517,-0.001968914070104577
2013-10-07,-0.00864527303657403,0.0008844307403299556,0.008772628001741278,0.0045526115550340585
2013-10-08,-0.011646186058023589,-0.0004899589961120387,-0.0018802715834939088,-0.010876362765181335
2013-10-09,0.0007248845679543869,-0.001769066778437245,-0.010125595761985129,0.00015272708902758225
2013-10-10,0.021558148964030632,-0.0021649759245199185,-0.014590468308459559,0.025500550222996354
2013-10-11,0.006442926902398227,0.0014796199333833027,-0.013438466355977674,0.009975403689522988
2013-10-14,0.003994402974674127,-0.0033471086503176206,0.0018760469803933422,0.00058983785271427
2013-10-15,-0.007254292008018748,0.00019698069125495543,0.007327212508852821,-0.0036835341828250767
2013-10-16,0.013966136110623806,0.004840295642645431,-0.0015356214034694116,0.01878183565844016
2013-10-17,0.006683065613918515,0.005702159295756459,0.031406809330291274,0.015096364027198383
2013-10-18,0.00675409625510448,9.724152230949912e-05,-0.004473392740662718,-0.0010013330022141664
2013-10-21,5.725723476723843e-05,-0.0006841148531108177,0.0010248709844409287,-0.006011634189600268
2013-10-22,0.005791792830367903,0.006944527605667217,0.01858554826403047,0.009216560081476866
2013-10-23,-0.0047887806822859424,0.0017486126506833788,-0.00502546710134677,0.0018550369022356517
2013-10-24,0.0033221699029306606,-0.0020366189750640196,0.009402373394382657,-0.00028496721690018934
2013-10-25,0.004567963948775011,0.001749023504008962,0.004311107341768539,0.012252333908362223
2013-10-28,0.0015911451713901403,-0.0009699172270005718,0.0007664482567892872,-0.007178002460848987
2013-10-29,0.005333631208081835,0.0013595590373034483,-0.006050806532669206,-0.005812091520493445
2013-10-30,-0.004966967421935253,-0.00261778965289039,-0.0013099958645943488,-0.008412968668673138
2013-10-31,-0.002835990645548847,-0.0011672761582579572,-0.014351914754235806,-0.005896038238054513
2013-11-01,0.0023894306541911714,-0.005545704072754565,-0.0061844444084760974,0.005207598715279094
2013-11-04,0.0035183439964181495,0.0019598936736713313,-0.0011027915952256384,0.0018706949246951599
2013-11-05,-0.0031672057704700274,-0.004499496086335264,-0.001971453393369016,-0.01637425069750742
2013-11-06,0.005105836447817147,0.0030462573629983503,0.005056885287565871,-0.0014604568278252517
2013-11-07,-0.012642907325454589,0.0026449796037559814,-0.008176048043114226,-0.012430211369562016
2013-11-08,0.013491064954310739,-0.011237041045907836,-0.014901750382376844,-0.013475875073713062
2013-11-11,0.00016896191108117797,-0.0004947978773321982,-0.0032989703632274603,0.0010505066912185335
2013-11-12,-0.002029876797473018,-0.0008893648283304634,-0.01146367778198043,-0.004498202209064717
2013-11-13,0.008024243724522595,0.004156819163345649,0.003266651987325009,0.006476765238382587
2013-11-14,0.004989357017419316,0.004828710194865193,0.01155879679757943,0.007034127785519484
2013-11-15,0.004351161188544284,-0.0007847987038782644,0.000402374290726204,0.003714806370493262
2013-11-18,-0.003499080684764677,0.003533518026701321,-0.011422121721614165,-0.006217943917391944
2013-11-19,-0.0021739201736342695,-0.0037163649986747815,0.00040679757316963716,-0.007002589366872036
2013-11-20,-0.0031280742891400815,-0.005498383307892762,-0.02301744019441898,-0.012153344357869855
2013-11-21,0.008068889983035676,0.0008888650222411698,-0.001498504004828649,0.00774610428576028
2013-11-22,0.005002426298095886,0.002860148130494844,-0.00016678565994454608,-0.003918643935478694
2013-11-25,-0.000995610306598227,0.0007873607115922443,0.004503009704574623,-0.004690453448976117
2013-11-26,0.00027671142812946137,0.002161611411081843,-0.005312961933526483,-0.003496702837270327
2013-11-27,0.002435185435199827,-0.002255541459808774,-0.0030045118616964794,0.008543194446278157
2013-11-29,-0.0006621850913187677,-0.0005893884056578091,0.010380025726374864,-0.009227184957078083
2013-12-02,-0.002597007327143297,-0.004294844753778948,-0.02584917312405066,-0.005801271652369988
2013-12-03,-0.0043204779276343475,0.001780461106930309,0.0032318187404347665,-0.001996132953854479
2013-12-04,-0.00011152214955567619,-0.0045423152179360216,0.016954900097682968,0.0036926910836443394
2013-12-05,-0.004395159863602505,-0.0024798154323212307,-0.013837913015870562,0.0035261859601192214
2013-12-06,0.011177129695187027,0.0008952765162455467,0.0021132712895250982,0.00717967952773324
2013-12-09,0.002541319923148766,0.0011925669189494226,0.009869237780065765,0.004853715200156206
2013-12-10,-0.0035824001212237944,0.00416699383999064,0.01754091590969642,-0.0025659904565437097
2013-12-11,-0.011231350529440798,-0.003853603472534828,-0.007880471900160724,-0.023002567061959245
2013-12-12,-0.003301004491906845,-0.002876486926508659,-0.02126427007980758,-0.00557632796251728
2013-12-13,-0.00011221667686878156,0.0014916207262121173,0.009214610951512325,0.002492653995001426
2013-12-16,0.0062321883993730065,-0.0004971062756635725,0.002596793391862917,0.0034175698409995015
2013-12-17,-0.0031805774207601667,0.0031819505153471983,-0.008689121015236556,0.0046457673149655765
2013-12-18,0.01707274181080165,-0.003765982855220229,-0.00876528362539053,0.017725252655398815
2013-12-19,-0.0011562213053756265,-0.004176821965871769,-0.023722480240186083,-0.013781718885284011
2013-12-20,0.00581708527576108,0.0030962390695132846,0.00975442213515798,0.006142560927240526
2013-12-23,0.005342521951135826,-0.0031864222041823043,-0.0031913294703355133,0.001984239968580992
2013-12-24,0.002191645927332786,-0.0038949897833086,0.004585954665539571,0.0008969986577243017
2013-12-26,0.005083700698785609,-0.0008645866413103942,0.005512484048749489,0.0007731704299822617
2013-12-27,-5.45282978761108e-05,-0.0006023048648595708,0.0032551386822530226,0.0021618398801550587
2013-12-30,-0.00016308033698886337,0.0027154266936411098,-0.014771203179331227,0.00030816805859479324
2013-12-31,0.004732977100114777,-0.004513726807896967,0.006326400561529777,-0.005392154812966621
2014-01-02,-0.009583701696090685,0.003930022657663734,0.0161901240867246,0.00015516496959655512
2014-01-03,-0.00016401266850774032,-0.0006027223810163296,0.010932211148536819,0.005575198806656578
2014-01-06,-0.0028976883427739297,0.0028121912677570027,0.0017604081051298959,0.0050823209813462
2014-01-07,0.006141768936301251,0.0016027360303620952,-0.0056903791228098966,0.0044437798447216625
2014-01-08,0.00021784454502138395,-0.0048996047543192756,-0.005891238428211154,-0.004881814182914335
2014-01-09,0.0006541114577940377,0.0026119975174749843,0.0028783976463331307,0.0
2014-01-10,0.002722380519685874,0.008419531995401908,0.015195028411862932,0.013644226496540401
2014-01-13,-0.013304872718279626,0.002882039224392452,0.0063195949886565295,-0.0066544362383194056
2014-01-14,0.010897803334714684,-0.0037661711716697743,-0.009337277183627424,0.007308129290737764
2014-01-15,0.0053898009694282045,-0.0008953839096127458,-0.0019183895963796882,0.007557169646337014
2014-01-16,-0.0012993287108395979,0.002788034188725419,0.0010863885127820883,0.0018002911600705218
2014-01-17,-0.004229540813333488,0.0023829842144180713,0.009516648976840125,-0.005840148225922381
2014-01-21,0.002940343686789415,-0.00108999849443836,-0.0101712011397469,0.009037397767961641
2014-01-22,0.0006513574097748442,-0.002775894191624384,-0.00426060584660215,0.004329114871080675
2014-01-23,-0.008193217200008984,0.00676101625850456,0.021813897314074238,-0.0023779552868224973
2014-01-24,-0.02133588255405472,0.004049263464869002,0.00410542734412811,-0.012515104541909516
2014-01-27,-0.0049191389100531335,-0.0030491203215958773,-0.010875801955168796,-0.007694723004923798
2014-01-28,0.00595478192545551,0.001479731584504984,-8.268961893331817e-05,0.008362768481760652
2014-01-29,-0.009605282968894957,0.004729245091438683,0.012567212160504493,-0.005428370521836978
2014-01-30,0.010600575050376593,-0.0009805263757911575,-0.02204625255756343,0.015160267102587
2014-01-31,-0.005858311286888074,0.003926453324419432,0.002671785119756409,0.005376772347230663
2014-02-03,-0.02250491828848855,0.0054355476657017565,0.010242346527122859,-0.015894216955269158
2014-02-04,0.007004022399516474,-0.0030195834530933885,-0.002720094229185621,0.012075771842972483
2014-02-05,-0.001254433388058529,-0.00361571726317067,0.0024795690309509233,-0.00208815357648906
2014-02-06,0.013187285778956115,-0.0018625762812405355,-0.0004122602966475375,0.007322840246555717
2014-02-07,0.012395973723395182,0.0026522454513053795,0.007670738383060538,0.007567234467577233
2014-02-10,0.0018366712820752085,0.0004903318614106755,0.0061389867499452855,0.00942385708998228
2014-02-11,0.010943920340267255,-0.004407250297509546,0.011714956580352931,0.003938882495868157
2014-02-12,0.0004944756405385053,-0.0023605997309265048,0.0005628794988796759,0.0005815068530214962
2014-02-13,0.005162881138005337,0.0047322707503711925,0.008518826295861315,0.0037759478392662693
2014-02-14,0.0055188018296827845,-0.000685970871106445,0.01322817507664209,0.003906032753069111
2014-02-18,0.001195501172723823,0.0024546066004917932,0.0019661816515914587,0.004900021495471751
2014-02-19,-0.006621923405483288,-0.001959750832814633,-0.00886973994723983,-0.0005738272321078597
2014-02-20,0.005900919516372394,-0.0010797008675413888,0.010532999654813135,-0.0021527932510547743
2014-02-21,-0.001140729839423038,0.0012773802599181927,-0.0001567135055292601,0.0024449085448985386
2014-02-24,0.00554701543751257,-0.0009808110193023634,0.011051917556613278,0.0024388549967868656
2014-02-25,-0.0003789179101049145,0.0034376028385814106,0.001705567961347132,0.003291137342453787
2014-02-26,5.423920223623924e-05,0.002936323234303817,-0.008513319761305871,0.0022819687197601635
2014-02-27,0.005247741228280756,0.0011716446558678317,0.0007024926817724708,-0.0027037243108463116
2014-02-28,0.0025291926051496105,-0.0009739102729695581,-0.004524135846074251,0.009275085943725392
2014-03-03,-0.007032191291008405,0.004945125439366871,0.02092141108046075,0.0005654468091789155
2014-03-04,0.014055386014816484,-0.007683624338994166,-0.012357054979777349,0.014413064143906196
2014-03-05,0.0009065847321549914,0.0010777616165889015,0.0016320075055982208,-0.001253469991105427
2014-03-06,0.0022905048382477755,-0.004307891522188356,0.009930939447266862,-0.008368450947849881
2014-03-07,0.0004245062618937201,-0.0043265297429887495,-0.008296856773808758,-0.010829982293012685
2014-03-10,-0.0005307336078331781,0.0010861575729081974,0.0003099275393667611,-0.0052604903981151585
2014-03-11,-0.004942898782357097,0.0009864354147886,0.005653184387327759,0.006289093109778099
2014-03-12,0.00026753250524991223,0.003942252248487099,0.014631094159512248,0.0029827798195269928
2014-03-13,-0.01121329783989744,0.00589105204880358,0.003415393334794903,-0.004673490379201839
2014-03-14,-0.0028082240804373493,9.7880796795069e-05,0.006731709737936908,0.002561342021789592
2014-03-17,0.009043667280647538,-0.004001560013869865,-0.010969246032428437,0.0021286402494058443
2014-03-18,0.007137786372241051,0.0024489756255632322,-0.007748437231769989,0.0029745350691015027
2014-03-19,-0.0053288310839525455,-0.009285113520824617,-0.019369153834579822,-0.018921419378300053
2014-03-20,0.005839660146001124,0.00019678787475174708,-0.0017955791561766743,0.0017271312505280356
2014-03-21,-0.003878783953815357,0.001874657111438971,0.0047708478604697735,0.009195303475396654
2014-03-24,-0.004135166990139383,0.00039375837184896234,-0.01782518014920287,-0.006549079317675677
2014-03-25,0.004745673503664172,-0.0005903054848312994,0.001822819435546963,0.009130698488755362
2014-03-26,-0.007192339955150562,0.00423403457444449,-0.007910766324103369,-0.011291862220080051
2014-03-27,-0.0021081103713257443,0.0009812323436726444,-0.006538611755630641,0.006360788861846878
2014-03-28,0.004929960726516747,-0.003527109911240278,-0.00024077999982852205,0.006033646002197024
2014-03-31,0.008194364737599491,9.799596754045403e-05,-0.0076268221488628996,0.008424991906881951
2014-04-01,0.006631072439515995,-0.0020684573533992223,-0.0017798011456744423,0.004531134779081292
2014-04-02,0.0033466182879033912,-0.0043415693527649735,0.007537080069503599,0.0008459157668037065
2014-04-03,-0.0013238321028190558,0.0006938275280927719,-0.003217515499202128,-0.0021127811778755
2014-04-04,-0.01182225854027985,0.006140568442050576,0.0133150544727203,0.003387518643257703
2014-04-07,-0.011051549560586182,0.0023629780026168667,-0.00525600091039935,0.003235378933921673
2014-04-08,0.004122947283236478,0.0013756752013687201,0.009446742784294582,0.00616965500492106
2014-04-09,0.010751081876740454,-0.00029492744606507415,0.0018241205774742753,-0.002508572668032394
2014-04-10,-0.02100609120480268,0.004218795879231685,0.0054623372630875355,-0.009499864947231318
2014-04-11,-0.009008596642543276,0.002050998050742603,-0.0006298860696725139,-0.006065122450107818
2014-04-14,0.007878499912904235,-0.0015599169107893829,0.0072480750550174555,0.005960280518338745
2014-04-15,0.006887413108433549,0.0011720614403623042,-0.01845913678934663,0.011849312869011142
2014-04-16,0.010477562804044771,-0.001560229468111185,0.0003984624480757315,0.006412847867489857
2014-04-17,0.0013973215579670129,-0.005665841736318344,-0.006292822285853816,-0.005818096021257713
2014-04-21,0.0034869166751465563,-0.0001970791011605133,-0.004088193476797342,0.005713123818631205
2014-04-22,0.00454462678785128,-0.0003927470917162168,-0.003702503963152415,0.002216645300695541
2014-04-23,-0.0023419698118100074,0.002556291789214571,-0.0001615498728680942,-0.0040086697745900235
2014-04-24,0.0020273719785843802,-0.00029375137541209906,0.006464087011591069,0.004163458164835321
2014-04-25,-0.008198762239497892,0.0013726955635462446,0.0069846079289843654,-0.0038702969036324975
2014-04-28,0.0031671038542060437,-0.0014692520595844805,-0.004384940209038013,0.007770320539427278
2014-04-29,0.004655339231115718,0.0008827889154605639,-0.00016012686984467894,0.0006884262194979396
2014-04-30,0.0029826836944588653,0.002645931868615614,-0.005125735916385876,0.003577733252650761
2014-05-01,0.00010621119897269438,0.002878961583436812,-0.003381083278200081,0.0042494470560165976
2014-05-02,-0.0014336989112512244,0.0014644886123114098,0.01017766135521958,-0.0002728514128429449
2014-05-05,0.0019141432294904615,-0.0005848011852914725,0.009275577200982044,0.002048271485120212
2014-05-06,-0.008703836316319102,0.001170483475576578,-0.001901424983746236,-0.003542749597238104
2014-05-07,0.0058893669748203425,0.0007800649969018636,-0.014367400696601584,0.012034776069594688
2014-05-08,-0.0010649430144430427,0.0010703298919096937,0.0,0.002297044020872052
2014-05-09,0.0014920489326346598,-0.0007778390783136357,-0.0005637408058022375,0.0006740478798903382
2014-05-12,0.009736323692984383,-0.002627790236075178,0.006768766942896631,0.003098852769639171
2014-05-13,0.0008957551565595967,0.00390316659604939,-0.002721337927335199,-0.006447096877448044
2014-05-14,-0.004738088059109691,0.0045699847712914465,0.009711068212604923,0.00040575958176747307
2014-05-15,-0.008779964190520406,0.003580423816179845,-0.008266440948327514,-0.0005404261103523211
2014-05-16,0.0034689267100835863,-0.0021213790480472117,-0.0021639548796237307,0.009194246594182554
2014-05-19,0.0036689511311982503,-0.001256632198428198,0.0006425849883910928,-0.004019659210331317
2014-05-20,-0.006305267197262987,0.0029032164919007286,0.0008829716546379096,-0.0030935969999397184
2014-05-21,0.008424787197875538,-0.0015441397828283021,-0.0024059912253092675,-0.006611556261101104
2014-05-22,0.002431967476497654,-0.0010620627710077324,0.0022509750033825604,-0.00176645094220651
2014-05-23,0.004008380040591453,0.002030519128678021,-0.0012833563412588678,0.008844726696084715
2014-05-27,0.00614696506067669,0.0002899312680897381,-0.02136377492949504,0.007148966074109753
2014-05-28,-0.0007313115593357011,0.005501162307833818,-0.005334440164288967,-0.006294477787708641
2014-05-29,0.0051728237822794565,-0.0012478750514787196,-0.0021451692523306587,0.0020214947143888384
2014-05-30,0.0016117246469966595,-0.0007684950363668897,-0.004216984669547674,0.004573221262885285
2014-06-02,0.0011416304691826973,-0.004575926403543318,-0.006061640414213421,0.0030791833669521207
2014-06-03,-0.0005181274443444295,-0.005032657188838163,0.002589851260583753,-0.0005339572628274558
2014-06-04,0.002022885279063802,-0.000778193813041006,-0.002083159699607484,0.002003556033490117
2014-06-05,0.0065220870873281545,0.0014599190925987937,0.007515042667209704,0.018392297750462472
2014-06-06,0.004782387404217658,-0.0007775667112225326,-0.00041441281485321557,-0.00418778615854809
2014-06-09,0.0010239673592724596,-0.0014587294318807453,0.0003316550478809077,-0.012091104939440211
2014-06-10,0.00010226315866868063,-0.0017527579758528367,0.006133426062251646,-0.00744953932807646
2014-06-11,-0.003476591867469736,0.001365398842617882,0.00016479341429698202,-0.002680626455644819
2014-06-12,-0.007080243759123639,0.003898258417592615,0.010130925709896266,-0.0025538276357659484
2014-06-13,0.0030489513450806527,-0.0019416582124609505,0.0026092604078342685,0.0025603663701596613
2014-06-16,0.0008241190829318956,0.0,-0.00439167956691644,-0.005106981038112135
2014-06-17,0.0027791478673075964,-0.004182706084058019,-0.001143599017664032,0.0025662592396218376
2014-06-18,0.007339772092135988,0.005274404504778563,0.0031893964143092646,0.007006406830572853
2014-06-19,0.0011213806429279938,-0.002525816320892549,0.034808872064872265,0.00829547306222067
2014-06-20,0.0020299626621957945,0.0011689471250204697,-0.0034662236721584305,0.0034500001705943806
2014-06-23,-0.00030600669662950164,-0.0006811794314365294,0.0027667863566884776,-0.0040997592606368816
2014-06-24,-0.0060244945237164504,0.004088294620619548,0.0010248709844409287,0.0007376237141443198
2014-06-25,0.0045200777950722415,0.000970676323071018,7.870929730446896e-05,-0.002009204596789882
2014-06-26,-0.0007159675102839103,0.0026150475653761163,-0.002047362085279003,-0.0009393386192322328
2014-06-27,0.0019439259493245764,0.0,-0.0005523529785370629,0.007656389907128691
2014-06-30,-0.0005103557701346961,0.0007732978088306197,0.010895228044559557,-0.002398952461566184
2014-07-01,0.006693356615349533,-0.0032696921238306587,-0.0026553917191390886,0.005344350856015145
2014-07-02,0.0010152023031761992,-0.0040749560274429,0.0,-0.002392350819543254
2014-07-03,0.004918054712018893,-0.0020468424445231337,-0.0042286084497846765,-0.005728507975442665
2014-07-07,-0.003481451388804957,0.00244123856956846,-0.001101030316222662,0.0029479850357019277
2014-07-08,-0.006429902094690965,0.004577525807231586,0.0003936628332492642,0.0029388219012334016
2014-07-09,0.004484033044337643,0.0001943214499515733,0.0060596257567928635,0.0015988158317612466
2014-07-10,-0.003957026393462848,0.0021326409367532495,0.005475570778272321,0.0045216315753635605
2014-07-11,0.0013753207954334545,0.001643864157503172,0.0018671659071103353,0.00013260829828509735
2014-07-14,0.005035663175202432,-0.00222075530128929,-0.02376143490914273,0.004897713501074374
2014-07-15,-0.001872592512924709,-0.0008709295444543352,-0.009465498169358044,0.0006590676353837033
2014-07-16,0.003701180251556968,0.0014530740579226098,0.0035333047917720517,0.0031592652325982407
2014-07-17,-0.011365763769440207,0.005803571255039275,0.016964032139549223,-0.0051180966890396196
2014-07-18,0.010218963449693641,-0.0020193024054142583,-0.007553695114762116,0.009892824997217442
2014-07-21,-0.0018716457869659697,0.0002887926848997857,0.0016649416399394656,-0.0036568313088841675
2014-07-22,0.0043582669278992014,0.0012523963937178806,-0.004749077817894021,0.0031462567925824025
2014-07-23,0.0022201284599305815,-9.637383070604244e-05,-0.0009543114301425737,0.001829492530390997
2014-07-24,5.010381944625664e-05,-0.00404161391938529,-0.010109888908559905,-0.0013047529382471668
2014-07-25,-0.00468164714646202,0.0038653399503489894,0.011580236904513708,-0.006922325913193417
2014-07-28,0.00040449350175286725,-0.0011551756646345224,-0.0016694417914320248,0.006970578529578608
2014-07-29,-0.004297247113604352,0.0013486666234923117,-0.003025998385664419,-0.004832383396351392
2014-07-30,0.00015207625888224996,-0.007024173601756001,-0.0029552326374293614,-0.0021000909615354058
2014-07-31,-0.019748197728719386,-0.00029080533313807777,-0.011535707925047989,-0.014862329929929752
2014-08-01,-0.0030552409143786985,0.005885481301095119,0.008023323354133804,-0.0024032100315976024
2014-08-04,0.007220877248002244,0.00057905353936194,-0.003135547501692204,0.0069590727888679815
2014-08-05,-0.009696500826704035,0.00048273302947632324,-0.0009677806214606344,-0.010233844241032686
2014-08-06,0.0003126597582727708,0.0008681907183960558,0.014531326248904408,-0.0004029034411742183
2014-08-07,-0.005414754914938147,0.004528899819120413,0.0040582648496965135,0.000537282004107853
2014-08-08,0.011569193344151518,-0.0008637191772783437,7.92687922512858e-05,0.00590767916537005
2014-08-11,0.00289787163802413,-0.0004792639399328058,-0.0018226749543046594,0.006273135197545576
2014-08-12,-0.0013932491945836123,-0.001441081941319755,0.00023816115842256735,-0.0015914528678994122
2014-08-13,0.006768711445019893,0.003270819157500826,0.0016667917138923904,0.014481284324742383
2014-08-14,0.00472211441650594,0.0020131279246744516,0.0008716371870964856,-0.0006551021193623718
2014-08-15,-0.0002045105860987162,0.004019606074574522,-0.006571088731714414,-0.0010484759522265685
2014-08-18,0.00837938471014632,-0.0031458703487026174,-0.004144120645117932,0.0098388924258761
2014-08-19,0.0052189054867846085,-0.0010516131221836034,-0.002240707277115117,0.0020786199893942925
2014-08-20,0.0026714854619043216,-0.002966695787862017,-0.003689437627099168,0.004537171825266473
2014-08-21,0.00291575679561884,0.0021114163662057095,-0.010787344663637177,-0.0015485641603736333
2014-08-22,-0.0015537438390385017,9.634322239349125e-05,0.002522828734679683,-0.008013096438873601
2014-08-25,0.005070650906502383,0.0007658692399770128,-0.003652930990489689,-0.002215105510570803
2014-08-26,0.000649357930875949,-0.00019146474174380756,0.004969860037219664,0.001958524139810125
2014-08-27,-0.0003995035995012497,0.0027765304322133755,-0.00024320048372894476,0.0006518621880737818
2014-08-28,-0.0005495136355895269,0.001336511017026254,0.0055141121217852085,-0.00013028750811461265
2014-08-29,0.0028483485289811927,9.502354796331325e-05,-0.0011290273358744995,0.0053406223989687085
2014-09-02,-0.0004985738587910404,-0.006388722751551668,-0.01784271817844607,0.000129290256868142
2014-09-03,-0.0005486208847838014,0.0014416930590646082,0.004110152024072278,0.0025911054489764496
2014-09-04,-0.0014458772484179372,-0.003550915784485409,-0.005485044294521457,-0.0037472725814440278
2014-09-05,0.004495381322503045,0.00028912308169148915,0.004774400606131213,0.010635529586498604
2014-09-08,-0.0025861438651710866,-0.0010588156377027147,-0.010896233231708075,-0.0010268118540512905
2014-09-09,-0.0063313611288599025,-0.0023141881363751837,0.0011596072704027627,-0.006166724750440666
2014-09-10,0.0037628956209678766,-0.00251103109129569,-0.0050467493711445766,-0.01577037170661133
2014-09-11,0.0011499491415403185,-0.001258870016556779,-0.006569107778930827,0.0007882147250652949
2014-09-12,-0.005841397766105705,-0.0037822439353197845,-0.009123662477173111,-0.030708661674141435
2014-09-15,-0.0007533721365236001,0.0018494849923369472,0.002196335041923403,-0.00487401496972617
2014-09-16,0.007538743205583565,-0.0002912903315535065,0.0016015040659451696,0.009795605621458314
2014-09-17,0.0013465460952681862,-0.002526743525511632,-0.010855852020951628,-0.0002691443687045103
2014-09-18,0.005329923315604779,-0.0006827355966928517,0.002041839900460918,-0.008760390911206395
2014-09-19,-0.0009009142625137079,0.003803092972769262,-0.00585840081981337,0.0012239143124816998
2014-09-22,-0.007723081316556191,0.002136932262514213,-0.002049687174615289,-0.007875856042878437
2014-09-23,-0.005724373233398472,0.0021323755204687433,0.006418485321299405,-0.007254536136779843
2014-09-24,0.0078282840631545,-0.0028047807715770867,-0.004676831883499655,-0.0026719160379297113
2014-09-25,-0.0161359642705714,0.0048498891679982226,0.0029047102009922554,-0.004465009305467005
2014-09-26,0.007945419142507015,-0.002123814080613906,-0.0028111579586888036,0.013455277646895025
2014-09-29,-0.0018189961459713633,0.0031918720307675397,-0.0002562684087009659,-0.0013835292843626945
2014-09-30,-0.00263203836015391,-0.000867986518363506,-0.007006747871292629,-0.004984997181536666
2014-10-01,-0.013552084922328511,0.008401850621251317,0.004818841433659182,0.0008348667927362552
2014-10-02,0.00015416016388303255,-0.0029721975092590336,-0.00025690485706331145,-0.0016685975690405863
2014-10-03,0.011009496679984299,-0.0002884398736898719,-0.018245650954213488,0.006268020720355372
2014-10-06,-0.001170391668084858,0.001635028279972639,0.012389827775788786,0.0026302399104329854
2014-10-07,-0.015436403962289513,0.005858818957514167,0.0028441078559553468,-0.007869679715399314
2014-10-08,0.01748963907572265,0.0035321723694774487,0.009539365800353972,0.02170883183292638
2014-10-09,-0.01983318841784676,-0.00171248323757911,0.0014471624004321892,0.0
2014-10-10,-0.011414550617463326,0.003907236438414952,-0.0004250514452333043,0.0009534349609532367
2014-10-13,-0.0164269309413152,0.005221368951350724,0.007908838626913939,0.0009524430205360979
2014-10-14,0.00154712153026626,0.001983321753970202,0.0005906150591197257,0.016177212460997126
2014-10-15,-0.006765628962026815,0.005654730962616039,0.0033729786510761084,-0.003879300582792733
2014-10-16,-0.0008585808645138471,-0.0027175910574670503,0.001932963787401043,0.0016113709045941782
2014-10-17,0.011810933100502963,-0.0029132607731774396,-0.001929234646691591,0.0012070379150890265
2014-10-20,0.009709801646448524,0.001413329596598345,0.006807338453066025,0.015266702304581603
2014-10-21,0.019811150993781723,-0.002729195223127867,0.0018363404482848456,0.009101975057208556
2014-10-22,-0.007111287743244876,-0.00028373724478969464,-0.005665725080780226,0.0002613733835468146
2014-10-23,0.011624994395078136,-0.00415313407357365,-0.006871122171836941,0.0077109135500925685
2014-10-24,0.007695199928470009,0.0008534888095503845,-0.0014343416618317617,-0.000778315984154565
2014-10-27,-0.0013746456976556631,0.0010413696490336743,-0.0024503668717051896,0.007397723811706225
2014-10-28,0.01147013702442834,-0.002459004692538347,0.00033881853595230105,0.004380104947400154
2014-10-29,-0.0015119335762813213,-0.0033207459623653124,-0.0143098631147065,-0.005644027568597165
2014-10-30,0.006410492597132,0.0010468007111665845,-0.010480209452138567,0.006321216827290588
2014-10-31,0.01143544576318889,-0.0016157198810959894,-0.021963701064975805,0.012562546594041102
2014-11-03,0.0005455335365078806,-0.0003722835691462034,-0.004526913897145546,0.00873499598048344
2014-11-04,-0.0034692815111714292,-9.498527252393973e-05,0.0006241613363515697,0.0016318189632027469
2014-11-05,0.0063164927175485275,0.0002856491794034355,-0.021653896620413504,-0.0021302270087515396
2014-11-06,0.004002655184793147,-0.0030521762754314175,0.0008197134269072315,-0.007659200405295663
2014-11-07,0.0009355824832781856,0.006411582903972812,0.02812162399457141,-0.0012654970024095213
2014-11-10,0.003147256205776161,-0.0040883942164984255,-0.02221830671070646,0.00823482743457471
2014-11-11,0.0009804318939423684,9.418253794790665e-05,0.014303837082656479,-0.0038951866561254267
2014-11-12,-0.0010772363506894589,-0.00038107484435634387,-0.004819715379460576,-0.007568907602899411
2014-11-13,0.001127150542248323,0.0016231861085751476,0.0015246472551149193,0.005465771824684884
2014-11-14,0.000245494330923135,0.0020974022416926363,0.025073906131185764,-0.008217596168670682
2014-11-17,0.0006361957644933636,-0.0011416948673840244,-0.0036690675676288587,0.004461751844578643
2014-11-18,0.005773965176350426,0.0011429998244170125,0.008768083938990978,0.004314513983792345
2014-11-19,-0.0016054468875827954,-0.0026640495945416953,-0.011907889702234109,-0.008971250459919533
2014-11-20,0.0017540231789476834,0.0018131306859570095,0.010380016731246,0.003314866822917706
2014-11-21,0.005350770089164403,0.001999534762183952,0.0046143024245213216,0.006226837313646261
2014-11-24,0.002806469637782527,0.0011405820456915627,-0.0024265428614084206,0.003536306856022353
2014-11-25,-0.0007239564353959116,0.0024683193839389883,0.002345553311048576,0.0017619227285863293
2014-11-26,0.0025593291259853324,0.001704338298495367,-0.0019066874375581744,0.009673298978703615
2014-11-28,-0.002118840145093115,0.0038761378440499428,-0.02648491624493876,0.0024884893579699696
2014-12-01,-0.006950123053377388,-0.002452788310176035,0.03987156539441128,-0.00248231215060013
2014-12-02,0.006463921236197656,-0.004444386692527003,-0.012352053686644049,0.006221529783666524
2014-12-03,0.0038630115430871026,0.0003804051437736877,0.010335265309313835,-0.0009894542959353325
2014-12-04,-0.0011062905034128212,0.0035124459201887337,-0.003868344971663107,0.0025992232581217856
2014-12-05,0.0016370178370022082,-0.005582850980171639,-0.012512918386347494,-0.005061543298737203
2014-12-08,-0.006682487272880899,0.0033310740252778803,0.011797592156958414,0.006328446253619502
2014-12-09,-0.0006777463168498032,0.003698201314767058,0.020815371286221795,0.004561976545281343
2014-12-10,-0.016031273953093894,0.004534970111044423,-0.00194604748441074,-0.0009817142126556933
2014-12-11,0.005069420047311146,-0.001692924668785789,-0.0022888830549503414,0.0018427498914228568
2014-12-12,-0.01616113255690732,0.00819659519983662,-0.002379121195415723,-0.008707196819415675
2014-12-15,-0.006869407020291152,-0.003644383369217352,-0.025721865073372374,-0.012990216705439095
2014-12-16,-0.00801928039556099,0.00506448325189357,0.004895511509587669,-0.00137891409627533
2014-12-17,0.019604865538329408,-0.006905204986890179,-0.005915618296901348,0.022969874751991748
2014-12-18,0.024728354903453598,-0.005638027869201423,0.007701101852319869,0.0069937993197304316
2014-12-19,0.004255035581700595,0.0036857417059990016,-0.003300085781823392,-0.00048734347175782844
2014-12-22,0.004599991965549499,0.0,-0.019342978620211615,0.016718695579117204
2014-12-23,0.0013496053609323155,-0.008285692802909472,0.0016880924643276618,-0.0027951527557477096
2014-12-24,9.627045580051785e-05,0.000722918218635682,0.00026608816627016196,-0.004143932980559151
2014-12-26,0.003224660690451131,0.0013301079475178668,0.018267316212737805,0.0035490858515461188
2014-12-29,0.0013434137190073692,0.0034154782117623572,-0.010101921480555665,0.005487705341782334
2014-12-30,-0.00536617934436634,0.0011352129440977965,0.013460005313124634,-0.0007273274238164262
2014-12-31,-0.00992284412879807,0.0011326108916220878,-0.014062457987002785,-0.016871402502827926
2015-01-02,-0.0005349103563402346,0.005095391905308944,0.004402183412038685,0.015061805596169542
2015-01-05,-0.018059844124993174,0.006101448516525609,0.015077149308345472,0.005473021989666149
2015-01-06,-0.009418900355914639,0.006717525158830728,0.011398960794795743,0.009919223929088172
2015-01-07,0.012461144071633345,-0.00018521714683217283,-0.005891414149803653,0.015330794301465112
2015-01-08,0.017745117252844667,-0.004078204870970548,-0.00420851895976293,0.003775257341383176
2015-01-09,-0.00801358241014205,0.004932320106075805,0.011385196369055883,0.00046986463929910016
2015-01-12,-0.007833881066411696,0.003519975659272534,0.011086435260788896,0.007635442132022385
2015-01-13,-0.0028123925111550596,0.0009224227085569137,-0.003373767752371082,-0.0015155026254197734
2015-01-14,-0.0060373599505875175,0.004610521880382246,-0.0016080097792615655,0.00864023725517149
2015-01-15,-0.009160602485317804,0.008536621313299353,0.025175902263040006,0.002314813512937386
2015-01-16,0.013114288851379552,-0.007371820422859887,0.013064281211881523,0.008661257218094187
2015-01-20,0.002132730781704062,0.002292018864510359,0.013712049879254229,-0.00789972189474275
2015-01-21,0.005047776859246511,-0.004757275796120175,0.00024159749942587183,-0.0006926337260757531
2015-01-22,0.014871035289562462,-0.0024813020475311642,0.008049585228834255,0.01778430974681977
2015-01-23,-0.005482557027865931,0.006541987579119279,-0.007985306821000182,-0.0028361327237066414
2015-01-26,0.0023416467907972915,-0.002287906715079502,-0.00998152990144674,0.00842043311995555
2015-01-27,-0.01319049950167639,0.001375143886539476,0.011464376669647391,0.0003386869909929313
2015-01-28,-0.012824516647501616,0.0076973911243640725,-0.00787784039319106,-0.006655254865761129
2015-01-29,0.009243524240390322,-0.0035460476765495352,-0.021552390797103027,0.0035202734008661363
2015-01-30,-0.012574631966295824,0.008759488319155073,0.022275544587827323,-0.020595122471527394
2015-02-02,0.012383705745138807,-0.0012500614957585698,-0.008343449208254805,-0.0026573217040569697
2015-02-03,0.014461127248528438,-0.0084365668973847,-0.011190942147351168,0.008688065092205433
2015-02-04,-0.003807344085941744,0.001646525114548325,0.0043783458565487265,-0.004134153630586779
2015-02-05,0.010094798686648865,-0.00365357481115125,0.0017272502164005221,0.011993771870596026
2015-02-06,-0.0027655849182453007,-0.011184738930240745,-0.025864204796777424,-0.029059971151124908
2015-02-09,-0.004475479013016148,-0.0004630041209299218,0.004467285755423989,-0.007042079328784867
2015-02-10,0.010653291725784664,-0.002505210633716337,-0.005873936049321848,0.0031914457537856045
2015-02-11,0.0005802481384600267,-0.00037143173086628956,-0.011817350480741395,-0.0029455010389508596
2015-02-12,0.009616868126301803,0.0003715697436592613,0.0023062837940568404,0.011935162425522394
2015-02-13,0.004116091581530812,-0.0033476853914164995,0.005454295543013465,-0.006656134247561507
2015-02-17,0.00157326810741365,-0.00709081725134908,-0.01669775525216033,-0.002469248104206123
2015-02-18,9.52772621209963e-05,0.004793057463429173,0.002844532329830063,0.009311071337949395
2015-02-19,-0.0007139385462920922,-0.002525271044490074,-0.0034381460295276334,-0.021485316728717896
2015-02-20,0.0060007157715082915,-0.0005623955687361626,-0.005692631086866906,0.009665955574044593
2015-02-23,-0.0001423705307027623,0.004596397283450182,0.0013011929863573357,0.00803688879196951
2015-02-24,0.0028408017338710234,0.006630069415143547,-0.0014727381832787545,-0.01969772029482142
2015-02-25,-0.0008498263320437793,0.0009275363279690474,0.0038174111040851777,0.0002389093298778011
2015-02-26,-0.0011808807401457733,-0.005931449099703112,0.0031979494930112207,-0.010881176771155965
2015-02-27,-0.003406481768318259,0.003543271744612664,0.0007754283408443197,0.007858043621143507
2015-03-02,0.006313550318916894,-0.007444597332106673,-0.004132260173905,0.005757104938715951
2015-03-03,-0.004104354954372447,-0.0021562542941820917,-0.0018153447779967191,-0.0019076155486493773
2015-03-04,-0.00421547758673424,0.0007518691280301582,-0.0031176981600916642,-0.009559573129101606
2015-03-05,0.0010944027167685277,0.000563454923978135,-0.0009556129768769628,0.0028955521815592355
2015-03-06,-0.014064472246823168,-0.010227047864466043,-0.02730434251868208,-0.03320099303805246
2015-03-09,0.004144616781806887,0.004644942479601344,0.000983377523255502,0.007963124396973331
2015-03-10,-0.016222073538644688,0.004246321430485089,-0.004912057209624399,-0.0007405560362814256
2015-03-11,-0.002341804218265131,0.0017846336016382747,-0.006013266738071565,0.0008651225156330877
2015-03-12,0.012714510099027576,0.0009373433733057546,-0.0002708693390236494,0.017402784454507936
2015-03-13,-0.006132626326755042,-0.0014982149205230444,0.001445050857576513,-0.000606670710646906
2015-03-16,0.013360304180484395,0.003472186376228148,-0.0006313103946443688,0.010318188248878313
2015-03-17,-0.002972508821417086,0.002056843471913261,-0.005414660114975933,-0.0003609852511219369
2015-03-18,0.012021835247552293,0.011479400714421883,0.019598980855210835,0.020914046601505643
2015-03-19,-0.004561478996210622,-0.004704978670677984,-0.0007119500676271429,-0.00047090889850509576
2015-03-20,0.00882674151930174,0.004078757111915854,0.011399045051747603,0.025088320921739404
2015-03-23,-0.0019485223150842446,0.0012922067179377272,0.006339713151693793,-0.0012638655527864584
2015-03-24,-0.005618798731892083,0.003042846591805315,0.002449897428068226,-0.008513851848580778
2015-03-25,-0.014654114170364219,-0.004320239839409767,0.001396558108890389,-0.01725221509852648
2015-03-26,-0.002381517296845659,-0.005632198548541245,0.00653708688272836,-0.005226502449143133
2015-03-27,0.002289752794896849,0.0038999580382514942,-0.0036370435238182175,0.001313418487352891
2015-03-30,0.012199798072431323,-9.248886810764301e-05,-0.01138534318086215,0.014309505610954565
2015-03-31,-0.008739339866266405,0.0025896528293944954,-0.0007911765968406925,-0.008817687215624037
2015-04-01,-0.0035361655404893,0.004758673602482499,0.017068403567705115,-0.0014226332958776622
2015-04-02,0.003597113274919961,-0.0028501083612673117,-0.0027681634865752702,0.007601748602249048
2015-04-06,0.006733340394487586,0.0012909100765456927,0.012231121417765056,0.010373431580529502
2015-04-07,-0.0026462789668236786,0.0008288724700318273,-0.004970450072155241,-0.017617715934933664
2015-04-08,0.003377396684633105,-0.0009202572713301604,-0.00551200918339656,0.0015438744422526796
2015-04-09,0.004423120001141756,-0.004053226282801581,-0.006928232816320268,-0.02075161534054848
2015-04-10,0.005457226149357952,-0.00027823402666693475,0.011336906536289382,-0.0007267663947195802
2015-04-13,-0.00452299076521312,0.0020359765171040767,-0.007157039081814864,-0.00266584589613883
2015-04-14,0.0019131210104368357,0.0029547055696199642,-0.006079528851422933,0.0035233959107598967
2015-04-15,0.004486990104860089,0.0005520335833182344,0.008650802539753588,-0.007506770808586194
2015-04-16,-0.0002851801970871204,0.0007360028580656319,-0.0034653168571547877,0.0025619861067216476
2015-04-17,-0.01150370870685724,0.0020236110088878156,0.004955226470251928,-0.004623519208071691
2015-04-20,0.009137078069532123,-0.0018361210025803487,-0.007612433088526105,0.001466654208372109
2015-04-21,-0.0011914910216029861,-0.0021136541402543285,0.005753103431764384,0.0017089591496195489
2015-04-22,0.0049140565661416336,-0.005804100443734694,-0.013433831333510171,0.0020719869614096442
2015-04-23,0.0025163063619626502,0.0030578959306841735,0.007291591124513719,0.0026750256783376614
2015-04-24,0.00232096411293381,0.0035099913182559117,-0.01404151891618688,0.0020621130837861212
2015-04-27,-0.004158183444565755,-0.00156449849060869,0.02016805588455428,-0.0013316013187258946
2015-04-28,0.003178981754903276,-0.0046100770502220945,0.008670770693864016,-0.0019390780756056714
2015-04-29,-0.004114706041354554,-0.003705289275695134,-0.007048909841977813,-0.02015769004544843
2015-04-30,-0.010020461535902192,-0.00027855304388657576,-0.017660816187341055,-0.016234895826864437
2015-05-01,0.010841619806239988,-0.005467896604469558,-0.0034370263986326366,0.007558356513028608
2015-05-04,0.0028470892338188225,-0.0020598609679430835,0.009020132884241638,0.0010000950350705917
2015-05-05,-0.011451731963114331,-0.001689173527881449,0.0028045547686559313,-0.02173367146796734
2015-05-06,-0.0041167263032740875,-0.004887843812633297,-0.0005243625201353241,-0.0019152409892096989
2015-05-07,0.003989648536954604,0.0042504367050029135,-0.00821967852736405,0.01535125217660216
2015-05-08,0.013165952613515719,0.003856904762834068,0.004849259924502469,0.013985029400151339
2015-05-11,-0.004772798117365307,-0.00983869199840326,-0.0038606864674344266,-0.015034854504965223
2015-05-12,-0.002991176685314012,0.000757222527589807,0.00854400802548061,0.0030278439635236243
2015-05-13,0.00019043976571953003,-0.001324393676020219,0.01790395678391099,-0.009558697182839304
2015-05-14,0.010427598518451875,0.003409017558203775,0.005405381698172951,0.01930181867469538
2015-05-15,0.001083890858897485,0.007171991205320971,0.002986844796122101,0.01021504798102435
2015-05-18,0.0031065204298239557,-0.00674667068038215,-8.510283616403047e-05,-0.0025895660634173145
2015-05-19,-0.00032832536931626244,-0.004432867844154642,-0.013869956602948319,-0.003461868390778333
2015-05-20,-0.0007039461573791206,0.0021794505391945496,0.0016395067944336983,-0.0008686608989639799
2015-05-21,0.0029126868592286304,0.005955935437185422,-0.003359746584222556,-0.004718552299574519
2015-05-22,-0.0023889587533512113,-0.0022558037222339955,-0.0007779753253159827,-0.001247523990281052
2015-05-26,-0.01075195101679316,0.006217532195591291,-0.014619332476808355,-0.0076202162476474156
2015-05-27,0.009492075936607502,-0.0005618721079193589,-0.00017561471177085508,0.009818672569761322
2015-05-28,-0.0011282868277258107,0.00093642472872002,0.0011414281685366845,-0.001994582424239111
2015-05-29,-0.006213064399919421,0.0005613846674863421,0.0007016473724792416,-0.011491148096786086
2015-06-01,0.0020367882767056145,-0.0044124176402454696,-0.0008764108278561666,0.0122565282685283
2015-06-02,-0.0009923603589158114,-0.0069622225132404125,0.004035079688356591,-0.009237206080333515
2015-06-03,0.0026491846589258294,-0.008527098527499444,-0.007164072177032299,-0.014363071009221295
2015-06-04,-0.008446100982778648,0.004873407173178856,-0.007039801619628361,-0.0019174441733266212
2015-06-05,-0.0017136111844211488,-0.007227847362663131,-0.005317250031845466,-0.01114271151349866
2015-06-08,-0.00614983059028551,0.0014372331645757797,0.002940144666210953,-0.0018132103268462263
2015-06-09,-0.0001437027593759188,-0.0032526756824183822,0.002220840372015198,-0.007266172792311898
2015-06-10,0.011993166018053891,-0.003838852994044073,0.008509121495031247,0.007058170727434643
2015-06-11,0.0032237261208425405,0.007899728404963557,-0.004570193783136389,0.006099783583364271
2015-06-12,-0.007654897997852572,-0.0005729695104226273,-0.0002648664906503839,-0.0009031742951159938
2015-06-15,-0.004285555639929717,0.0023903611220754684,0.004415790737229308,-0.005422619381228233
2015-06-16,0.005451481444843642,0.003817170349191157,-0.003605061549348698,0.008048918160880492
2015-06-17,0.0016174050141748442,0.0005701310401333703,0.004677010066397758,0.008499819193312108
2015-06-18,0.010399285971609551,-0.0007603974868933827,0.012911736850284239,0.013791323898942887
2015-06-19,-0.004439274220471301,0.005324207246199419,-0.0017342780850801987,-0.00768364142550404
2015-06-22,0.0051232952012634225,-0.008415858946681953,-0.01285617895780966,-0.010282186915064218
2015-06-23,0.0007075112480088297,-0.003051976541434409,-0.006599788842205134,-0.008336480238993915
2015-06-24,-0.007262372995864741,0.0029646036570520895,-0.0026574812063053788,-0.005431736159028144
2015-06-25,-0.0030408329971868264,-0.0024793350331997477,-0.0013322133525454083,-0.010142983271382744
2015-06-26,-0.0001903257516600032,-0.004780201731397815,0.001067192410014739,0.0071922024539716745
2015-06-29,-0.020970248004849923,0.011624059078748195,0.0045309359212182265,-0.01554642749513957
2015-06-30,0.0020934615031820147,-0.0027543572014314677,-0.006190828249150737,-0.00040194745742838656
2015-07-01,0.008015434955285894,-0.005226155992058001,-0.0034706717105629226,0.016468067457339863
2015-07-02,-0.0009157658953289349,0.003547670751602894,-0.0019646473844252554,0.0025026758714334907
2015-07-06,-0.0028459280051104097,0.00706941170348907,0.002684282539629823,0.006306484729225792
2015-07-07,0.006288815844652795,0.002656420575351204,-0.011600887477117294,0.0156685761179014
2015-07-08,-0.01677747102179028,0.003974027457747109,0.002979362543296782,-0.0038571565882489223
2015-07-09,0.0018089701993553309,-0.0069741247885499735,0.0024305003273175085,-0.004774901205815474
2015-07-10,0.012591931640064447,-0.006927579057131039,0.0011673603870820948,0.008298885747371587
2015-07-13,0.011037026694177277,-0.002675684505284992,-0.00448470723455352,0.0014147296057112069
2015-07-14,0.004337823342590363,0.0031620939808003623,-0.002252455219495131,0.0020547767515108895
2015-07-15,-0.0003320566612499132,0.003820728229125825,-0.005237440968471563,0.0016658193823768652
2015-07-16,0.008024362743394242,-0.00038077790404766887,-0.0036310957932229604,0.008060756194853802
2015-07-17,0.0008477022421029545,9.525417630018573e-05,-0.010112979124889843,-0.0035535486672314542
2015-07-20,0.0005174815598083526,-0.0019993972184867426,-0.027151445340146352,0.0011459564705544878
2015-07-21,-0.003950865282562055,0.002766514429469291,-0.003121988752958438,-0.0027989921529518735
2015-07-22,-0.0017945980622812163,0.001236682038856074,-0.005409506310776968,0.004337503229374207
2015-07-23,-0.005630093108938583,0.004084280539317753,-0.004484744341763047,-0.012448828392457978
2015-07-24,-0.010372102901526348,0.0009462182762969285,0.009776637833459612,0.004244895561714923
2015-07-27,-0.005817105879565632,0.0033079351065703477,-0.00465114258060384,0.0017935054844429033
2015-07-28,0.012282892292857728,-0.002826249971469408,0.0015258061394580746,0.0006392544573574632
2015-07-29,0.006878976380968682,-0.0014169905814648276,0.0014283139466164663,0.006516229936013751
2015-07-30,0.00023738048932586686,0.0011356482867066475,-0.008557588110186587,-0.004950815084689197
2015-07-31,-0.0015178476552991649,0.00585840937926263,0.006329756242044127,0.007909945984427624
2015-08-03,-0.003372824882255765,0.003049041997333468,-0.007910052688847147,0.006202654964805987
2015-08-04,-0.0019547902286725094,-0.00515946034978243,0.0020172823011603835,-0.007296699357098868
2015-08-05,0.0032961439339551646,-0.0038663430001489862,-0.0036429610038530846,-0.006589577197578578
2015-08-06,-0.008188396259512953,0.0035020206829690093,0.004426047177157111,0.0014032834621919843
2015-08-07,-0.0019196046771464692,0.003962700027346333,0.002490680503407061,0.003694512737975497
2015-08-10,0.012599229675534618,-0.0041342530417873835,0.010224554985406531,-0.003173047010388008
2015-08-11,-0.009023187008924904,0.006604040544615275,0.005107840610028225,0.006620617607737911
2015-08-12,0.0011983194512683593,-0.000374489719736415,0.014022189288677822,0.0031621358947329092
2015-08-13,-0.0012448343764328573,-0.002625452877712653,-0.00825985512434746,0.0011348499230874332
2015-08-14,0.003642436455420839,-0.001033845855736959,-9.360037594363657e-05,0.005415872674149336
2015-08-17,0.005586848154688573,0.00178757342182978,0.0026204846354274114,0.008517959244577433
2015-08-18,-0.0028967395845139743,-0.0015971324225918515,-0.00018665773900006233,0.002732515073449404
2015-08-19,-0.00790540495671932,0.006115988943846462,0.013444145581183786,-0.005946095936221196
2015-08-20,-0.020881420621802094,0.0027119222037261803,0.017411325071518213,-0.007351677796465839
2015-08-21,-0.03010247941556088,0.004010886219489418,0.006247689213677798,-0.018579012837258713
2015-08-24,-0.0421070984734665,0.001671225273493615,-0.005399068558895714,-0.04681483545051257
2015-08-25,-0.011767449840132893,-0.005470503320777698,-0.01239478089494117,-0.0275094901657581
2015-08-26,0.03839391165015105,-0.0061550427417985665,-0.013649738394807875,0.027045708281207004
2015-08-27,0.024734965996073388,-0.0005628218002842189,0.0005573064828525709,0.019347133419111096
2015-08-28,5.027121134371093e-05,0.00018777446090090244,0.009003931691107248,-0.0014501290093313912
2015-08-31,-0.00807954015754353,-0.0016893759729625923,0.001103981140304633,-0.022835069012321685
2015-09-01,-0.02984747550463729,0.004491823361494118,0.0034919799162251852,-0.019046541041770282
2015-09-02,0.018981175727492694,-0.0027191416267613455,-0.005311302361437398,0.010327916938814186
2015-09-03,0.000716478729097636,0.0024449658862144563,-0.00718105679403469,0.0027257785037975157
2015-09-04,-0.015136985331005381,0.003093613930497119,-0.0032455349221680585,-0.018621976047223154
2015-09-08,0.02513157097516272,-0.004393755378610087,0.000279084378947525,0.01509743627441007
2015-09-09,-0.01337233042667263,0.00037567513200253977,-0.012927822107945297,-0.011461238136984075
2015-09-10,0.005441981443744748,-0.0022520062964389576,0.0023556016816155267,0.0022082468880737505
2015-09-11,0.004544116630359474,0.0026337480335789643,-0.002067997715628156,0.01914343882065106
2015-09-14,-0.0037105566263916367,0.0009381600180040639,0.0005651616100608159,0.0005404983229770899
2015-09-15,0.012499765992099787,-0.007873930960220377,-0.0030126124190049675,0.00985957298997353
2015-09-16,0.008666591475962715,-0.00028367554827168906,0.013314409937664529,0.010699042477864573
2015-09-17,-0.00224807129450888,0.008317169848034656,0.010250732723341871,0.011380242541765284
2015-09-18,-0.01634157799289704,0.004686699373928738,0.007379350570420495,-0.0017006141745373737
2015-09-21,0.005167692494607579,-0.005691177699061578,-0.0062265388780913256,0.008518730946438513
2015-09-22,-0.012980139169077143,0.004972413913178375,-0.00681837162160448,-0.012605695371151637
2015-09-23,-0.001598285373006214,-0.0011203318132801954,0.003989241131120869,0.006274562060897715
2015-09-24,-0.0036156635700989037,0.0014962770644448842,0.020975758801157207,-0.009379148522154823
2015-09-25,-0.0002592596868029595,-0.0026134960746704294,-0.006154405994415857,0.004000323226558633
2015-09-28,-0.025097072501938822,0.005707760774193105,-0.012658222571280353,-0.015539672931974224
2015-09-29,0.000584720779081449,0.0034419610856240013,-0.004058244045771819,0.010658105585304112
2015-09-30,0.018658507028364024,0.00018616911839419714,-0.010372316278596583,0.008410497630721103
2015-10-01,0.0026092075863040076,0.0007795802936301222,-0.001216519302596475,0.004897858782922704
2015-10-02,0.01493829732518348,0.004824084881775326,0.021174875253005654,0.007245340783049725
2015-10-05,0.017794261173631032,-0.005539319757051908,-0.002018545050144094,0.016871541819971192
2015-10-06,-0.0034260584234282465,0.002042397403206442,0.010021182319808863,-0.0023147781685509683
2015-10-07,0.008190585380879689,-0.0025020146186103265,-0.0014564323795780432,0.011473342929862795
2015-10-08,0.009026726502516347,-0.002600532399342881,-0.005104809244962594,0.008411894885480331
2015-10-09,0.0005962531030470064,0.0005584555622475396,0.015851231139897504,-0.0016429900189497415
2015-10-12,0.0009435728392812592,0.00335105305514638,0.00396856499604703,0.007089286927667748
2015-10-13,-0.006301975858140296,0.0009276785410610167,0.00494118285707712,-0.007793466806538363
2015-10-14,-0.00479398689884214,0.005468330573289215,0.017432477539802038,-0.007475240725168475
2015-10-15,0.015354281958718685,-0.0034107870364430415,-0.004568989141737645,0.013658447929258744
2015-10-16,0.004546604203965021,-0.0008324486884829785,-0.0070615504042084165,0.007555699164670804
2015-10-19,0.0004922463124403809,-0.00046244339809875523,-0.004178160099818973,0.01399833867496203
2015-10-20,-0.0012784747836218635,-0.003426987249958713,0.006338214025568112,-0.0003698085121311978
2015-10-21,-0.006203844773398304,0.003438771877337876,-0.008870752862782494,-0.003698869470448396
2015-10-22,0.0168940822515653,0.0010181911677296096,-0.0003580140904458906,0.008787145427183507
2015-10-23,0.010961491879763807,-0.005643195089066189,-0.0017011588974217284,-0.00969238020342067
2015-10-26,-0.0024573836824023365,0.00260479540298042,-0.0006277999535804213,-0.00024764464503646
2015-10-27,-0.0019325347251368807,0.0025057806988839637,0.0022435609738429285,-0.00037170564051758337
2015-10-28,0.011374532020831607,-0.005183522241521965,-0.008058752895948817,0.0008675134055249334
2015-10-29,-0.0005741665914709149,-0.006141422942683494,-0.009568492239339532,-0.0013624411568194938
2015-10-30,-0.004309815891937019,0.0019662642905919903,-0.0038279088978543374,-0.009177704158212063
2015-11-02,0.011830831668570685,-0.002873028605797967,-0.00649594413580179,0.02127945148291288
2015-11-03,0.002899592783455418,-0.002627662767323957,-0.014826347133739204,-0.010050529710465939
2015-11-04,-0.0030333348500295454,-0.0010348414108991566,-0.009441036684777915,-0.004456969615267425
2015-11-05,-0.0009981650561016187,-0.0006600893771527838,-0.0031141061362016664,0.003979797951549902
2015-11-06,-0.0005236396053238668,-0.006787108212676807,-0.014577820185771806,-0.03109130818661643
2015-11-09,-0.009331560014824936,-0.001707977152531015,0.0028818737382825255,-0.017131194303910635
2015-11-10,0.0023067953623046034,0.0019012887577647408,-0.0021072913552456773,0.01144623337677153
2015-11-11,-0.003931727648877503,-0.00047442017968712946,-0.0033595553186392957,0.001157658701484765
2015-11-12,-0.013959808649098071,0.0005699832898442558,0.00019259022164841433,-0.0068083171430533
2015-11-13,-0.011228117823151251,0.0037949998017245967,-0.0027924980239610875,-0.01138079406335235
2015-11-16,0.0152070325721827,0.0013237463798894122,0.001448450457852024,0.01151180757465653
2015-11-17,-0.0007293979045321919,-0.0002835621279633216,-0.013209938855231806,0.0
2015-11-18,0.0158658797241491,-0.00047199822254362367,0.0008794603332600293,0.00879491441884106
2015-11-19,-0.0008624635958252025,0.0021722910786825533,0.011031897393842582,0.0030768824586291377
2015-11-20,0.0036440631536089896,-0.0013194822602941025,-0.004538443721352925,0.0125254983764993
2015-11-23,-0.0011460966744709644,0.0013212255940271422,-0.008051161423458963,0.0021461062886591886
2015-11-24,0.001338865261055977,0.0009423950637468259,0.0066497192545516,-0.005290417654155388
2015-11-25,-0.0001430712203478457,0.0005653286944364844,-0.004662942933256753,0.004052293067182022
2015-11-27,0.0011464774984606407,0.0010353129417157714,-0.011809477798990442,0.0087022283302014
2015-11-30,-0.004151439394724621,0.0003759458350860445,0.006617265866126543,-0.007376881612747854
2015-12-01,0.009535358553323547,0.0053185773851951446,0.003532188155604299,0.013855266546484613
2015-12-02,-0.010205256509342453,-0.0028086101305612177,-0.015545525585325515,-0.020374963497059584
2015-12-03,-0.014002419105736186,-0.010516802905865208,0.010626672647533919,-0.015725905438480958
2015-12-04,0.019502868510143934,0.0037010794312652973,0.022209065049059173,0.01906927586801377
2015-12-07,-0.006058545330901666,0.0032145255269215856,-0.012978259158702654,-0.0027812811072210897
2015-12-08,-0.00671965238797112,0.0005650614622925154,0.0016557725915762322,-0.0008876122345529147
2015-12-09,-0.007779459390809262,0.001507268330675826,-0.00194473896697811,-0.005583858050525747
2015-12-10,0.002581129400111015,-0.002163012242485718,-0.0008768154562138752,-0.007146284085579047
2015-12-11,-0.019381244263753206,0.008011365300682582,0.005460726883753653,-0.0017994873081303986
2015-12-14,0.005052733372704399,-0.007386338973835338,-0.012801859053540698,0.004635148459776417
2015-12-15,0.010497521057562187,-0.0025441099504757148,-0.002652561843328849,0.01089504605078373
2015-12-16,0.014632076245185033,-0.0026438178779127908,0.012115872710852793,0.01952559339466431
2015-12-17,-0.015238263361951665,0.004166363981708443,-0.021897810218978075,-0.004974489861626963
2015-12-18,-0.017814530977212306,0.0035829590159952573,0.0153233921943019,-0.011623284377916154
2015-12-21,0.00824855667720259,0.00047006574676178303,0.010878092908588544,0.003920041187184697
2015-12-22,0.009074388119839183,-0.0028179679185614814,-0.005235103320787249,0.004030407509374223
2015-12-23,0.012383133260381651,-0.0022594932450374916,-0.0029237213719258692,0.01027829885976339
2015-12-24,-0.001650264422772052,0.001833699498193564,0.007232973422174549,0.0
2015-12-28,-0.0022849720610955693,0.00018886320373878718,-0.0075692031595538944,0.0055404491514470244
2015-12-29,0.01067197387351837,-0.0052838567735274955,-0.000684459735229348,0.010643628807720518
2015-12-30,-0.007087640083379698,0.00037975371264087343,-0.007632082217105096,-0.0034690056772843647
2015-12-31,-0.010003623920412208,0.0011372558235325236,0.0003944085609299819,-0.008703502102733185
2016-01-04,-0.013979200875752551,0.004261343420604469,0.014094227459880093,-0.012040710606370353
2016-01-05,0.0016911305635654017,-0.0002824178464521099,0.0028185529910356166,0.01929671309951675
2016-01-06,-0.012613948006413911,0.006037661932169591,0.014440762350867997,-0.002740279454860328
2016-01-07,-0.023991832614221442,0.0021563855289403744,0.014139709399294764,-0.01948262992289096
2016-01-08,-0.01097651548182188,0.002526347196485812,-0.004427708091822691,-0.01337460291359982
2016-01-11,0.0009900315208564159,-0.003173676868896247,-0.008894799760520211,0.005680491954683342
2016-01-12,0.008068256699880427,0.004494330697007776,-0.005060137388834152,-0.006675464097700923
2016-01-13,-0.02494083622753851,0.003914330389202858,0.004893984653210337,-0.01434428161423873
2016-01-14,0.016416906974511924,-0.002042213722712294,-0.016233809757639994,-0.002359941190091086
2016-01-15,-0.02146598739458061,0.004651635698126544,0.010289314914859515,-0.006834178254531809
2016-01-19,0.0013311856343631856,-0.001296409414894395,-0.000960784707550344,0.005293235108065231
2016-01-20,-0.012815033177027146,0.004914419735924547,0.013367949074563512,-0.026852743340070817
2016-01-21,0.005601904166566474,-0.0024914715807744514,0.001138797703897687,0.005545961084805651
2016-01-22,0.0205152083797413,-0.002219962294488731,-0.004644969889963546,0.02784488529501572
2016-01-25,-0.015116643068885494,0.003337487930169525,0.010285731724330338,-0.006281671196601724
2016-01-26,0.01364331001768404,0.0007390466559604736,0.011406476843766722,0.02093996045592217
2016-01-27,-0.010883226513918931,0.0007384107753196645,0.0037282274439893737,-0.01934986693620966
2016-01-28,0.005208823597490975,0.0012919855930686452,-0.010678814187088714,-0.007629374157627322
2016-01-29,0.024377677363198735,0.005343794225170617,0.0038482826092700595,0.020546202982594464
2016-02-01,-0.00036116211027326095,-0.0023038066290604897,0.01028523735300313,0.0016884581672247378
2016-02-02,-0.018022466477837562,0.007083980310035987,0.00037013683482878257,-0.009076908302596776
2016-02-03,0.005994977310112892,-0.001096329508033178,0.010731831819877025,0.006673770549768809
2016-02-04,0.0015682041719504713,0.002377646081370477,0.012082377069329242,0.0005199658464218881
2016-02-05,-0.019050258887380878,0.0012769879831564523,0.015827077912906162,-0.018968283629762328
2016-02-08,-0.013460554704253114,0.0074720166712063385,0.013443751249405,-0.028605632598838526
2016-02-09,5.3722383856813494e-05,0.00018083034438931556,-0.002196257541759894,-0.01840499730391354
2016-02-10,-0.0008630345567059994,0.0029839542085015047,0.007747818623272451,0.006944694935088647
2016-02-11,-0.013007724171728463,0.004598029511299284,0.0401886992042193,-0.014207118894432158
2016-02-12,0.02061665915203159,-0.007628161596878069,-0.005879363032051943,0.011473135171515159
2016-02-16,0.016878171638834427,-0.0029847526747386333,-0.030331226332987904,0.018398692069090616
2016-02-17,0.016335108307321988,-0.00244865002546224,0.00618634429410414,0.008557068208259633
2016-02-18,-0.004096101041987987,0.004636974953708295,0.02433319602449635,0.010101060120054184
2016-02-19,-0.0004686019679204234,0.0,-0.006002190201855551,0.0057333562525441195
2016-02-22,0.01447932209200875,-0.0009952874207699303,-0.01777516528948675,0.009545041802402565
2016-02-23,-0.012629823363002779,0.001993264214675161,0.014979681261872324,-0.002626306504714626
2016-02-24,0.004575977040393919,0.0,0.003327072049028157,-0.0011849038637240517
2016-02-25,0.012111677811808219,0.002983331823885882,0.0026358095143692584,0.020432450596978402
2016-02-26,-0.002301392610694286,-0.00486763033731108,-0.006869043174790868,-0.005167039722385969
2016-02-29,-0.007842337779668473,0.0016306565550778807,0.013064629590324062,-0.0038959948454553306
2016-03-01,0.0235068447385125,-0.007816241825512327,-0.0073331317520045625,0.02815815383168685
2016-03-02,0.004492152654059112,-0.001734618934951082,0.007726956678680841,0.007227073224406633
2016-03-03,0.003919620294021264,0.0011887616690779979,0.017273365743903035,0.005287064163048472
2016-03-04,0.0032537638844196692,-0.0033795180358858756,-0.0015737798071993048,0.0001251856317296962
2016-03-07,0.000798355382480409,-0.002015736584263683,0.004977588099916774,0.0026291537721390146
2016-03-08,-0.010917862038385628,0.005785303328144309,-0.0046227304062674834,-0.010239645843021727
2016-03-09,0.004939651077526808,-0.003926390766625598,-0.00829324916913754,0.005551263980049681
2016-03-10,0.000802104655637903,-0.0035740709823428585,0.016056181130168712,-0.0036386970314423728
2016-03-11,0.016137352402680438,-0.0028519697557307655,-0.01720161594971703,0.022415566714053092
2016-03-14,-0.0012821621075995715,0.0007383694028193499,-0.012896749587957723,0.0001228473853058798
2016-03-15,-0.0016299381768598575,-0.00018441130681690066,0.000763521980092996,0.000492694784601122
2016-03-16,0.005787286439895345,0.0052548077117162695,0.02229567034444102,0.012063030427724275
2016-03-17,0.006344072579252735,0.0011004407653021353,-0.003814570847019083,0.014108691953387709
2016-03-18,0.003930063089558233,0.0017413332922082692,-0.002746975852867317,-0.004317826706956462
2016-03-21,0.0014184448527454485,-0.002835626647682443,-0.007011719080860512,-0.009024944518956524
2016-03-22,-0.0005372930502308693,-0.0021093194330289444,0.0029421526295789757,0.0
2016-03-23,-0.006599497168561785,0.004595830716747518,-0.02263009809313088,-0.005408623322201711
2016-03-24,-0.00044308475106236145,-0.0010063860334805774,-0.0024011557999427113,0.00037074273506854105
2016-03-28,0.0005908934337155447,0.0014653413009262373,0.0023209545157449885,0.009018229533181321
2016-03-29,0.009250205678055456,0.0067667977380772015,0.01852490300494103,0.021669792567072133
2016-03-30,0.004387653180208062,-0.0013621518180598757,-0.013977800877817192,-0.0019173705486129622
2016-03-31,-0.0024271215167682714,0.0036380970098430776,0.004611451089358232,0.006123355041711465
2016-04-01,0.0068122290226426685,-0.00029029608613506674,-0.006035354370591106,-0.0013129232753616993
2016-04-04,-0.0032379923976052494,0.0011805744344948188,-0.006670647201412416,-0.0014337491021827464
2016-04-05,-0.00998779084269441,0.0039896960750955834,0.013000448699038714,-0.006581510402008939
2016-04-06,0.0109211401862368,-0.002167342575443265,-0.006119337058417829,0.002409005838773348
2016-04-07,-0.011965876094902184,0.005159784374465737,0.01428081181871077,-0.0062486263792470575
2016-04-08,0.002696922184355577,-0.0015309512799996927,-0.0015175811841288134,0.005562809732212681
2016-04-11,-0.0023474464348102186,-0.0001803365353145736,0.013510077429689682,-0.0020444013406142325
2016-04-12,0.009312784853222844,-0.003969872231569305,0.0001666606070513943,0.00722955899655342
2016-04-13,0.01010092598176926,0.0007245278184278003,-0.010662277185778612,-0.004426395229700897
2016-04-14,4.799182837156302e-05,-0.0023527028385166293,-0.01397656040779005,-0.005527425636532968
2016-04-15,-0.001105494687828612,0.002993358081881725,0.006916553277877435,0.007491783599893109
2016-04-18,0.007026821951818585,-0.0009949839557409357,-0.0015264612277036127,0.004797208172143463
2016-04-19,0.003154210001611535,-0.001629201425661253,0.015627688132066497,0.00047754070669414617
2016-04-20,0.0009530399497628128,-0.00507883623233274,-0.005101192515562847,-0.01694081624615129
2016-04-21,-0.005378749762869006,-0.0016405445268898866,0.0037824404776409803,-0.01783981596617934
2016-04-22,0.0,-0.0010956118227443135,-0.012811914275298819,0.010873153460541296
2016-04-25,-0.0017230548837942061,-0.001096902301017444,0.0028840781155776707,0.008312057764289893
2016-04-26,0.0014865118025784163,-0.0021045639836787533,0.003975248058563308,0.0038792292197391554
2016-04-27,0.0020579303327767917,0.005501757309085642,0.002864397439145794,-0.0006039180165785529
2016-04-28,-0.009075598689450959,0.003464999658470136,0.018901209532051544,-0.0020542133515638605
2016-04-29,-0.005398819577619007,-0.00036330542782725406,0.01945750344247421,-0.00920184155630388
2016-05-02,0.007948710276789228,-0.0029042318870583506,-0.0033158403319838436,0.015519838376953476
2016-05-03,-0.00870330691291088,0.005935218024440303,-0.002271979748055375,0.0015649157718742313
2016-05-04,-0.005578298528325254,0.0018154255432496491,-0.006099544612754526,0.014297105608438887
2016-05-05,-0.0001953834044911007,0.002717895985324237,-0.0011455641166617792,0.0028431811304712173
2016-05-06,0.0036591128899161607,-0.0023495576171502774,0.009093148301192455,0.010985230745611307
2016-05-09,0.0008264827573620792,0.0019026823031917939,-0.020539038586043668,0.010982727171578555
2016-05-10,0.012433733891897836,-0.00018100569711920755,0.0027351995597273415,-0.00011639137383179232
2016-05-11,-0.00935448405244188,0.0015367218635173874,0.009423039824896007,-0.021382016606879883
2016-05-12,0.00029047962005290806,-0.0027079947719524933,-0.0078611125358784,0.005787361926272272
2016-05-13,-0.008714304890036106,0.0038014519616305087,0.0045394140453900444,-0.008924277526535795
2016-05-16,0.009864937082716407,-0.003607015444265449,0.0007394952589121484,0.009478396535978373
2016-05-17,-0.009333222874104319,-0.0013572969395012624,0.0034482607423813594,-0.018544415716167717
2016-05-18,0.00029290748837729197,-0.008066139796678251,-0.01734579222228738,-0.01566613874709266
2016-05-19,-0.003464880818300986,0.001004844294337781,-0.0019150352244893254,-0.011177489467681267
2016-05-20,0.006317291334155817,0.0006392069477429985,-0.0013348098643798378,0.007986350242973783
2016-05-23,-0.0013623808257174908,0.0006383561806266869,-0.002840166573309433,0.00012177655318046376
2016-05-24,0.012962165908017909,-0.0016408570305483927,-0.017341037506874768,0.012431724451316128
2016-05-25,0.00678297501926961,-0.0004566165554724666,-0.002728045068191687,0.0
2016-05-26,0.000286448526467753,0.0031063223980352106,-0.003419400875365075,0.0019264889662164997
2016-05-27,0.004299377762938761,-0.001912547402888043,-0.008234680643287917,0.005406306509279535
2016-05-31,-0.0019027401914348818,0.0011858051415101212,0.003805525009163979,-0.00011932092735944533
2016-06-01,0.002049252601738827,-0.0003377181884938185,-0.0010339059082515867,0.0008363118839063155
2016-06-02,0.0030438986902059373,0.0031043425951851056,-0.0023288275554194104,0.005134981419946616
2016-06-03,-0.0029869038912598844,0.009283589279530213,0.027751354156539287,0.004039602808961096
2016-06-06,0.005088459148710589,-0.0026147411722458047,0.0003364814640942626,-0.007691570114551238
2016-06-07,0.0015612746492212892,0.001446506497630784,-0.0008408886281601191,0.006081803728862578
2016-06-08,0.003259495327826434,0.0011733921501577704,0.014812339174809175,0.006400211023631419
2016-06-09,-0.0013655042101984316,0.0015327853322217866,0.005556461757929343,0.0022378592245639872
2016-06-10,-0.009477292187640929,0.0035120651522231316,0.004041219495006354,-0.0047003845639712605
2016-06-13,-0.007712069450128922,0.0019738212719178083,0.007392817000752894,0.00023617682462107048
2016-06-14,-0.0019668810927591096,-0.00026829602358924287,0.0010599906561068462,-0.002596786641733795
2016-06-15,-0.0013938381490481433,0.0030454087723112977,0.007412264290884263,0.009467041846708657
2016-06-16,0.0029842000315059014,0.001071250900818832,-0.010511020767707824,0.005627563450148587
2016-06-17,-0.0037240676229969294,-0.003389874152974315,0.01282889140431287,-0.0016322210761664513
2016-06-20,0.006440177581392703,-0.00429610478926945,-0.005970132166106756,0.0014013724338302058
2016-06-21,0.002838427117575648,-0.0022474900125584174,-0.019235474102691663,0.003812073472796662
2016-06-22,-0.0016310536346296756,0.00198261284232526,0.0004965672774475127,-0.0015238926318752455
2016-06-23,0.01302263000171977,-0.004765945037592645,-0.0065343333792947655,0.005047465527305173
2016-06-24,-0.03590951989143387,0.01382342480101717,0.049038376152841456,-0.008876356535001406
2016-06-27,-0.017909636717869826,0.008644551219520569,0.005396827818855421,0.0007072307400282085
2016-06-28,0.018036150393771377,-0.00017681999425034345,-0.010735716822507735,0.021078391089208948
2016-06-29,0.01702746321702775,-0.004064925472086256,0.004149350816571085,0.012109312999901256
2016-06-30,0.013645694219349247,0.0022182024274739476,0.00500639622652943,0.010368974472419579
2016-07-01,0.0021004471872807517,0.002642092666374829,0.015339625386899147,0.0003385502411654695
2016-07-05,-0.007193294368336711,0.005481871845828046,0.008254789567508913,0.011048492774708096
2016-07-06,0.005997647677189022,0.00017609000564178245,0.005870043250717272,-0.004349288954274333
2016-07-07,-0.0006200345417226583,-0.0013187414724078472,-0.003762499043616141,-0.010303029953598997
2016-07-08,0.014890404174112692,0.001936736565247399,0.0060120143847071095,0.01618200694429106
2016-07-11,0.0035269557292529896,-0.005271976456944216,-0.009423926954219786,0.006681532210064622
2016-07-12,0.007263732618432606,-0.005918837936926158,-0.016551874633622066,-0.00011073260246863281
2016-07-13,-0.00013976911779201018,0.0025769835032309896,0.00920177573180525,0.0055317376749033365
2016-07-14,0.0055834413360151824,-0.004166385158018038,-0.007715129649756625,-0.008911922967997699
2016-07-15,-0.0013416823917792309,-0.00382702896677789,-0.003848311365095336,0.00033344141127700233
2016-07-18,0.002687302657191415,-0.00026784084497688543,0.001576825791636871,0.002663087275588394
2016-07-19,-0.0010166756548252165,0.0026812873118440272,0.0013381467862105811,0.004869675697464881
2016-07-20,0.0041630433094226316,-0.002050400837369848,-0.014307049036417885,0.00011031996317534265
2016-07-21,-0.0037774300025634755,0.0022330239936467766,0.015232503958900745,0.001982264447029314
2016-07-22,0.004485254053684162,-0.0008021354647752554,-0.007462722347700734,0.008793459208483068
2016-07-25,-0.002715904487123888,-0.0008024343066763695,-0.006964758718206121,-0.0018524043456775718
2016-07-26,0.0004617716714394593,0.0006246071921005569,0.0042241075487405855,-0.004912155953177733
2016-07-27,-0.0010611455284704752,0.004282196268105665,0.016111101422991103,-0.0077885630156454555
2016-07-28,0.001154665934377519,0.0005327129118182228,-0.002889909558035031,0.009286721576122536
2016-07-29,0.0016146016320481849,0.0038176896880213196,0.010339903082906332,0.012707162865025712
2016-08-01,-0.0008292406840069155,-0.003471582089271341,0.0018607962561190128,0.0021632543988534536
2016-08-02,-0.006407239801025644,-0.002399941967349717,0.00812570067976126,-0.015974071051601202
2016-08-03,0.0029227327826446547,0.0005348233693114324,-0.004759425467430023,-0.0058136138825535255
2016-08-04,0.0010640266776715812,0.0024039135540645518,0.0016968857004249216,-0.004082093472014159
2016-08-05,0.008178878488588559,-0.006218197717957841,-0.01786395743940894,0.0006649723622049741
2016-08-08,-0.0005959041466779835,-0.0005358151781261755,-0.000862411663815732,0.0017711947002714279
2016-08-09,0.0005962594601627291,0.0035769244790104793,0.004080325118523742,0.0054148118175898485
2016-08-10,-0.002475059888778275,0.002673712786160687,0.004688953410549868,-0.0010993238639539493
2016-08-11,0.004640937514594157,-0.00479928300488941,-0.006922832969429749,-0.011333640404372014
2016-08-12,-0.0008693488220056222,0.003571727404549918,-0.002114801025602908,0.004229714381754679
2016-08-15,0.002883883077912097,-0.0029365359602741004,0.0034536484045673,-0.0009977736316050256
2016-08-16,-0.005157423461989996,-0.0016952656355819773,0.0049280733796905896,-0.011981117348356829
2016-08-17,0.001880887402495146,0.0016091138328437893,0.0002335080486637331,0.004042113668213387
2016-08-18,0.002243962571293112,0.0017849936213893969,0.004747086461879935,-0.0036903860166802582
2016-08-19,-0.0014621572053662435,-0.003385479307636885,-0.008829675348611454,-0.006398275781147045
2016-08-22,-4.585176305782479e-05,0.0022347459955007754,-0.00148474204574367,0.005422687144805982
2016-08-23,0.002013296963603084,-8.900441368842049e-05,-0.00015649274735829444,0.0005620510099371145
2016-08-24,-0.005114406794256121,-0.0003573418762197189,-0.011114635054762179,-0.004379929355605161
2016-08-25,-0.0006886358029123407,-0.0016062427797085554,-0.0008706109240564919,0.00451184527129489
2016-08-26,-0.0018833813128682486,-0.003843260850645902,-0.0014259708499476664,-0.009881129076274808
2016-08-29,0.004924361851546877,0.004127723062154365,0.0019833398964483884,0.009866479256385619
2016-08-30,-0.001648734377608485,-8.924977793289823e-05,-0.010055457179525829,-0.0019095145624332677
2016-08-31,-0.0028442494972231724,-0.0011619044840276427,-0.001999520134694288,0.0010131866796618816
2016-09-01,4.601383851743357e-05,0.0015675437381259538,0.0040872106204499214,-0.0024732145044245035
2016-09-02,0.004508157415598513,-0.0025938150368272073,0.010216288370529014,0.008676294662218753
2016-09-06,0.0030223224399956727,0.004663446735704069,0.016907695537669243,0.007707414603007834
2016-09-07,-9.14163941323487e-05,0.0005355227508043736,-0.003418556588101307,0.0059861326913293045
2016-09-08,-0.0022829129516649393,-0.004907234776043823,-0.0053013792150961025,-0.012230932439358244
2016-09-09,-0.02393478621759737,-0.0047519696374888065,-0.00658355954228651,-0.03960333806883898
2016-09-12,0.01434728480251568,0.0009011741334346013,-0.0012623563085552014,0.011848159850592177
2016-09-13,-0.014375277918636464,-0.003690011269728566,-0.0066355664917512325,-0.025105995775206447
2016-09-14,-0.0003755276251562467,0.002258546345646373,0.0034194855282367875,0.003200923163429792
2016-09-15,0.009993090695219697,0.00026971574725220826,-0.006419381491795106,0.003782228708413049
2016-09-16,-0.0038657456877704277,0.001081875251595088,-0.00247272219188599,0.0004706961701370638
2016-09-19,0.000187660607459339,-0.0017103219759051491,0.00207901920123299,0.009061903361403889
2016-09-20,4.6801694439047026e-05,0.001532593977062291,0.0009575705942728163,-0.0015158909820023325
2016-09-21,0.011245443641299424,0.0016201356415250778,0.014588601451239303,0.012848994634667266
2016-09-22,0.0063015708475933074,0.0029667593070845655,0.00235721740921524,0.01787574930252034
2016-09-23,-0.005479304869292934,0.0004479854874142042,0.0006271210413582029,0.0030590147315574523
2016-09-26,-0.008102224875268904,0.00286670467048622,-0.0007833801247610905,0.0023721916611252336
2016-09-27,0.006207765920671182,0.0016975285239249072,-0.007291260548213385,-0.01059236845274103
2016-09-28,0.004963986851443947,-0.0004463503482934339,-0.003159070582864132,0.008199913467176856
2016-09-29,-0.009047497651299308,0.0006249457841029926,-0.0011884132817953086,-0.013330325616378702
2016-09-30,0.007546427034670566,-0.0024970178379303265,-0.003410805950794571,-0.0068696552879213835
2016-10-03,-0.0024044750263944037,-0.002326779231268783,-0.0025469571504198596,-0.01867644154016479
2016-10-04,-0.0050976872482797475,-0.004575399329850516,-0.03471112739159021,-0.013628062765251747
2016-10-05,0.00442501887210156,-0.002252722901105675,-0.0015706575141682944,-0.020247380094094214
2016-10-06,0.0006957094135466857,-0.0020774315063218918,-0.009273018119780652,0.00036470495776375067
2016-10-07,-0.003429427010944175,0.001448291965894688,0.000668512445361813,-0.0017017041687057421
2016-10-10,0.005208538892919279,-0.0026212655281206976,0.0035076482865623593,0.006208841830575462
2016-10-11,-0.012629605924917908,-0.00027210383140008343,-0.005076569505331308,-0.009678560643557765
2016-10-12,0.0013120827222405929,0.0,0.0015892497462293154,0.011483377441092957
2016-10-13,-0.0032756995265535993,0.002085038083511348,0.002421921836488483,0.007849740978856046
2016-10-14,0.0005165403639637578,-0.003075214620632205,-0.0055819226506638175,-0.004433591768909673
2016-10-17,-0.003472145953036354,0.002177410106553257,0.0026809625769763645,0.0021665635751191292
2016-10-18,0.006262384461122483,0.0019921387228385434,0.006183137214928136,0.006365349008308874
2016-10-19,0.0026672956098938716,0.00045106336752653853,0.0057299655530487215,0.002148205646570478
2016-10-20,-0.001866967983125023,-0.000902851067421051,-0.0030550965627722526,-0.0022626708893267455
2016-10-21,0.0004674897080838569,0.0010849750849348805,0.0007454362173064943,-0.003699884165451861
2016-10-24,0.004252953407393623,-0.0013546837453261018,-0.0022345797266349887,0.0022762920029504308
2016-10-25,-0.0033508369525975246,-0.00018057335568277821,0.007548139354159433,-0.0017928733234464644
2016-10-26,-0.0020078344503913215,-0.0021707565394954997,-0.00559809251948773,-0.01305251064999835
2016-10-27,-0.0026665877532574545,-0.0034442173348548932,0.0018213529185828747,-0.026207300314122328
2016-10-28,-0.0029552628623251698,0.0001813615839192373,0.0047103519110967,0.0023670495267706926
2016-10-31,4.7077330062927913e-05,0.0008187822893195307,0.0029610183001298473,0.016283848008756596
2016-11-01,-0.007245616592363668,3.719886425312957e-05,0.006478603409139305,-0.02177119191916943
2016-11-02,-0.006018109367655677,0.003001705395078824,0.007414617516698918,-0.014628823705687855
2016-11-03,-0.004577455759907645,-0.0006352640853013458,0.005338107937297831,-0.007740202980027533
2016-11-04,-0.0011017653234726144,0.0030864820068874366,0.0007240252267182168,0.007928364166304602
2016-11-07,0.02205712640753399,-0.004162738972737223,-0.018007861361529542,0.01750840435554024
2016-11-08,0.004503891667863247,-0.0035438662495121953,-0.004175211869501427,0.005237160435638488
2016-11-09,0.010601934877106922,-0.015228905533274828,-0.0006576934516286936,-0.015132568697763693
2016-11-10,0.0024954924491555897,-0.006018401725152778,-0.01488974658560116,-0.016750811132425825
2016-11-11,-0.002305020503348465,-0.002049946129989544,-0.02212944906788228,0.006019952215856161
2016-11-14,0.0007855539315178017,-0.0057884410426216615,-0.008454294420749409,0.023682486768521915
2016-11-15,0.007802763688824266,0.0,0.00869866618655779,-0.008333696630549614
2016-11-16,-0.0018782683063628403,0.0009392096168994168,-0.002988440021410743,-0.002884322569309261
2016-11-17,0.005140800611729501,-0.00440909635227793,-0.005138293152093909,-0.010189035480515418
2016-11-18,-0.0022377859047473248,-0.004428169371541446,-0.008780207102896176,0.0029230203682302225
2016-11-21,0.0075511387629485505,0.0008516259007895766,0.0037342622620732957,-0.0030411904991392014
2016-11-22,0.0019537828459603723,0.0009458703453546491,-0.00034608855246265335,0.017539701060100388
2016-11-23,0.0005438507402697468,-0.0035896929762380125,-0.019819983532816443,-0.004247235121319304
2016-11-25,0.003715669664531518,-0.0008536157911716025,-0.005651208738617575,0.005770366684370032
2016-11-28,-0.004694743282919744,0.004554711769221953,0.010567466787642088,0.004614620619605159
2016-11-29,0.0019501278150593215,0.0010393035203373202,-0.004657349687858581,0.009559717964023884
2016-11-30,-0.0023989450465262685,-0.006699484618718277,-0.013419234467324848,-0.011436468986183668
2016-12-01,-0.0036754177926769938,-0.003815896387912354,-0.0018791864382340373,-0.014678585428064106
2016-12-02,0.0005004567176143393,0.004488656207630504,0.005379222424209074,0.009973531384880996
2016-12-05,0.0060091460500979466,-0.0003798418071665477,-0.005350441210868029,0.007374823982042811
2016-12-06,0.0031669990484934907,0.0003799861417894679,-0.0009861987578327902,0.0064525975021543225
2016-12-07,0.013081018270582279,0.0033279768240785934,0.003589711251758221,0.01997273662547827
2016-12-08,0.0024489494592327965,-0.003790552365458666,-0.0023249765892274787,0.006889616779701457
2016-12-09,0.00604020038930031,-0.005136652725507007,-0.010486673587394413,-0.001080318963133875
2016-12-12,-0.0011478100224932009,0.0001914055597254105,0.003804331187865717,0.006610378714450915
2016-12-13,0.006673887913051901,0.0005737394811367036,-0.0033387723118656343,-0.0004780169837100834
2016-12-14,-0.008254241754407254,-0.008311882445709573,-0.014667226454941784,-0.02185842926179049
2016-12-15,0.004117094508945485,-0.0027940964163158943,-0.01369112807217554,-0.0058612981723427104
2016-12-16,-0.001955652497449001,0.0012560034626867278,0.006614558767378709,0.014985441965866597
2016-12-19,0.0021773366291086838,0.004631206169405155,0.004997623978540311,0.010771020929405184
2016-12-20,0.003857764040560596,-0.0021122898642931265,-0.007367118973593101,0.0022750657002761354
2016-12-21,-0.002782582443007886,0.0016356243816482152,0.0005566152526592649,-0.0151713817048299
2016-12-22,-0.0017275823414303337,-0.0004329989706236548,-0.0024107755207141146,-0.0016720778639079947
2016-12-23,0.001464184693130477,0.0009634268111902156,0.0031601819765598727,0.0026050519412472717
2016-12-27,0.0024810991976937924,-0.0014435186317874882,0.005837091185366683,0.002103149250689773
2016-12-28,-0.008264463458701021,0.0036607159437607173,0.0027634769574851337,-0.006049776760764347
2016-12-29,-0.0002227478423973972,0.00307139657689226,0.01313614088883086,0.012422440958569592
2016-12-30,-0.003655256147812702,0.002966184287757967,-0.006165566230220687,0.012638064662580772
2017-01-03,0.0076503452203082745,-0.0004774387761170562,0.00784600497730814,0.0032717594351718837
2017-01-04,0.005948939667649533,0.0011453751268315493,0.0035303646722089077,0.014612712223009083
2017-01-05,-0.0007943024711963842,0.00648346025453983,0.015515074970534615,0.0032141228807083255
2017-01-06,0.0035778301631435028,-0.004547143499570749,-0.00737255123072611,0.00011889982343271654
2017-01-09,-0.003300833158996319,0.0038065953851031953,0.008232645807116912,-0.009016499168328251
2017-01-10,0.0,-0.00047386091545709164,0.0042602588509306205,-0.008499898250881044
2017-01-11,0.002825769423301816,0.0011378235506644963,0.0030932255360247574,-0.006157888064551198
2017-01-12,-0.002509949065788941,0.0005685831893629256,0.003612367067042932,0.005102698870396161
2017-01-13,0.0022956897302053303,-0.002177785498253204,0.0026336178800692167,-0.0014507045938373375
2017-01-17,-0.0035236205796027598,0.005029039238918953,0.01435950794847174,0.0077471867002418815
2017-01-18,0.0022101287505396083,-0.007081050235959507,-0.008459177733679324,0.0016819842682405106
2017-01-19,-0.0037046182114836013,-0.003803517168172621,-0.0008706024299159898,-0.010193126747151005
2017-01-20,0.0036742831707845536,0.00047766683278505084,0.0024397178433508415,0.0072689392941003295
2017-01-23,-0.0026023009893491045,0.00524679412397111,0.006431967354547874,0.008419643000551424
2017-01-24,0.006411664672553163,-0.00379584276802436,-0.004490925540628465,0.0002387157688921171
2017-01-25,0.008655479826773282,-0.004953681157884304,-0.008241493674922662,-0.006558704689827777
2017-01-26,-0.0010452504705329435,0.0013400580483688973,-0.009272197003353688,-0.0019203392801984132
2017-01-27,-0.0015699422477508662,0.0012425302611138722,0.0020306880028346797,-0.009741689742629234
2017-01-30,-0.006201593325636079,-0.0002860226160271706,0.004229477187141839,-0.006801211011274733
2017-01-31,-8.781888794595627e-05,0.0034387501037507207,0.01386331327657886,0.007214571503548095
2017-02-01,0.0003953368056457407,-0.0019161646031773394,-0.0030290445198764004,-0.012018766365584521
2017-02-02,0.0006588684054142924,0.00038226726290235824,0.005555550404536813,0.011919316051195672
2017-02-03,0.006893091841291277,0.0007630536813980626,0.0025034610211955854,0.005464874824826715
2017-02-06,-0.0017879013357909868,0.004770999864226022,0.013519329475210284,-0.0016909902755963824
2017-02-07,4.4304288057572805e-05,0.0018046022677515872,-0.0020390643159919897,-0.0035086698980759667
2017-02-08,0.0013102160541385022,0.004075075648595439,0.00621491028966048,0.007891619604845523
2017-02-09,0.005932385481311586,-0.0059465058560127515,-0.00761487018603868,0.0024088586914379206
2017-02-10,0.003946029944781104,-0.000665433230955248,0.0026430007347089113,0.007089598167403288
2017-02-13,0.005442636182911631,-0.001520039947119356,-0.006802682251218939,0.00035790305852767546
2017-02-14,0.003995550782237789,-0.0036167186057669554,0.0011129901542927811,-0.005248295923136803
2017-02-15,0.005220311955481227,-0.00191033010731112,0.004447076385095894,-0.0033570513188730944
2017-02-16,-0.0008514697550547901,0.00401979313476053,0.0053640263872474225,0.005895214103905033
2017-02-17,0.0015762700859218715,0.002668706747959604,-0.0033875467452245678,0.0019134486096337167
2017-02-21,0.005955374922506307,-0.00047531238748199645,0.000594830851824435,0.01277323150243359
2017-02-22,-0.000887953915927886,0.0016166120205838297,0.0013588421410561935,-0.0033005951787582477
2017-02-23,0.0006768189763712851,0.0026592080683225383,0.008735465586520608,0.005203806487225737
2017-02-24,0.0012691069410224465,0.0046401610139408245,0.00638973004234078,0.004705689362839216
2017-02-27,0.001563045381437922,-0.003582645537188789,-0.004845398633643638,0.005268918443566584
2017-02-28,-0.0026995218995764514,-0.00047229457337794045,0.0009234436519076628,-0.006872217927743174
2017-03-01,0.013997539929202496,-0.006966758789346605,-0.0014258642418293332,-0.0030491400143454195
2017-03-02,-0.006297369821354537,-0.0028635766594586887,-0.01243067157641009,-0.00541206317054288
2017-03-03,0.000629791602942742,0.0009573277867274133,-0.0005953367386810626,-0.003903136093241444
2017-03-06,-0.0029777069079029994,-0.00019150192379868702,-0.006722839768239397,-0.004512762517119628
2017-03-07,-0.0029871979259986636,-0.0014342527735137223,-0.008053482107396648,-0.004771167609264992
2017-03-08,-0.001856253698248378,-0.0033527095106807847,-0.0062187012290060295,-0.018458830998058007
2017-03-09,0.0012680119341945684,-0.0027868867978200207,-0.005127727710842134,-0.015020041556852548
2017-03-10,0.0035041960435964192,0.0021201079934329847,0.002183978311645074,-0.0030999663438532332
2017-03-13,0.0005048084971039923,-0.0025002478634538194,0.0001743082536056484,0.0024875325827395933
2017-03-14,-0.0038266166430149795,0.0010601400347436396,-0.005403478549159679,-0.00024821193875956826
2017-03-15,0.00865340175135998,0.008764294039872889,0.018664539100545774,0.020225596162060766
2017-03-16,-0.0019669579315571006,-0.0027683452864311064,0.004129061134912737,-0.0019461363225250494
2017-03-17,-0.0017560984329780815,0.00268081026025202,0.0022273151662723922,0.004631476369374443
2017-03-20,-0.0010969834224330288,0.002387194054870534,0.004444860945005402,-0.000849524777041033
2017-03-21,-0.012839583414565814,0.003333820997761361,0.008765200923941618,-0.004370325397333619
2017-03-22,0.0023532766085212486,0.0018984771416905577,0.0024464392887426634,-0.0005526745826818225
2017-03-23,-0.0010671324122899506,-0.0010424104175432714,-0.001346492128619703,0.007373250366843331
2017-03-24,-0.0007263889581623495,0.0005689664024977059,0.001601099219161961,-0.001097326469584603
2017-03-27,-0.001026320263347813,0.002465418589870927,0.005636868294673025,-0.009037995280441358
2017-03-28,0.007276713691018566,-0.0034048228252188117,-0.004099371444605038,0.004313709312114389
2017-03-29,0.0009350256036630977,0.0028470006668290804,0.002436163586164053,0.005644754369539928
2017-03-30,0.003184046444353772,-0.0028389182646365585,-0.007206910225050822,0.001830334249837362
2017-03-31,-0.002327481496761652,0.001993227165824063,0.0021102388572973307,0.005967809313216499
2017-04-03,-0.001739555390438574,0.004921893113841946,0.005306580584065079,0.0029067792121211244
2017-04-04,0.0006375280595389832,-0.0014151524961552031,0.002262289701825848,0.0
2017-04-05,-0.00297245933100021,0.0018902660145081462,0.0,0.0014484436099961862
2017-04-06,0.002810925539889375,-0.0006603989274350797,-0.003678334988324705,0.005304676807000197
2017-04-07,-0.0010190574102060257,-0.0030208585450895997,0.0023493772325884343,0.001438915446048128
2017-04-10,0.0005950941503012341,0.001799182515262343,0.0,0.006226804096435501
2017-04-11,-0.0011896307485355084,0.004630808772841499,0.014481863135711759,0.006902479186729371
2017-04-12,-0.004381971917458816,0.0031052270858451525,0.006848701913851674,-0.001773313212760086
2017-04-13,-0.006494727407655998,0.003001219080126516,0.004753334264967268,-0.0022492409008160186
2017-04-17,0.008859679562181588,-0.0015892054749458984,-0.0029363834815018253,0.012103814212020003
2017-04-18,-0.002984216450542143,0.005712198595019702,0.004744779460001958,0.0026966942100052904
2017-04-19,-0.0018384648036193774,-0.002607470801342382,-0.008874746300268521,-0.00140320658378712
2017-04-20,0.008138964554122996,-0.0022410725764792083,0.0018893922713916211,0.00011713592508377779
2017-04-21,-0.003186902789206858,0.0004687728142507286,0.002869780885113693,-0.003629494928433896
2017-04-24,0.010997838323679732,-0.00205811488359231,-0.006785988212145488,-0.011045956926492906
2017-04-25,0.005818739443141485,-0.0051545113833417755,-0.010125150830952667,0.004158850021688476
2017-04-26,-0.0006288482387244443,0.002637750254531168,0.0049064144523129904,-0.007455056842202157
2017-04-27,0.0008391897456829778,0.0006575232531107478,-0.003723907331012466,-0.0026222402189353122
2017-04-28,-0.002179826656045214,0.0010332508053805256,0.0031563855415273068,-0.01039980472305313
2017-05-01,0.002520359247764059,-0.0021613794131409847,-0.009108209859209682,0.005918539550926694
2017-05-02,0.00037716273000909517,0.0020714434796660353,-0.00016709821486060594,-0.0016809860670636834
2017-05-03,-0.0012144653519242654,-0.0020671614715144226,-0.013957360197643709,-0.013350810193866747
2017-05-04,0.001173892842694757,-0.0022588833056916835,-0.010086475737808298,-0.004876108804166557
2017-05-05,0.003937104111814804,0.00018795416257733066,0.0018837333588364036,0.009432569336449204
2017-05-08,-0.00016675059534021486,-0.0024527501954076936,-0.002222050521183294,-0.007038754476772824
2017-05-09,-0.0009179453933553239,-0.0011349745947308865,-0.005995691205500586,-0.005377533501483511
2017-05-10,0.0017955492183905353,-0.0003786343685712179,-8.618815999517082e-05,0.007864440519441684
2017-05-11,-0.002042574589215973,0.0007577362021340406,0.003964142371969848,-0.004999069282803581
2017-05-12,-0.0016709909847609783,0.005111433288706779,0.0028326337429587234,-0.004043714678242938
2017-05-15,0.0055234185620463006,-0.0006596642473291059,0.0026534071191921527,0.0029530832584088174
2017-05-16,-0.0009156479307578236,0.0013196603060681156,0.0043537829852127174,-0.006747076413697983
2017-05-17,-0.017744165801881318,0.007999048885917848,0.018189539837597968,0.00407560877457569
2017-05-18,0.004028712620899544,-0.00028048847900918883,-0.008181011348557088,0.005535379767871662
2017-05-19,0.006504124069113493,-0.00028021101215924826,0.0049659454541624015,0.0053819340746184
2017-05-22,0.005077486645223894,-0.001120356618801277,0.004187604636601616,0.0038936698026068584
2017-05-23,0.0022128041525815156,-0.002618524174915704,-0.006338633249028169,0.000848135481023915
2017-05-24,0.002332872736354963,0.002062628193477689,0.003944948993712671,0.008113368295322498
2017-05-25,0.004779402657727694,0.0005616122545131219,-0.0010868426783263718,0.00012042647293686315
2017-05-26,-0.00020680849862220185,0.0006546533351119432,0.00887175702052101,-0.007206341405291972
2017-05-30,-0.0008687460963864302,0.0025230702989849085,-0.003318413164433487,-0.006291101503418495
2017-05-31,-0.0002484813017636922,0.0004659243696845117,0.003995366733579031,0.00060865533303045
2017-06-01,0.007952279146453467,-0.0005222994502041001,0.0008290372396291268,0.005231950781260819
2017-06-02,0.0033282415653528297,0.004388399195172754,0.0073724269437449585,0.010288028288367279
2017-06-05,-0.0007370753233614247,-0.0016733504515160647,0.0009867835373715828,-0.004312808449483452
2017-06-06,-0.0031968564208951777,0.0031660611716881615,0.011254375087548674,-0.004812876696578039
2017-06-07,0.0018504706021544859,-0.0018564383230444959,-0.005280272412152454,0.007012237472685312
2017-06-08,0.0004922667234952272,-0.0015810136707484768,-0.006533241668445489,-0.002401072401634119
2017-06-09,-0.0015177889860508165,-0.0009315954782947999,-0.00912454251071615,0.006980367724085834
2017-06-12,-0.0002053339601371107,-0.0001867413466376533,-0.0014932827593217013,0.00896373758902147
2017-06-13,0.004890001314668879,0.00037266473126007504,0.0009970317877492363,0.002250894999193287
2017-06-14,-0.0012676998129655948,0.00522024329544335,-0.00547811789275976,0.001418363319972915
2017-06-15,-0.001924274922941005,-0.001761324001517628,-0.004172926066378535,0.005074650665499503
2017-06-16,0.00021830761465513326,0.0005574868521005527,0.00016758836001962152,-0.0025834743390557025
2017-06-19,0.008325141633237276,-0.0027855276301608223,-0.007625239321596311,0.00011757519626365287
2017-06-20,-0.006744005953492116,0.002513764905814009,-0.0021109516115493943,-0.0023538283945960803
2017-06-21,-0.0002468253108347529,-9.238761422469821e-05,0.0028769363429739236,-0.002006256794221728
2017-06-22,-0.00045291456171026034,0.0009278518690769566,0.0033749707830614817,0.0009459112359873068
2017-06-23,0.001194259091168659,0.0002785215373646288,0.004288615406013774,0.0034701527132090515
2017-06-26,0.0006577311936728503,0.000835508575774524,-0.008959220397639522,0.007130480590594734
2017-06-27,-0.008055853765108645,-0.004912688078454797,0.0038019343183648413,-0.008967978744386151
2017-06-28,0.008950412496256943,-0.0009315954782947999,0.0007575454013519778,0.0023811377306945936
2017-06-29,-0.008788683511041007,-0.0037292353430009584,-0.00487806411784153,-0.011402661576374151
2017-06-30,0.0018641406587214249,-0.0023391736802381713,-0.00253552275635216,0.0
2017-07-03,0.0016960263153757982,-0.0036733008907237075,-0.016353163532217163,0.012735885212883602
2017-07-05,0.002311819928737968,0.0007540212149466097,0.003704025486608087,-0.014117901055579085
2017-07-06,-0.009144536998774822,-0.0018839461920034939,-0.00042907160833882685,-0.01877306428555625
2017-07-07,0.006485208811549015,-0.0016049510771216635,-0.010217244173899132,0.005641803361355002
2017-07-10,0.0010738430671259902,0.0013238967085560382,0.0016481821948142183,-0.009146431379111641
2017-07-11,-0.0007425764862495354,0.00132169756012801,0.0012990519121256483,-0.0011074851138337394
2017-07-12,0.007514636197775815,0.002923508518563933,0.0035460648934033667,0.012321235534770603
2017-07-13,0.0016801603386806807,-0.001034491326091902,-0.0018098688846157618,0.0015823597224886576
2017-07-14,0.004664356234806766,0.0014116753667345883,0.008202356680584888,0.009600302979891895
2017-07-17,-0.00012241776812194072,0.0012218047295886603,0.004453235312239068,0.008064300499264654
2017-07-18,0.0005295145017942815,0.003660941233452064,0.006991215691223296,-0.0021493741891257523
2017-07-19,0.005413922522166992,0.0,-0.0002539901713813908,0.00753849005370677
2017-07-20,0.0004455063819217564,0.00028049475897096166,0.001354979930841882,-0.004631872991547326
2017-07-21,-0.0008901174033301151,0.001776709322800052,0.008626558617128355,-0.0007156406789172731
2017-07-24,-0.00024331257560294972,-0.0006534395362592926,0.00041921366315400554,-0.0019104604684682114
2017-07-25,0.002431222154947843,-0.005603811586217811,-0.0032687905257637873,0.0013159188345661654
2017-07-26,4.0119773172531126e-05,0.003193299098390945,0.008072646310579579,0.006929760808888075
2017-07-27,-0.0009293329928505845,-0.0015915227008913568,-0.0007507202198243634,0.0011861473620766727
2017-07-28,-0.0011734086699529689,0.0016878331431420257,0.00751316068954333,-0.002725535766553655
2017-07-31,-0.0005670427753404761,0.00028111332266256284,0.0004971211979458712,0.0013070965596695405
2017-08-01,0.002229161194208462,0.0024838487556735345,-0.0008281447132181263,0.004509872472661103
2017-08-02,0.00048504777606739324,-0.0009352586936728358,-0.002072109381170417,-0.009097224179485663
2017-08-03,-0.0019398906326463239,0.00346340349410168,0.0015780299800982611,-0.0020271105568862025
2017-08-04,0.0018220798563717278,-0.0027051448739628947,-0.007794965092940864,0.003345156070458488
2017-08-07,0.0018593852860009363,0.0005608696701848714,-0.0011700742821817434,-0.0010716136718046387
2017-08-08,-0.00246104085697052,-0.0008412321003098411,0.0029286123995055924,-0.004768278766090095
2017-08-09,-4.057282565961273e-05,0.0012162544654001906,0.012097421498902916,-0.0033535051311145425
2017-08-10,-0.014115146934399303,0.003737263751858011,0.007419021877765664,-0.007210572060152742
2017-08-11,0.0014769729476982185,0.001117137104041488,0.004745944156777204,-0.006173689484341605
2017-08-14,0.009913120777655715,-0.0024173656388855047,-0.007085289845225606,0.016686999598939378
2017-08-15,-0.00012178838461485153,-0.0029829188090546577,-0.007709931316675078,-0.0029948335057945474
2017-08-16,0.001744299202395938,0.001869635843346762,0.007356582616572016,0.003965175880632721
2017-08-17,-0.015590676654624658,0.0035460509279545693,0.00508734802014188,-0.006223744661834729
2017-08-18,-0.0015632192629505548,0.00018611412157887308,-0.0015511047050799087,-0.010116973823721453
2017-08-21,0.0007828696290745896,0.0006508811732908182,0.0037612352656932746,0.010707136753101087
2017-08-22,0.010457002408578386,-0.0019513734076591627,-0.00448031151993189,-0.002889115377689433
2017-08-23,-0.003585553807867181,0.0034444398111794783,0.003764005301683193,0.010261887496087807
2017-08-24,-0.0023306268986944545,-0.0015772004120407912,-0.003097719565419932,-0.003107103058593852
2017-08-25,0.0023360714095588264,0.0016720184307381647,0.003679752595251218,0.004795011881111533
2017-08-28,4.0876828113489694e-05,0.0009280626441403594,0.015887278895027057,-0.007635655190456947
2017-08-29,0.001145008146606008,0.0023165981057178264,-0.0021654043401579948,-0.001081788570258424
2017-08-30,0.004737461114175723,-0.0008316932882228567,-0.00048221796718150856,0.005656270464775348
2017-08-31,0.006016187538673057,0.0015728205646134974,0.011740101940391323,0.005744676615820898
2017-09-01,0.0014141777039518022,-0.0029423578970295683,0.0019074699121892635,0.003450634237393224
2017-09-05,-0.007182123721964473,0.00695951763901248,0.011105834943620163,-0.0027274757464355037
2017-09-06,0.003413865940671723,-0.002395974371790399,-0.005099651110527015,0.0026160730759492434
2017-09-07,-0.00012161080280304049,0.004342004297618551,0.010409331674411826,0.006404079071263613
2017-09-08,-0.0011746209163369103,-0.000735778536674947,-0.0012487602904230899,0.0008252280579861271
2017-09-11,0.010665960893998738,-0.005706940331362431,-0.01390950036975469,0.009183601223801574
2017-09-12,0.003370432050771921,-0.00240692985240476,0.0029320477853171933,-0.011783719415821348
2017-09-13,0.00047996341044442836,-0.002041086798471481,-0.007506297144185381,-0.002597282462332595
2017-09-14,-0.000319822104055123,0.00018550024348562566,0.004378656548724491,0.008285641821830891
2017-09-15,0.0013461316239169463,0.0012083033364731488,-0.004993697404288455,0.0018785164775025898
2017-09-18,0.0021268230891096085,-0.0038997623358199007,-0.009320466663927607,-0.005390263916743465
2017-09-19,0.0010012626414930281,-0.0011186304895453025,0.0020907215740946228,-0.006597432771748846
2017-09-20,0.00036011361935006647,-0.0019601051993289875,-0.008024393981386213,-0.002727993760803571
2017-09-21,-0.0026792193222033855,-0.0013087123840453962,-0.007603967161635139,-0.0019026713526613115
2017-09-22,0.0002003489006232595,0.0017785892426052108,0.004564701313993336,-0.00705366919092687
2017-09-25,-0.00204465193490333,0.00299105818160883,0.010467388330802407,0.0058190687375976324
2017-09-26,0.0006026499855176226,-0.0008386160433183631,-0.01116196421162674,0.0016873249196416307
2017-09-27,0.0038944050095430782,-0.005129432569890402,-0.009420139990778287,-0.00902413521527945
2017-09-28,0.0011996209791633738,-0.00018736860210410988,0.001885519931214219,0.006799485568740771
2017-09-29,0.0035152921961156824,-0.0012194126079781986,-0.005155038524977895,0.002049980546509511
2017-10-02,0.004338448021229624,-0.0011376277840609017,-0.006662322551317712,-0.0014441154186891625
2017-10-03,0.002140141585004196,0.0014120085659299342,0.0004968550936175209,-0.001446399725119396
2017-10-04,0.001186428422420116,-0.00028221698563801745,0.002813840376879373,0.0050695031079002195
2017-10-05,0.005925181568549265,-0.0010336345832173688,-0.0053643767904709705,0.0036024840034492023
2017-10-06,-0.0011387742844011228,-0.0012236012636249738,0.004729503075844965,-0.003230662232617476
2017-10-09,-0.0016512084328604848,0.0011304022473577202,0.0081757826666502,0.002401268054695871
2017-10-10,0.0026381792501253276,0.00037667218982639916,0.002621229439913275,0.0029939082787400206
2017-10-11,0.0015711765755408447,0.0011291459073401455,0.0031862694835504968,0.003342961203000483
2017-10-12,-0.00149028656065886,0.0009398640007540759,0.000814386133850542,0.006426533417806191
2017-10-13,0.001217475079656527,0.0033798180110296006,0.0075677460313676725,0.0026013184427848834
2017-10-16,0.0013337335816339113,-0.001683641071066,-0.006864791440930884,-0.00495370385747107
2017-10-17,0.0007048753224760951,-0.00037547320001274365,-0.006830966568647456,0.0011855359605941196
2017-10-18,0.0009787952153792467,-0.002532135070984709,-0.003766470931119148,-0.0010655201612456144
2017-10-19,0.00027360017214550503,0.0010344270819202528,0.005917656213846323,-0.0029630066073795813
2017-10-20,0.005160420041800506,-0.004131832967448568,-0.006373059753138954,-0.005705312755463043
2017-10-23,-0.003889185758565561,0.0009422513856021109,0.0015623915833617996,-0.003825409912748934
2017-10-24,0.0017569223135767142,-0.0030146126783479055,-0.003858794818776823,-0.006000229160751047
2017-10-25,-0.004949977681925066,-0.0016069200038201226,0.0001648120231156902,-0.002897493019601627
2017-10-26,0.0012924429270511073,-0.00132459596195722,-0.00840541125580585,-0.008233015458879445
2017-10-27,0.00817634503311404,0.0032224750843601324,0.004736970715121469,0.004516943098788584
2017-10-30,-0.003725120924060521,0.003589915873834393,0.0019023633137824625,-0.0008509347644763965
2017-10-31,0.001557869011994173,-0.0006587261438919523,-0.003797565383496959,-0.00012187268112517913
2017-11-01,0.0013222549503686398,0.0006035395172645508,0.003646328400454868,0.004866211628650641
2017-11-02,0.0003882289367267422,0.0013202870691240154,0.0006605716344769696,0.008474745742875323
2017-11-03,0.0033387785311127516,0.001600386462771386,-0.004703355749991034,-0.0025210258864160062
2017-11-06,0.0015477573713291726,0.0012221098221869564,0.008539203746006141,0.006739618090263688
2017-11-07,-0.0006954516958426193,0.0003755270286309731,-0.003616953850285376,0.00812927122270235
2017-11-08,0.0017010783245519079,-0.0012204259323750355,0.0034650455582678763,0.004980211257597178
2017-11-09,-0.003627806051272997,-0.000375578384052222,0.004110828013571766,0.0010623195745353975
2017-11-10,-0.00030994144826845815,-0.005076299036834597,-0.008187996581421442,0.001061192249236731
2017-11-13,0.0009298411982145982,-0.0004723580800995997,0.0014860093226882753,0.005062229535054197
2017-11-14,-0.0023224095950356016,0.0014180118769659966,0.0020608359165059653,-0.002108631277825457
2017-11-15,-0.005005378024242502,0.0035871030187482056,-0.0012339083538733808,-0.010096149750123518
2017-11-16,0.008501226890377467,-0.0025399813776172397,-8.23831309511025e-05,0.008301743550481744
2017-11-17,-0.0029388121275061296,0.0013200907277257645,0.012026351450757033,-0.004352098682732453
2017-11-20,0.0017060821216381417,-0.0016007777697792935,-0.012616010451388715,-0.002953044248447778
2017-11-21,0.006542922858111755,0.0001887650567538035,0.0016487064682373376,0.00746437695623392
2017-11-22,-0.000884515581714318,0.003206439968580721,0.009217308019892956,-0.0022343902861569065
2017-11-24,0.0023096242163125336,-0.0008459462131338302,-0.002527909692056296,0.0012962325440928346
2017-11-27,-0.0004991746566450628,0.0006581102554699125,0.004169409233999888,-0.0047084909476494685
2017-11-28,0.010144746804975346,0.00018842818203324008,-0.0001628614521104188,-0.00378449727511454
2017-11-29,-0.0006085999064214809,-0.0031961915721764322,-0.0062698205225436565,0.00035607814069860133
2017-11-30,0.008755242912909633,-0.003112788112006215,-0.007702412605330111,0.0015425845901970714
2017-12-01,-0.0020760556014147724,0.003695827175409061,0.004046225185331043,0.0023698035925880934
2017-12-04,-0.0012096171249892373,-0.00047244463336293396,-0.00337195530112111,-0.0049648410987711555
2017-12-05,-0.003596779818569762,0.0007555559198697548,-0.007096885692240984,-0.008316344612334214
2017-12-06,0.00019024320521010551,0.0020762100868196853,-0.002077792558461522,-0.0009588362227536118
2017-12-07,0.0031530855151200576,-0.0017891977165650497,-0.01315900587216201,0.002518500218474884
2017-12-08,0.005452904936437131,-0.0007545936489169458,-8.434894941455884e-05,0.005143350780151046
2017-12-11,0.0030129402479031064,-0.0006611911523841663,-0.003966924437765251,-0.00011903971621241016
2017-12-12,0.0017648624739614593,-0.0008500541701186304,0.0011863349471583629,0.004880113636839711
2017-12-13,-0.00011232104044867075,0.004065747062288905,0.008633065001213636,0.0016581468281640088
2017-12-14,-0.00408609577182939,-0.00037653291899908403,-0.002013911785324396,-0.0002365591769687425
2017-12-15,0.008327283234227822,-0.00018815961410301174,0.0021020768465358497,0.00626812365402718
2017-12-18,0.0063411498199044125,-0.0022619850761433913,0.004614893860962033,0.006582618414373798
2017-12-19,-0.0038403812978309304,-0.0045332464206429,0.0007516606979649509,-0.021252230031561736
2017-12-20,-0.0005239553029735555,-0.0029412909834689582,0.002670670135530351,-0.01157222889913212
2017-12-21,0.0020592698299906065,0.0007056690422067025,0.0014150005810633637,-0.003873133581501653
2017-12-22,-0.000261055393102283,0.0003807082465137057,0.005236513137702126,0.00689054931070876
2017-12-26,-0.0011965177880248756,0.0003807427047330947,0.006862859144246114,0.005010264472697923
2017-12-27,0.0004866798852132259,0.004282845652445522,0.0037776687734956127,0.0032834050243386592
2017-12-28,0.0020577529181700083,-0.0012320694357347284,0.005072364396301321,0.005332550287440396
2017-12-29,-0.0037707626112072345,0.0016129421426598345,0.006512031434223742,0.0003613285833412583
2018-01-02,0.007157483707111778,-0.00331535268191685,0.012131014811884722,-0.0037360220523634524
2018-01-03,0.006325234442680516,0.0010452063378389997,-0.002636850395774437,-0.002902355946636348
2018-01-04,0.004214454806929613,-0.00047448392495674785,0.00512737855482448,-0.017227056309405686
2018-01-05,0.00666408479703251,-0.0012356216176077073,-0.0010361649479244672,0.0004940768383294714
2018-01-08,0.0018288857784709567,-0.0004749381447261003,-0.00015961279955856167,0.005181921967172043
2018-01-09,0.0022634391820703925,-0.004757194604856241,-0.0046284750854691525,-0.012888478432008132
2018-01-10,-0.0015299228564991108,-0.0002864430321899425,0.002405158456580736,-0.011191423483095875
2018-01-11,0.007295971254958955,0.0006687087022385629,0.003279242310744168,-0.0033949773569812436
2018-01-12,0.0065189518840949034,-0.0006682618297376708,0.012117319941670202,-0.008076212984780895
2018-01-16,-0.0034184868377661326,0.00047766194072873525,0.0016540570729914883,0.0019085581383295747
2018-01-17,0.009531948238422183,-0.002198464666966271,-0.008099385028916384,0.006983045499221019
2018-01-18,-0.0016809656239258342,-0.0031613629600542037,-0.002219746160232239,-0.012860579129525762
2018-01-19,0.004549838458575373,-0.0025941720196733797,0.004449368789751107,0.005364467362205971
2018-01-22,0.008130805737738722,-0.0003856003454340007,0.0018193589642852004,0.00914729563533423
2018-01-23,0.0021225843791548016,0.0028912570681325356,0.004974316982453653,0.013849161936528631
2018-01-24,-0.0003882885577518591,-0.0019220987402753797,0.012177899643490031,-0.005215581565655936
2018-01-25,0.00042351152895236943,0.002215400489009811,-0.006675468432262743,-0.0017474646317992004
2018-01-26,0.01157782624705428,-0.0029791930694484936,0.0007814808358339587,-0.003501514043868892
2018-01-29,-0.0066298250501509726,-0.0025056612240733633,-0.005621994291566623,-0.013426993200640558
2018-01-30,-0.010256881698639475,-0.00231840601260469,-0.004318770545372663,-0.007249926314993327
2018-01-31,0.000496638399319238,0.00029095302987447447,0.006703457836465088,0.017937225246342114
2018-02-01,-0.0011351309588194525,-0.005158856546166657,0.003290292152912322,-0.021523163915835752
2018-02-02,-0.021769654621470957,-0.003703469136978166,-0.013117887393550687,-0.00849006757176718
2018-02-05,-0.04182292412240218,0.008217439757634004,0.002531843471552664,-0.02970918228967745
2018-02-06,0.01970256581022589,-0.004366440473236977,-0.010496423649786535,0.00013370269028345483
2018-02-07,-0.005425077954540725,-0.0029235738516053544,-0.004705665583148222,-0.004278056717583634
2018-02-08,-0.03750869186475314,0.0008796162850890354,0.0015225774502147793,-0.028732754407729044
2018-02-09,0.015021180716299432,-0.0017576864805257664,-0.0016803225174144565,0.025020611154742856
2018-02-12,0.014684411388199647,-0.0002933715688451244,0.004808897328354433,0.00040492984464579607
2018-02-13,0.0024879272782145634,0.0016636629203039544,0.0056632293923437604,0.007009927837349883
2018-02-14,0.013495869902620417,-0.006057199112471934,0.017052616317100977,-0.007228929769420134
2018-02-15,0.012759806148514796,0.00029457079316252965,0.001169844500285011,0.009708732976726697
2018-02-16,0.0002935605577139011,0.002358367218556978,-0.003271582663696204,0.005475506724213375
2018-02-20,-0.00626185062407969,-0.001078186894516664,-0.013441710167313103,-0.011821151846167721
2018-02-21,-0.00497395694565983,-0.002944497328154938,-0.004594377467322608,-0.019757683619293975
2018-02-22,0.0012961769908421683,0.0013784405711907421,0.005093103382117992,0.011380492072624815
2018-02-23,0.01593956315021372,0.003832747750258214,-0.0012668539845070992,0.01599788120749479
2018-02-26,0.011611998549293068,0.0011749813408064025,0.0024575674654647717,0.002802349994427855
2018-02-27,-0.012486157597298764,-0.0031289319151515116,-0.01043890649807222,-0.023286662925312895
2018-02-28,-0.010130261273020413,0.0023541107726423594,-0.0010388975966705294,-0.0006814638066354739
2018-03-01,-0.014540791095287164,0.004303693358419736,-0.0022399902343750444,0.0009544381738624264
2018-03-02,0.005154913618959034,-0.0037088008894743396,0.005372018620811936,-0.00040866527277860776
2018-03-05,0.011558191430194098,-0.00127401495187629,-0.0016747674096407872,0.011309453822945903
2018-03-06,0.0025349070638633897,-9.77223238128877e-05,0.010784458146907872,0.004715389120739433
2018-03-07,-0.00036632214166087973,0.0,-0.006401624645603676,0.006169042845017403
2018-03-08,0.0048387317249281026,0.0020597384009719555,-0.0023862794212923255,0.0018660633774916224
2018-03-09,0.017402476903386477,-0.0021541386690228093,0.0009568071147663115,0.005453955815387879
2018-03-12,-0.001255181709248987,0.0023549169243013424,0.0,0.004366212289493632
2018-03-13,-0.006462403419756235,0.0016643195493535323,0.0019117242474055995,0.00092225069073959
2018-03-14,-0.005131957284797095,0.001954521365225226,-0.0006360457292980959,0.0009213307368174384
2018-03-15,-0.0010895595824850224,-0.0003902882510415928,-0.006364323323672649,-0.0002628347584241464
2018-03-16,0.0010839684625243429,-0.001170955467414747,-0.0024019459414951205,0.006970810236303526
2018-03-19,-0.013529934293700752,-0.000976879031540645,0.0021669685053569143,-0.008620853595256883
2018-03-20,0.001700619604000586,-0.0019550258670257836,-0.004484705499084418,-0.003425150834941104
2018-03-21,-0.0019192203215482317,0.0006853004614786329,0.01745640608927701,-0.007403633467474857
2018-03-22,-0.024997262977369816,0.004112204205800829,-0.003953194075975608,-0.00586055009117048
2018-03-23,-0.021314210796833266,0.0013654262359030778,0.012938539529958382,-0.017818981424419622
2018-03-26,0.027358699557221255,-0.002726854511565069,0.005250357853935794,0.011376940099325328
2018-03-27,-0.017011630864937954,0.0056632415134112435,-0.0061584106879087885,0.0038131194556845216
2018-03-28,-0.0029546742396399095,-0.00019480056596998807,-0.01380496145836152,0.02509841969569071
2018-03-29,0.012777588644921956,0.002039194362319696,0.0004771936450476133,-0.0011913348164611648
2018-04-02,-0.021584970873123055,0.0010197969632288473,0.011686153191860393,-0.013515029541753765
2018-04-03,0.012817131371063661,-0.0032002527625222266,-0.007543604183229413,0.008462045655800443
2018-04-04,0.010699254625316179,-0.0005838731553579057,0.0011876001018218396,0.010522040075627626
2018-04-05,0.007892199834237168,-0.0025309260384561716,-0.005140323544257752,-0.0003954194279310874
2018-04-06,-0.022285972399923026,0.004391398281840653,0.004689954877408642,-0.00751573214890866
2018-04-09,0.004928201200881999,0.00019443932668794517,0.0034021703240154633,-0.0031885712176573655
2018-04-10,0.015900655710715528,-0.0017486121460981163,0.0023655815524343815,-0.0010662099783202983
2018-04-11,-0.005242372428295394,0.0009735278503943956,0.007787899955785216,0.0021350483439017687
2018-04-12,0.008227108136420247,-0.003597447141137633,-0.011630613197024187,-0.011183980319266262
2018-04-13,-0.00293297847576357,0.000878144829878913,0.006555000660688037,0.005251122474632108
2018-04-16,0.008221482528130597,-0.0004871154714032322,0.0014123209845888773,0.006161337871913641
2018-04-17,0.01069858547770619,0.0005847137398404811,0.0009402393572395251,0.011714539296439952
2018-04-18,0.0007401983454087269,-0.003899285542127484,0.0007827669207129961,-0.0021052731069411967
2018-04-19,-0.005547573978564202,-0.0027396709936634567,-0.001955416527053,-0.014504261981525768
2018-04-20,-0.008479341954838793,-0.0033363884319526083,-0.007601890535287481,-0.009231584638052959
2018-04-23,-0.00014997546299877484,-0.0009843802197436746,-0.007975949843974872,-0.0008108463972471558
2018-04-24,-0.013467329773963366,-0.00118256801267147,0.004855919415812648,0.003784474481655753
2018-04-25,0.002471533023593153,-0.0021706699038204214,-0.006496075996334616,-0.0018851386741092213
2018-04-26,0.010165758222081767,0.002867928655374108,-0.0035085115107064135,0.013085518640928884
2018-04-27,0.0009389891031907904,0.0016759296885850983,0.004241008034887361,0.017176941401095824
2018-04-30,-0.007690547333969899,0.0010828169516212682,-0.007251025196090666,-0.003927484488465582
2018-05-01,0.0017766611197538307,-0.001566432411473695,-0.007063145351023148,0.00906828364342327
2018-05-02,-0.006717385167851142,0.00019726511351225717,-0.0004849855228984401,-0.0036468178688503494
2018-05-03,-0.002203675650013781,0.002564863611201673,0.005095004008440096,-0.0006533519933000775
2018-05-04,0.012946284724030255,9.831479421329448e-05,0.002092067418605348,0.010987538125313945
2018-05-07,0.003383237058514732,-0.0004917097388259517,0.0002408766587147504,0.006727717191641336
2018-05-08,0.0,-0.0016731144378779872,0.00016052535213439967,-0.005012220847794957
2018-05-09,0.00966562908901758,-0.002268319818888642,-0.0020868008225221057,0.006716762789677144
2018-05-10,0.009351063388609582,0.0020758997314449523,0.0068366320405601755,0.007826498155919737
2018-05-11,0.003051119067969399,9.835322018214576e-05,-0.0014379318160805399,-0.0034374897247486658
2018-05-14,0.0004765274909994677,-0.0021697391183694847,-0.004080017089843735,-0.0085587955341343
2018-05-15,-0.006887030887376744,-0.005534191694866353,-0.01614583132241265,-0.016235072321364785
2018-05-16,0.004204853201427383,-0.00208652239295104,-0.0015512935679184991,-0.003012374915014271
2018-05-17,-0.0008443977530324664,-0.0005976486090765176,0.0005724073456552237,-0.0049920804628031945
2018-05-18,-0.0025001157992695644,0.0038859670130004798,0.0004086552101045804,0.0013202340158726678
2018-05-21,0.0075188902892118215,0.0006949575554950904,0.0005718461950008358,0.011867066458274289
2018-05-22,-0.002780464907343405,-0.00039660419949472114,-0.0005715193738216051,0.0014331817467583274
2018-05-23,0.0027511031786875417,0.0045640575432364106,0.001061982268841355,0.010019839128898145
2018-05-24,-0.0020483181907149373,0.0025677875775156345,0.00856859323093273,-0.00206140207322858
2018-05-25,-0.00238301007144448,0.003941224969847834,-0.003074660285441455,0.003485452178370041
2018-05-29,-0.011501213896216611,0.010795429714713478,-0.000162297242228715,0.004760324109197356
2018-05-30,0.013345072505494215,-0.0042721258999154355,0.001461160009810003,0.013572669116660885
2018-05-31,-0.006126082584405945,-0.00048784612742036604,-0.00218857312515075,-0.0034109994824984557
2018-06-01,0.009817759579257457,-0.003694125968262685,-0.004955325896935703,0.004436180000447321
2018-06-04,0.004751387684678754,-0.003532311383494302,-0.000979631964080463,0.008707928940537624
2018-06-05,0.0007277687725582016,0.0025600089427488815,0.003922495029546447,-0.0026271420240630006
2018-06-06,0.00836041556110878,-0.004025789627390974,0.0005697980927446,0.002383290517760761
2018-06-07,-0.00010798128733091605,0.0042388025074502345,-0.00048810250152531154,0.0
2018-06-08,0.00295616618775818,-0.0013742116847046404,0.0012209142530825723,0.003628897133327813
2018-06-11,0.001330212307449008,-0.0009832846204591572,0.0017884823744616085,-0.0014960196039420781
2018-06-12,0.0012922482858646056,-0.0005899449669561907,-0.0033271415316106223,0.005993967514065224
2018-06-13,-0.0031909233524456404,-0.0011820575506454878,0.003012561044629436,-0.01948860035974531
2018-06-14,0.002517828192322602,0.003155270206142813,0.0015422908372948463,0.00949502133237079
2018-06-15,-0.0012758321612313939,0.0007858776213087726,-0.01653429211330959,-0.0006272021458805233
2018-06-18,-0.0020566820064762403,0.0004908336607545305,-0.0018954650937899054,0.0002787694403740826
2018-06-19,-0.0038329750929709805,0.002650007955064426,-0.0025596363391253707,-0.0010131896204484958
2018-06-20,0.0017061902403059381,-0.0032301960027615317,-0.004470206141435118,0.011153338287572145
2018-06-21,-0.006269039632485818,0.0026519358700851647,-0.001746208886931222,0.004763392544097078
2018-06-22,0.0018232076951711917,0.00019599803654424264,0.0024156041546103957,0.007859284955485935
2018-06-25,-0.013612762067412243,0.0013705286593928,-0.0037393797734436296,-0.00259926797897736
2018-06-26,0.002214133836963228,0.0004892742286168872,-0.0052547940330739396,0.0032262650460157527
2018-06-27,-0.00828443590404826,0.003812428168997739,-0.005701830395735019,-0.0038343773737877784
2018-06-28,0.005717607238650668,-0.0009743552534169364,-0.00303593021413906,0.008940594264656099
2018-06-29,0.0014397394361176374,-0.0007795345291474742,0.003637288959023266,0.0024612085273287843
2018-07-02,0.002137971442764508,-0.00068423021504882,-0.010029518972628937,-0.005524444423312902
2018-07-03,-0.003531343718006008,0.002542828077277237,0.01013112932642235,0.007530590642059742
2018-07-05,0.008158010658679826,9.773485162067885e-05,0.003371272825408722,0.011885861766338879
2018-07-06,0.008458083041582354,0.0008782550024899471,-0.0015959885471287238,0.005327871345782276
2018-07-09,0.009004215558687356,-0.002533996047006104,0.0024398528860691826,-0.007949547908111754
2018-07-10,0.0035987651074338434,-0.0007819170015180843,-0.001846422307055895,0.002064137259250254
2018-07-11,-0.0073147563552602435,0.0020536029089259777,-0.010846724226159843,-0.0032716572518142195
2018-07-12,0.009066528081188352,-0.00038996239700284097,0.004165231777556899,0.003039373485084651
2018-07-13,0.0007873813176650923,0.0016593514127640763,-0.004401901762097649,-0.003030163685922238
2018-07-16,-0.0008944070700301898,-0.0016566025270204898,-0.0005101399394812356,-0.0053484702933448425
2018-07-17,0.004045319753191334,-0.0005862635289134444,-0.01080394929383155,-0.006599964732134089
2018-07-18,0.0021037691915346546,-0.0007816880894294664,0.00025798744076199753,-0.004429531039650492
2018-07-19,-0.0037717901886614724,0.0027373653421141064,-0.004298856594405098,0.011740100852092317
2018-07-20,-0.0011429355593025603,-0.003509874930269441,0.006476124823511453,-0.009649468936589023
2018-07-23,0.0018592796264391698,-0.004891216543210897,-0.004804371742649027,-0.002096788278794781
2018-07-24,0.005032467452390277,0.0006881746202556105,0.0003448354786839136,-0.005067418213612562
2018-07-25,0.008522730932860378,-0.0006877013616322092,0.005515334234738045,0.00795052159330023
2018-07-26,-0.0023595041993480503,-0.0010814172604016736,-0.0077991400388178755,0.003327316872287378
2018-07-27,-0.006776165322628813,0.0015749486038989513,0.0005183138095208317,-0.010686492151012472
2018-07-30,-0.005223802894618768,-0.0012775934684945423,-0.0015540041641225466,0.0006209213859984519
2018-07-31,0.004929639483624015,0.0013778909163730813,0.002939873181190933,0.016751357244102927
2018-08-01,-0.0016709555693104061,-0.002363191425556188,-0.007328204929526905,0.007078373426446127
2018-08-02,0.00544779964528197,0.001184302879013499,-0.005384772884042377,-0.003998888408461965
2018-08-03,0.004285019702537474,0.002562725065823779,0.003492853105171001,0.010828555866971401
2018-08-06,0.003667098043379724,0.0004908615443082187,-0.0051339744804317355,-0.0013241247838163828
2018-08-07,0.0033023204376161353,-0.002062471518315734,0.0022740706959851753,-0.0018078925994604589
2018-08-08,-0.00042064218807014164,0.0008859132737339959,0.002792628802213759,-0.005795696470578093
2018-08-09,-0.0013659526216770468,0.002754578939600183,-0.0014794690881722028,0.00048563660310629864
2018-08-10,-0.006699710775161627,0.004316120561553838,-0.0004357279352805721,-0.007647239535834571
2018-08-13,-0.003743695399611724,-0.0002926651977375183,-0.01508416880379293,-0.001957141964585629
2018-08-14,0.006380548238909434,-0.0009774116478129535,0.0009738014451408095,0.004902481771956735
2018-08-15,-0.007467086361779174,0.0024453739273229136,-0.016626844065553037,0.00768418779011415
2018-08-16,0.008091519413938375,-0.0002926854768287024,-0.0008094609704913935,0.008109075175121161
2018-08-17,0.0035201137802760574,0.0003903615555962414,0.009270916232611892,0.009244687527940387
2018-08-20,0.0021397154682687436,0.003122036848637544,0.0049942495470025605,0.000714078801303808
2018-08-21,0.002345552932518702,-0.0013613912551984075,0.002928336094692563,-0.00606291242141177
2018-08-22,-0.0005933576883112579,0.0018506064452448179,0.002211997942183075,-0.0056211348712469356
2018-08-23,-0.0013279687324823097,-9.747264639947684e-05,-0.009446452957847074,-0.002525798049457184
2018-08-24,0.006018022268278411,0.0002914517289291929,0.01746886601762876,0.005908284060821778
2018-08-27,0.007895406549830009,-0.002235198376228986,0.00376657902932398,-0.0035961546665194133
2018-08-28,0.00048316943888915276,-0.002240115075447191,-0.007941321771505638,0.013474187176809371
2018-08-29,0.005380828247328218,-0.0002931291986920659,0.004574213948543848,0.00023762122332127156
2018-08-30,-0.004048371339617329,0.001855394245843467,-0.004903656511020316,-0.006408845433961585
2018-08-31,3.439927030690626e-05,0.0001948427508386974,-0.0011439392301669793,0.003941820578528654
2018-09-04,-0.0017222848423460446,-0.0022851717382389447,-0.005109698001402485,-0.011897705361594735
2018-09-05,-0.0026914950948830896,-9.767091660839444e-05,0.0034534613352918964,0.005779393607600047
2018-09-06,-0.0030097723904087825,0.0020555602805636397,0.0019414156485668688,0.002873749911896706
2018-09-07,-0.0019434227395329629,-0.004493786392941401,-0.0027302937827557994,-0.01086326915489011
2018-09-10,0.0017384532289761445,0.0005887048284272112,-0.000706542689065337,0.004465510242839921
2018-09-11,0.0032970830110512495,-0.003628377394217508,0.0006186451072049959,-0.00012028377413386693
2018-09-12,0.00024273286724962873,0.0011811847718166124,0.008390716640166218,0.00048087855323153406
2018-09-13,0.005914468214461621,-9.846803270452398e-05,-0.003591101333891067,0.004924137595522238
2018-09-14,0.00017168287594593323,-0.001868156299763668,-0.006504970809317334,-0.006334260541865699
2018-09-17,-0.005294171173014006,0.0001971412146477558,0.005220350246058381,0.003247337736972611
2018-09-18,0.005426247071287138,-0.004136132637819201,-0.0014963310274801467,-0.0047955102284099604
2018-09-19,0.001065685266984362,-0.0016813185723690838,0.0038786565809445506,-0.011685462195633711
2018-09-20,0.008103732714694667,9.931106625971076e-05,0.0034246522572403126,0.00938567151604075
2018-09-21,-0.0009140485949945543,0.0003959175803680548,-0.006825928084458366,-0.0003622392045197209
2018-09-24,-0.0033215526889320834,-0.0010889398617153212,-0.00017619740455376842,-0.017957947577156408
2018-09-25,-0.0009279807288271602,-0.0009911248687601848,0.0015863250483771907,0.00012495167054793477
2018-09-26,-0.0029922670978156374,0.003274085907983837,-0.005279352979018381,-0.011973264326918698
2018-09-27,0.002794416435806024,0.0,-0.008845643281780058,0.0047967642330117854
2018-09-28,0.00010342325042245193,0.0004942516622241655,0.006336448595585464,0.013567943226599821
2018-10-01,0.0034737862779585793,-0.0025352751082247105,-0.001685016298391906,-0.009295951397658264
2018-10-02,-0.0005824823274390711,0.002581733823849852,0.011548397044346626,-0.002252008958189222
2018-10-03,0.000548253634613749,-0.007428442190630324,-0.003951915050342092,-0.010658381904901981
2018-10-04,-0.007815555669016483,-0.002593710609967048,0.0005290529796950771,-0.008365228326901342
2018-10-05,-0.00559667568694977,-0.002401104797362552,0.002819877382429281,-0.0005112123714713368
2018-10-08,0.0,0.00040105442848359374,-0.011072074713894375,0.01445055499861736
2018-10-09,-0.0014593755256713248,0.0019043609094053782,0.0005331220730910857,0.001386419542094508
2018-10-10,-0.03166294367615152,0.0005006975192856089,0.00248666770063255,-0.014853799497939302
2018-10-11,-0.02202688937009678,0.004099459059650812,0.025691013434101517,-0.028622542373932025
2018-10-12,0.013888545717645195,-0.0011951725877562547,-0.004750349180877911,-0.002630908631237716
2018-10-15,-0.005617285628060742,0.0005986708601646296,0.006682258271583086,0.006726367506290742
2018-10-16,0.02186611014299733,-9.924180186549059e-05,-0.0017241116227775244,0.02056861963831258
2018-10-17,0.00017843192867927904,-0.0028906697353738853,-8.63742311474347e-05,-0.0038511567979310213
2018-10-18,-0.014441331420341319,0.0017992091479936967,0.001122698440194414,-0.00193322229342896
2018-10-19,-0.0005425447420513985,-0.0011970412534189068,0.0007764317521294917,0.008651114602230114
2018-10-22,-0.004488774483877744,0.00019942209235890296,-0.002586010225269386,-0.01395288764893754
2018-10-23,-0.005090512063761876,0.002596873907098063,0.005876763551604158,0.004413827979899976
2018-10-24,-0.03029867771964545,0.00537888429861888,0.0023198236435848507,0.009435030796175248
2018-10-25,0.017940797268362063,-0.002378304531656439,-0.002228717024418514,0.012804272963368613
2018-10-26,-0.01758759888964667,0.00447003240920707,0.0031786521678458524,-0.02402039632450148
2018-10-29,-0.005540246828111606,-9.938255496333426e-05,-0.003939360261170033,0.012694496050079884
2018-10-30,0.014818275782208845,-0.0021751827813099034,-0.0043847864976440665,0.013686244922820778
2018-10-31,0.010681173462686155,-0.0024778337618667212,-0.005613139108367582,-0.011734955761836696
2018-11-01,0.01064175808867418,0.0008563732716191375,0.01285276342099273,0.004724113074803915
2018-11-02,-0.005923331604259174,-0.005570261190591785,0.00017151910256396619,-0.008260118980237596
2018-11-05,0.005517277239907692,0.0006003152487286112,-0.0024003324100665413,0.014864270213911679
2018-11-06,0.0063276789241775155,-0.0010999176586595771,-0.002835798085983776,0.0050501558673590186
2018-11-07,0.021409099769181816,0.0,-8.619558903444346e-05,0.011934662818787523
2018-11-08,-0.0018150264358554047,-0.0014014366668677614,-0.0021546152083956605,0.0007449558664744949
2018-11-09,-0.009768133448198713,0.003909017802878667,-0.011228151978489587,-0.00012420560432335748
2018-11-12,-0.018685429683209076,0.0029947527457898637,-0.007162820324765118,0.001985167368312668
2018-11-13,-0.0018709759205001175,0.0007965290947962167,0.0003518677181439944,-0.0009904573818311224
2018-11-14,-0.006836606477033991,0.0020881559825765006,0.008267391966898296,-0.002478758320551999
2018-11-15,0.010436862690430981,0.0006949685378798698,0.0011339606953078007,-0.006834133241742979
2018-11-16,0.002600407747261002,0.003074532592658441,0.00740616997802257,0.010759576833066387
2018-11-19,-0.016914700092891533,0.0014832439499403716,0.0004324115306661991,0.0013613647606665058
2018-11-20,-0.018506051817942182,-0.00019777109150664884,0.0,-0.010259478911457398
2018-11-21,0.00340739996940731,-0.00019781021264830834,0.0016426250921932617,0.0008740780397447079
2018-11-23,-0.0066783469270979,0.0005930002415825975,-0.0007768338236752159,-0.0019962398718099683
2018-11-26,0.016144325652226454,-0.0007901071540055149,-0.0011228924348919422,0.0018752424632171305
2018-11-27,0.0033644735307465368,0.000987889811475462,-0.00596681464067883,0.004243263524492669
2018-11-28,0.02302474202889626,-9.825358584536481e-05,0.0037407596049732206,0.008947329163753626
2018-11-29,-0.0021848146487312148,0.0025666139463549342,0.0031201301691909933,0.00024638234000540216
2018-11-30,0.006095282312883921,0.0019683330351423223,-0.0017279847238081958,0.009481604138610544
2018-12-03,0.013241377434195511,0.0021853541039307256,0.007529883500850154,0.005367107171728058
2018-12-04,-0.03240231940325544,0.00461747211572483,0.00609912432039339,-0.014802464324304543
2018-12-06,-0.0015170887272250022,0.002542866901106944,0.0001707363609755319,0.02475386881092101
2018-12-07,-0.023235927601440776,0.0029263998119732904,0.00810992789134457,-0.013099198116882094
2018-12-10,0.0018970805110736233,0.0005830877109622712,-0.003471894702593792,-0.006454121076689412
2018-12-11,0.00022737231849156991,-0.0025269147671765912,-0.001189661703648759,0.000490348881458047
2018-12-12,0.005035109674879301,-0.0027287468332423126,0.0021269354947484054,-0.01543557449675359
2018-12-13,-0.00033917548803696906,0.0005864537477198173,-0.002207336227265433,0.005779193554694695
2018-12-14,-0.018464665787773393,0.001562209326680719,-0.0039989894119348834,-0.0028791223819507605
2018-12-17,-0.019618462507190015,0.002925529379151026,0.0069195729103175285,-0.0376650438887659
2018-12-18,-0.0010962974417885185,0.0024645361941086907,0.0023754880187698557,0.01030664914370627
2018-12-19,-0.014975823228297047,0.0034986778527974494,-0.006093958623821227,-0.010976317883565123
2018-12-20,-0.016277855945687758,-0.0012590090648295638,0.015413416962360094,-0.015014723666318397
2018-12-21,-0.020489714609857712,0.0008730088168533712,-0.004360924625816387,-0.013918441867871612
2018-12-24,-0.026422706327271395,0.002518368922451719,0.010950096100037499,-0.03562311153988518
2018-12-26,0.050524628004351424,-0.004735312085516696,-0.002999441684935489,0.033454091512709505
2018-12-27,0.007677317479384271,0.0025250672071543967,0.007604847107346435,-0.0001348258833777649
2018-12-28,-0.0012899430692167035,0.005423213977153729,0.004064011487183938,0.0032375646941915637
2018-12-31,0.008758841162785025,0.00375710581803812,0.0015694898830167503,0.0026893439178976575
2019-01-02,0.001040380316956746,0.0021110772050840776,0.0006598089159148834,-0.021724937599100103
2019-01-03,-0.023863006086727423,0.007949034630986285,0.009066170423806419,0.0069913648213209
2019-01-04,0.03349609207474513,-0.008076148492183743,-0.00808623590052937,0.011707286932355565
2019-01-07,0.007884548390807655,-0.0027779857328422697,0.003458482876331992,0.009822017618585477
2019-01-08,0.009395468331558687,-0.0024969301235369112,-0.00270804061547536,0.020652775016176683
2019-01-09,0.004673619458921419,0.0005774388080188597,0.006418158373500793,-0.0014357888462942503
2019-01-10,0.0035274363451418544,-0.00048124615111611035,-0.005886691481276518,0.013596498158794379
2019-01-11,0.0003860682276681793,0.002984861368146907,0.001727170986037363,0.002837657793652415
2019-01-14,-0.006100891239045669,-0.0005761070153909031,0.002380897199235621,-0.0033440882559603313
2019-01-15,0.011461043572373208,-0.0009605549944040614,-0.0017200351443329431,0.00954987159186671
2019-01-16,0.0024198431870157133,-0.000576816320866036,0.003199863787636481,0.007030338479114384
2019-01-17,0.007586506750084432,-0.0018278901498240963,-0.001308546962521917,0.004823632282957346
2019-01-18,0.013310085162228091,-0.003180089338480574,-0.008926410300850951,0.0034107987947622487
2019-01-22,-0.013510596285643217,0.003480660465692509,0.0035531343340227117,-0.0030214725649738705
2019-01-23,0.0020924289472836755,-0.00048171376924388554,-0.0013997379433262624,0.0001263567328786408
2019-01-24,0.0005316548533045307,0.0031805236696149652,-0.0015666428373899421,0.0034089469741611644
2019-01-25,0.0084612125112431,-0.0023056700109865824,0.01461726258147622,0.012457220879394049
2019-01-28,-0.007600171726360072,0.0002886863926836458,0.0034999210730881636,0.009818856308957624
2019-01-29,-0.0013270491580628097,0.002888867162899711,0.005596580714432919,0.007876903129846458
2019-01-30,0.015830786009830344,0.0023039415802150742,0.005726722578225818,0.008059723689748388
2019-01-31,0.00878231918510286,0.004597467627569074,0.00048117377030232333,0.010418074751153528
2019-02-01,0.0004818817345537685,-0.00535043008571523,-0.002004008016032066,-0.006354172768295641
2019-02-04,0.007035237859700283,-0.0022095394957170056,-0.004337356751223598,0.0074805858101039124
2019-02-05,0.004191640862006629,0.0017332147609367965,0.002581475453272253,0.005748518237854716
2019-02-06,-0.0013179168761293658,0.000768033287387393,-0.006758902044908588,-0.006549223477585242
2019-02-07,-0.009532758115674778,0.0032658931413598324,0.002430293392984062,0.008270329175520397
2019-02-08,0.001221395924641877,0.0013403915740786143,0.0037982966608789415,0.0
2019-02-11,0.0005546981077360069,-0.0015300387897281276,-0.004911042708701019,0.00273436604795374
2019-02-12,0.012859283676053268,-0.0013404726703120096,0.002103577179937588,-0.006283603806342963
2019-02-13,0.003247056454427799,-0.0024921113670909323,-0.003956062177902009,0.00512999177563378
2019-02-14,-0.0022182629186890956,0.00470893842772746,0.005592889654295163,0.0032050370159801833
2019-02-15,0.010897355081511462,-0.0009565306260719275,0.005964900110646543,0.0067438552673309005
2019-02-19,0.0017305810978400782,0.0017237554559494939,0.015224309695700766,-0.00023495098484915822
2019-02-20,0.0020151745195289283,-0.00019115977787531602,-0.0017363346220005127,-0.0062306018718603084
2019-02-21,-0.0035554077709818444,-0.002963938282493195,-0.011306137470128319,0.0009464613782346198
2019-02-22,0.006199985959132626,0.0029727493280307105,0.0035985360836492397,0.005909112195143118
2019-02-25,0.0013609473472584455,-0.001529921917773791,-0.0010358346885893654,-0.007871437973001716
2019-02-26,-0.0007155496081054924,0.0029682159443289446,0.001675034536747555,-0.0030787180744544784
2019-02-27,-0.00042950251292028785,-0.0035321117853963635,-0.0070871108191714605,-0.004988714466926614
2019-02-28,-0.0018622426700567463,-0.0025868991464016444,-0.005613959130088775,0.0026257332574270986
2019-03-01,0.0062433752378778795,-0.0032817844111534544,-0.017017506627186707,-0.0030950954286681487
2019-03-04,-0.003637304241078443,0.0030896803172402176,-0.0026255308667169075,0.004538343579208348
2019-03-05,-0.0013602933391465566,0.0005777292522077815,0.0013162525939691694,0.002734327368503875
2019-03-06,-0.006056945398507874,0.002789863698103634,-0.0009037184460104486,-0.0046241011514114305
2019-03-07,-0.008365047565799588,0.0033574515104661806,-0.0008222882461903502,-0.002143942231719209
2019-03-08,-0.0020001088096995856,0.001434305796345292,0.010945553273622899,0.001074243857434709
2019-03-11,0.014501316027449418,-0.0007637916033347292,-0.004884390198699684,0.014667443322302187
2019-03-12,0.0037709449261491557,0.0027709375789561896,0.006053709964792153,0.004583462171782626
2019-03-13,0.006619589624353939,-0.00038108793879387814,0.006992949727453013,0.00491330874779683
2019-03-14,-0.0006402963049402244,-0.001429580883802073,-0.011547098821608426,0.0015136119992729125
2019-03-15,0.0049407080369900935,0.003149633038780575,0.004574769560006908,-0.0031390778917196327
2019-03-18,0.003626114316948481,-0.0013320311123100614,0.0005692420438265788,-0.005013351811307687
2019-03-19,0.0002478300997434957,-0.0006670349410112797,0.002763299214570525,-0.0030470863962134276
2019-03-20,-0.00301005808276944,0.006960852178538035,0.006484057947534483,0.0030563995095804763
2019-03-21,0.011294813963448558,-0.00047377342430621194,-0.004026413261163153,0.01781268302047545
2019-03-22,-0.019246613854443262,0.007389139669757849,0.002344768069306058,-0.007253328121961111
2019-03-25,-0.000751934796389353,0.002538848827568385,0.007663119616744263,0.0012752941221008118
2019-03-26,0.007454356389275718,-0.0008440537941095672,-0.004963137418149799,0.007993046093614398
2019-03-27,-0.005229498016879663,0.002910201906501264,-0.005229296137734152,-0.0028732738877155217
2019-03-28,0.0037906403988867687,9.346663901865782e-05,-0.014152850613865509,0.00970345144571394
2019-03-29,0.006305742832747097,-0.001591444782813367,0.0009023839948698598,-0.0009193873017676601
2019-04-01,0.011858972408014479,-0.006875764423903807,-0.003934131206699276,-0.0005754226029214271
2019-04-02,0.0004898291947015299,0.0017023880516922052,0.0037028271386223555,0.007022961713997633
2019-04-03,0.0015737822029735504,-0.0031161869864264613,-0.0014756542074283452,-0.0011435929962136937
2019-04-04,0.0026530852666513116,0.001041918204263803,0.00254513588527594,-0.0016021909050686345
2019-04-05,0.004840290566822114,0.0004732715436608359,-0.0010645913747292512,0.00699328872306948
2019-04-08,0.0007624566442752112,-0.0016080678079987143,0.004344964459018774,-0.005578813904525193
2019-04-09,-0.005124799303158456,0.0018002336975178057,0.0052240582686200465,-0.005265762330315171
2019-04-10,0.0034109044893413376,0.0023643580955967636,0.003085645543724258,0.009206898501027627
2019-04-11,-0.0002774295964822482,-0.002264688818289895,-0.012790430232882732,-0.0006841803279445946
2019-04-12,0.006765891711708827,-0.0046330992068099874,-0.0009839698252590567,0.004792772402137047
2019-04-15,-0.0006547808684295164,0.001330338817869814,-0.0018879040751599296,-0.005111062904628705
2019-04-16,0.0006552098873284784,-0.003415483112560125,-0.008963785785923273,-0.022601849832929566
2019-04-17,-0.002447214159694955,0.00019014773424985698,-0.0019085831288392363,-0.009110616468980703
2019-04-18,0.001969749725917236,0.0023799218478532946,0.0007482870651696061,0.0076615182618429145
2019-04-22,0.000861722329350556,-0.0014247538978517937,0.0,-0.010995335201053558
2019-04-23,0.00899173212483273,0.001806735348595323,-0.002076929420084306,0.013246583933960832
2019-04-24,-0.002219530027420924,0.0037963684682473797,0.0029137401441747812,0.007353872128662786
2019-04-25,-0.0006157715104367911,-0.0012292637447312016,0.0008300695036758121,-0.0020856002050394506
2019-04-26,0.004656631975679559,0.0026511768522505808,0.006635175033447016,0.00789579275208041
2019-04-29,0.001567876848037164,-0.002077491665971931,-0.004449212353194509,-0.00979306372976263
2019-04-30,0.0005102598258326374,0.0019869288650895545,0.0030621129817147708,0.009540664979718283
2019-05-01,-0.007516588014708447,-0.00045405691428446193,-0.0066006224629272525,0.0008066347841086952
2019-05-02,-0.0021589441697714706,-0.0028398580105571947,-0.0038205903541769226,0.0010365492054735803
2019-05-03,0.00978789483962017,0.001328960449512806,0.005919618726200282,0.008512851353172923
2019-05-06,-0.004115292576828855,0.0025600264296539166,0.001326117121353887,-0.0031941083314475094
2019-05-07,-0.016699773036388033,0.0034042495867094846,0.003310996887363693,-0.018079913425943728
2019-05-08,-0.0013888826477530536,-0.0018850819482232328,-0.0024750055657883907,-0.0010485190258875399
2019-05-09,-0.0030256872570737503,0.0026440473367679296,0.002398422606480155,0.0025663931047412714
2019-05-10,0.005023195950371262,-0.0006594191899755852,0.001897717514232511,0.010705016804071654
2019-05-13,-0.025130435943887974,0.004994257253858159,0.010211626950944463,-0.0010361937933076604
2019-05-14,0.009043868051733961,-0.0009376832382549383,-0.001711902564663248,0.003688040212453947
2019-05-15,0.005857225678778111,0.0031909095716402547,-0.0005716127335255727,0.006774511203945677
2019-05-16,0.009261125566782713,-0.00196436345841422,-0.007190107507202059,0.0039920078987722984
2019-05-17,-0.0064646219822237505,0.00046866689990165966,-0.007077611679961793,-0.0019310618401127133
2019-05-20,-0.00661210440714044,-0.0016866671583581905,-8.290208125960596e-05,-0.014455252622265213
2019-05-21,0.009015475537106354,-0.0011260017177140424,-0.002320944800343727,0.008546044875273662
2019-05-22,-0.0030715171745179237,0.0030067710909638112,-0.0009970317877491253,0.002977274234870819
2019-05-23,-0.012218544341037862,0.006088844762816681,0.007734533613593886,0.0022833592390776314
2019-05-24,0.0022683586624232532,-0.0002794000296745258,0.0010729131367257505,0.0030755355452194433
2019-05-28,-0.009300696450512347,0.0043775832695520656,-0.0038747008151563955,-0.009879622576888125
2019-05-29,-0.006710731561561434,-0.0003712391605829035,0.00033105118696652447,-0.013303961534016362
2019-05-30,0.00273158585416744,0.003618045840158013,0.0067841455794739325,0.004184408759935199
2019-05-31,-0.013475696516537239,0.006654863820619195,0.013476862164072179,0.005787806907572968
2019-06-03,-0.0025425451587648418,0.004811060761002572,0.014432812396575123,0.002416794830028879
2019-06-04,0.021706683730031706,-0.0036619906829691296,0.0003197259638094696,-0.004477644913886469
2019-06-05,0.008662106947551651,0.0,0.00255692921232642,0.020874302758155938
2019-06-06,0.006502338254674278,-0.00018358824907904747,0.003267681746441209,0.0019204868558886368
2019-06-07,0.010007341135783276,0.003952311902673644,0.0056402851919619135,0.0037205624852836294
2019-06-10,0.004588779453555736,-0.004943698872008295,-0.00995334973762696,-0.0032577310673890247
2019-06-11,-0.00024189986005629383,0.0,-0.0011968524989021123,0.0027046446130536417
2019-06-12,-0.0017657187507734706,0.002576076042752673,0.00519253494403471,0.003372255709527705
2019-06-13,0.00412647161470181,0.0024777055429627826,0.006119340633088832,0.004256713845500304
2019-06-14,-0.001104892603662866,0.0007321134668245577,-0.00031596300165459557,0.0005576098780093464
2019-06-17,0.0003798480654821912,-0.00018291530987801785,-0.0006320654488249922,0.010702604481448219
2019-06-18,0.01047144814242218,0.0019212122849519009,0.005060083591572395,-0.0009926499665542377
2019-06-19,0.0022571757379692414,0.002739801728904867,0.006057242183997058,0.005409760357646398
2019-06-20,0.009554429845010537,0.0016388084447480633,0.025177896911959374,0.005051667230360435
2019-06-21,-0.0014536196810276403,-0.004091270787287438,0.006635612181659978,-0.014095505997204771
2019-06-24,-0.0012245421998563488,0.0034694929817629117,0.014850786310930397,-0.003435273998625976
2019-06-25,-0.009808002158298246,0.001546458683409968,0.0019411266395166216,-0.014790859095003106
2019-06-26,-0.000997192664335178,-0.004087635934074241,-0.009165393111099984,-0.019980101522703353
2019-06-27,0.0035455098277252795,0.0030097091091125794,-0.000977700846950591,0.012873530395401511
2019-06-28,0.005146387967723154,0.0004550826541487307,0.0027100317696175935,0.0034442056761789797
2019-07-01,0.009077966384729574,-0.0012566032974881125,-0.019369383559800002,-0.00045748284582791676
2019-07-02,0.0026046047881544965,0.003555330831396919,0.021359735486276676,0.01739919431928838
2019-07-03,0.007994922973009855,0.0019075758034092782,0.001649060899963084,0.011926048342762341
2019-07-05,-0.0011378520066633868,-0.00634694708207395,-0.011150231525253074,-0.0035578428854351474
2019-07-08,-0.005494908459441117,-0.0010036307206805484,-0.006432617734537516,0.0035705463282862393
2019-07-09,0.0012466987483354952,-0.00063923262832144,0.0035037454291328984,0.003335784415688936
2019-07-10,0.0047783249434263375,0.0005482522702200399,0.015787490178783115,0.005762439728875579
2019-07-11,0.0023440994575369967,-0.004932730245537753,-0.008443584154164463,-0.013001534617873567
2019-07-12,0.004476972915598676,0.0011013363036393997,0.006254723814186791,-0.0013393848459931634
2019-07-15,0.00033201956819195466,0.002108975585841888,0.0,-0.0007826640583844524
2019-07-16,-0.003225018891005904,-0.0021957853974859942,-0.008462554430785363,-0.0023492702169094493
2019-07-17,-0.006804907083432954,0.00467716739628421,0.01646531748539748,-0.003363874712145498
2019-07-18,0.0036610539988963797,0.002464771449711245,0.014117951186161548,0.0
2019-07-19,-0.005554776326395783,-0.00182145786054011,-0.014727392803034478,-0.016314206624345906
2019-07-22,0.002456367353882438,0.00045640289943249535,-0.00014876383044060137,-0.0009151106382070395
2019-07-23,0.007149835227349577,-0.00164168698623135,-0.005652618252780628,0.011333833261942372
2019-07-24,0.004699553489903696,0.0014610767993916696,0.005086339018351538,0.0007927005688004307
2019-07-25,-0.004776938326159552,-0.001732264021033103,-0.007070008058076338,-0.0058821694009871806
2019-07-26,0.006700296720488108,-0.00018252875638324895,0.001648937368628589,0.004551378025054786
2019-07-29,-0.0018216985990299195,0.0009132260656417035,0.006659678193005059,0.0027180223640648205
2019-07-30,-0.0024544578752556667,0.0004565701836496405,0.003344956160896251,0.008020243060398613
2019-07-31,-0.010940349988439513,0.002555360541198537,-0.013112972808538625,-0.0039222933152405215
2019-08-01,-0.008708193494145533,0.011342370562154924,0.02402219643390402,0.0
2019-08-02,-0.007529046716083454,0.0020735251516046382,-0.0038120684590625675,0.004837705689103133
2019-08-05,-0.03007357816467049,0.008636872543682728,0.013981852270352535,-0.019704747177796467
2019-08-06,0.014023065872629914,0.0016056327736382325,0.008128386897085838,0.01107809923055103
2019-08-07,0.0005906708617602341,0.0,0.015189695160357397,0.00971441643873927
2019-08-08,0.019619946417996248,8.880719561510375e-05,0.005034686098196239,0.017563474060622974
2019-08-09,-0.006811498571229757,-0.0015136319475653748,-0.0033161732510501585,-0.0012091147667607771
2019-08-12,-0.012172820235569315,0.0063323706924656165,0.009698502260031328,-0.0026419848805768753
2019-08-13,0.015551235375872885,-0.0035452744456766494,-0.005959518154781018,0.0014349767444536976
2019-08-14,-0.02956734811874473,0.006670232524402797,0.0068415942238304606,-0.01520850254055417
2019-08-15,0.0026417194019932033,0.0063613309135761575,0.0066549698650941735,0.009959715038368122
2019-08-16,0.014754722425378342,-0.002633979467302483,-0.006402214255277094,0.010304755657184472
2019-08-19,0.012047904452920921,-0.004752900724370734,-0.011696303286335752,0.007238504407670154
2019-08-20,-0.00766242623522384,0.004421776248001219,0.007795380191040424,-0.007077370490957469
2019-08-21,0.00813566417409839,-0.002641466099652323,-0.003164420123660472,0.004167105759036449
2019-08-22,-0.0003080766481724506,-0.0022069046030125383,-0.0025395077899371676,0.0045864625083966715
2019-08-23,-0.025687533248110017,0.006724073131648023,0.019589847185487175,-0.014022942330558341
2019-08-26,0.011058480944297733,-0.0009668804531702824,0.00013875475282665306,0.007717425865763516
2019-08-27,-0.003923580247857661,0.0043108689923765375,0.00957073902105865,-0.002844488734483508
2019-08-28,0.007041340205138358,0.00035060335280867605,-0.002816539407023644,0.0032916427142895
2019-08-29,0.012772962385202646,-0.0019268075571129417,-0.007164566813753437,0.007764563864056218
2019-08-30,-0.0004437855603157681,0.0002635072568879515,-0.0025672712303844714,0.0007597081040140452
2019-09-03,-0.005847315637444672,0.0021964040217168357,0.013913043478260834,0.009975850071605619
2019-09-04,0.011350269640432398,0.0015781167806416807,0.006243592878966586,0.008374587538720668
2019-09-05,0.012855195708819656,-0.008052665762587896,-0.024001119491110168,-0.0072401921931440905
2019-09-06,0.0007722896819004621,0.0006175593755857189,-0.008523132778435305,0.0022523734051247413
2019-09-09,0.0005033971348653576,-0.006172661826786774,-0.0037344897557421985,-0.004815253724229862
2019-09-10,-0.00023509589730952296,-0.007276108610965615,-0.008557937047107611,-0.010322763243999278
2019-09-11,0.007111703629954613,-0.0009830394493811623,0.006063676329913781,0.001086267419704523
2019-09-12,0.003463651744329832,-0.0022362831444183717,0.002056360685188219,0.005318208500772581
2019-09-13,-0.0006635282156939315,-0.009146732117118805,-0.008279177519783909,-0.010687683731281927
2019-09-16,-0.0030893679467384194,0.0043437793933134294,0.008348294532203537,0.008730150824561633
2019-09-17,0.0025321419814714474,0.002613230810633471,0.0019813102518067005,0.010817402642725238
2019-09-18,0.0005983601508805503,0.00035943590970899386,-0.006285306153149484,-0.003424468562715166
2019-09-19,-6.673228862608127e-05,0.00044939818764722084,0.004050828215713009,0.0035437427684628098
2019-09-20,-0.004724916325855366,0.0057468143252672466,0.011820485442912032,0.0
2019-09-23,-0.00023451786338624103,0.0014289395432525165,0.005596383832365381,0.0016050845747432874
2019-09-24,-0.007846994243803307,0.004992737366218414,0.005286918308423871,-0.0022182038250458946
2019-09-25,0.005914920985811811,-0.006565111496373621,-0.018545379403875573,0.0019426923479703984
2019-09-26,-0.0020831564977268346,0.0021434276316258938,-0.0002820880237280887,0.008402332585291994
2019-09-27,-0.005387516555986793,0.0014258146542753813,-0.005148429100112373,-0.005554951969555466
2019-09-30,0.004637779583813506,0.0008004401331533906,-0.015525325955691782,0.0017186402933009326
2019-10-01,-0.01189466189258781,0.0027695924785107184,0.005472814807717441,-0.00943689094520983
2019-10-02,-0.017664673585803037,0.003463060911395477,0.011673634369571584,-0.004222088536517843
2019-10-03,0.008192922704838956,0.005221369414930566,0.004530648552570016,0.009676027534943898
2019-10-04,0.013531983754512034,0.001936884287861096,0.0,0.006029865261609091
2019-10-07,-0.004314693125687219,-0.0033390455703833366,-0.008527071931805796,-0.002140349404717634
2019-10-08,-0.015524481785547883,0.0021156840524207965,0.00874259511120079,-0.00525598440485886
2019-10-09,0.009496293281241242,-0.0025510941606298188,0.0009160434363713055,0.0019404853445283976
2019-10-10,0.006763327426938748,-0.006262417398994802,-0.008729359144837523,0.0016144747757460554
2019-10-11,0.010367087653959661,-0.006833808893280335,-0.005539370732339566,-0.000429618805798726
2019-10-14,-0.0011137952950345253,0.002770730112910069,0.003999125640758994,0.00042980345744680903
2019-10-15,0.009900627892227565,-0.004812608016425357,-0.006970593591764218,0.0012893910351237103
2019-10-16,-0.0016061671038966052,0.001970347981580911,0.0057302703836425994,0.00010699942848213517
2019-10-17,0.002949169661575768,-0.0003575479637364376,0.0014243781997433924,0.006545593002772465
2019-10-18,-0.004377388055530007,0.0008937444525438654,-0.0010667370445437419,0.007675105584150632
2019-10-21,0.006779115389395685,-0.003662196166136833,-0.004770136663166058,0.007616015381517238
2019-10-22,-0.003266895845194795,0.002331070820236647,0.002932997222985456,-0.0029393392222504255
2019-10-23,0.002909878369858898,0.00035751193717370455,0.0023537934253772264,0.0022112652664327825
2019-10-24,0.001633653188193751,-0.0001788135056084439,0.007115918371069618,-0.0025215097316035884
2019-10-25,0.004095269503902044,-0.0021459839027728744,0.0023316740895991117,-0.00853172579614403
2019-10-28,0.005636699696894842,-0.003764319138968464,-0.008600036764796815,-0.0060552944578150525
2019-10-29,-0.0002971359739587509,0.000899455252956205,-0.0027730332148816483,0.006092184428420522
2019-10-30,0.0030675726964783934,0.004853783939199996,0.005490226541611021,0.0036119059160091282
2019-10-31,-0.002663289204307917,0.006350513286730752,0.009998499224238566,-0.0017994008317567811
2019-11-01,0.009264010683384116,-0.0018874024736108552,0.000912763389017579,-0.0002122185992980974
2019-11-04,0.004017530561700733,-0.005083275785648822,-0.002876007780098777,-0.007000372701607471
2019-11-05,-0.0011059798406397592,-0.00537842820508172,-0.016180006273117664,-0.016983453526854708
2019-11-06,0.00022783429877293315,0.002884044482766912,0.004290245395359271,0.002173342060294514
2019-11-07,0.0035166791302665423,-0.00799777289960979,-0.015521486102876958,-0.009975218136077602
2019-11-08,0.002466072487625093,-0.001358694428296503,-0.006364394703267995,-0.002409429251460704
2019-11-11,-0.0019097716156386557,0.0010885491922965063,-0.002401934875323586,0.0021957699500814165
2019-11-12,0.0021081264429585467,0.0004530484978957361,0.0026995120660886496,-0.007558421942598814
2019-11-13,0.0003237456167179964,0.0027171419010920683,0.004002059820052306,0.009161305629116878
2019-11-14,0.0014557290757359898,0.005058412081073049,0.004203521155341949,0.007765401417572759
2019-11-15,0.007236249214274348,-0.0008087528916673747,-0.0025259154943226836,0.00542649046233068
2019-11-18,0.0007374326526135011,0.0017086588308756756,0.0029664162029099383,0.004857632722318428
2019-11-19,-0.0002882915681688969,0.0018859371265005365,0.0005050304911609071,0.0017186402933009326
2019-11-20,-0.003718487467648357,0.0036741991854736256,0.0005046655432805469,-0.0005364671180446701
2019-11-21,-0.0016092912584922958,-0.0025000157401223744,-0.005477043362080103,-0.014055572675056194
2019-11-22,0.0022242233698142044,-0.0001790779065768966,-0.0018840181654777854,-0.003700278322269046
2019-11-25,0.007749879686022032,0.0004475726146100367,-0.004791662812458131,0.0031681357674331334
2019-11-26,0.0022659372787527943,0.001879206706022929,0.004814733391401704,0.013283629927711704
2019-11-27,0.004457411520520926,-0.0025902966143573902,-0.005299919828770094,0.00472834701620739
2019-11-29,-0.0037088239133453715,-0.0008061710703430869,0.006203971517371398,-0.004599024573825772
2019-12-02,-0.008494521055380955,-0.003590509646572815,-0.0005078146228696401,-0.015149783314088894
2019-12-03,-0.00670653915436159,0.008918076062145008,0.00957984896245434,0.006436690711295157
2019-12-04,0.006170527840976714,-0.003839334834454089,-0.0013658431498282386,0.004119275829022273
2019-12-05,0.0017973993695132862,-0.002329938856702074,0.0005758841931267078,0.0005397355596565845
2019-12-06,0.00913409730418735,-0.003054613657100025,-0.009928092682104261,0.0020502967481079715
2019-12-09,-0.003143681610223159,0.0008109152824953281,-0.00029060665275248976,0.0019380906116026608
2019-12-10,-0.0011151701719810392,-0.0011705626495257526,0.0028347098739491816,-0.005803131992965449
2019-12-11,0.0028385861394766287,0.00414685131510617,0.00688553265084435,-0.01016113455317147
2019-12-12,0.008619198962649621,-0.007899971831542896,-0.003527249493396556,-0.013541886507191125
2019-12-13,0.0005989856807113725,0.005881777321373516,0.004478873140076667,0.00022121512542994104
2019-12-16,0.006869862589993447,-0.004677712556008906,-7.198680622300113e-05,0.007194730340797539
2019-12-17,0.00021915316304199628,8.998967280793302e-05,-0.00021575647831872935,-0.009450960892526616
2019-12-18,6.248085072746434e-05,-0.0027113577877095896,7.200752478642158e-05,0.012188725533760492
2019-12-19,0.004099099835945141,0.0007805426153608686,0.002589559770448613,0.008862240494548201
2019-12-20,0.004384120972814154,0.0,0.0010044438566789715,0.005490663374885019
2019-12-23,0.0015275143029838123,-0.0009066260946312132,0.003081942822633188,-0.0050240369081668845
2019-12-24,3.1345849731190256e-05,0.001724414537212171,0.009431992518777577,0.002634711954477398
2019-12-26,0.0053235077622950655,0.0014496473763383477,0.007857298625196796,0.004378354119099592
2019-12-27,-0.0002479760745699444,0.0014470596284961168,-0.0003511943393945671,0.00316061126970979
2019-12-30,-0.00551306667387419,-0.000631929491652583,0.0021077991140190377,0.0009782611021136312
2019-12-31,0.00242910739240787,-0.0036159282065297838,0.0018929327941459295,0.007163448257068161
2020-01-02,0.009351998469193212,0.004626865720466444,0.0073478173310379535,-0.01174695969906192
2020-01-03,-0.007572268440661278,0.006683331851766505,0.013268521727000326,0.006216012389506753
2020-01-06,0.003814970545287677,-0.001076789414406365,0.010489502076611812,0.0011923280402390546
2020-01-07,-0.0028114386456146168,-0.0014368890792868516,0.003935150508558971,-0.011149389369178975
2020-01-08,0.00532892246381933,-0.002338081701286243,-0.007501524641443713,0.003064621544998758
2020-01-09,0.006780780688207422,0.0007207582018748937,-0.005651653463197515,-0.0005452057673615007
2020-01-10,-0.002877287583881949,0.0021617728437386408,0.006026192495848015,0.007643387563989634
2020-01-13,0.00687696450290165,-0.0011683702563721754,-0.007419483430124996,0.012028360543324235
2020-01-14,-0.001524588063407828,0.0019801164188397724,-0.0008915435213457945,-0.003747468724355163
2020-01-15,0.0022598807515210595,0.002514660012072678,0.005834242779070742,0.009028348778121087
2020-01-16,0.00831830432952918,-0.0020604813248842335,-0.0015695082440052577,0.007988794251474474
2020-01-17,0.003112786716450655,-0.0008078485688950421,0.0018454259925253513,0.0009512780815874589
2020-01-21,-0.001958172338780928,0.0039530979918172005,0.0010915790702048511,0.009501661205541634
2020-01-22,0.00012065673735661697,0.0001788430812896813,0.0003406555206315609,-0.006693072255258059
2020-01-23,0.001147063021307737,0.0025058557208139653,0.002248122121045526,0.008422455001025675
2020-01-24,-0.008893313325562091,0.0035698574406248795,0.005845572586286041,-0.0034453866081090023
2020-01-27,-0.01602955042245513,0.006759098925765539,0.006825312844883635,-0.0048189892810032164
2020-01-28,0.0104794514791966,-0.0033568999275619404,-0.008926785569624784,0.004000582098843575
2020-01-29,-0.000826215986226897,0.004786613397915529,0.005417872354848807,-0.0036703875715781153
2020-01-30,0.003245633243751822,0.0009699376577698704,6.732120695107646e-05,0.0007367196186052194
2020-01-31,-0.018158126058447244,0.005023647422710553,0.005792420039608892,-0.012198798923172549
2020-02-03,0.007428768385708828,-0.000851519380740795,-0.006495688802043542,0.0033003556325539307
2020-02-04,0.01524129566235155,-0.00580029792583181,-0.01300895070524588,0.010292561277185586
2020-02-05,0.011547760106623173,-0.00433136183191285,0.0012293105482077404,0.0006304945292163744
2020-02-06,0.0033646733597809675,0.0007104624831055784,0.005388399719282511,0.003358830724687234
2020-02-07,-0.005329206372335915,0.004790500074030479,0.002645857569860688,-0.00020929498387289858
2020-02-10,0.00746489495892777,0.0019423213689049312,0.0025712490701368385,0.01119601992550967
2020-02-11,0.001733107988512561,-0.0023794470855421634,-0.0034419552752806837,0.007553820871831318
2020-02-12,0.006443011151407774,-0.002561565434141433,-0.0008127480224853212,0.00595657608709943
2020-02-13,-0.0010669110170747897,0.0008855173823443252,0.00569345014846645,0.006023632550171909
2020-02-14,0.0016019762220844669,0.002477541752265333,0.004178427664004669,0.010350896965831025
2020-02-18,-0.002577176099776035,0.0015887918706485316,0.012818816524224008,-0.0011047266199657457
2020-02-19,0.004781734559409889,-0.00017602323919252427,0.005831221275388376,-0.013474136242030754
2020-02-20,-0.004108628983898521,0.0029085047204193692,0.004084659090851872,0.01192535715708587
2020-02-21,-0.010298210525676144,0.00404240894315433,0.015025216397275942,0.0029211887937263814
2020-02-24,-0.033165491302776906,0.007790051378725682,0.008985128746405113,-0.013658726343124705
2020-02-25,-0.030302090273151228,0.0027791288028902184,-0.017874260693127697,-0.027084907494227206
2020-02-26,-0.0036783547421844753,-0.0005196376242900813,0.004370503298157802,-0.010779803893403606
2020-02-27,-0.0449115567962689,0.004852810711988065,0.00019483522153040944,-0.05321617769468612
2020-02-28,-0.004201387263282785,0.011210784959111209,-0.03649347478693177,-0.0241367086702432
2020-03-02,0.04330635201897648,-0.0006833915659408829,0.005526297603759334,0.04271147107242723
2020-03-03,-0.02863233946525645,0.011619993539369267,0.031434333360162325,-0.0023059491910526475
2020-03-04,0.04203283083050735,-0.0021956832657406,0.0017545277375516921,0.03775424799230209
2020-03-05,-0.03324142455953194,0.008887526092776321,0.021600945458936538,-0.02142530946201393
2020-03-06,-0.01653117613768762,0.01015182744133769,0.00038096105467699815,-0.01723396063077498
2020-03-09,-0.07809465169068752,0.008970273186305278,0.0016502348575044845,-0.07709253349630296
2020-03-10,0.051744398770493305,-0.018356793129574833,-0.02110133630677158,0.04224846675393046
2020-03-11,-0.04874783219681855,-0.009979259763247095,-0.0035603512879937016,-0.06008811045133322
2020-03-12,-0.0956770461590255,0.0005082724888871848,-0.0398882588306293,-0.10130300798319469
2020-03-13,0.0854860346009958,-0.006518933008642591,-0.03051623730778741,0.0872778779672958
2020-03-16,-0.10942364713795083,0.02641669521959611,-0.011446115323986206,-0.1772773207536339
2020-03-17,0.05399191982317442,-0.025072464449666154,0.0135554799295321,0.05780695888997567
2020-03-18,-0.05063279543293042,-0.013880513455497456,-0.019921988429849713,-0.0951279223430197
2020-03-19,0.002124889880024128,0.003281675886173119,-0.018905499074657994,0.0035151550625811545
2020-03-20,-0.043094199514981946,0.025477374774032446,0.014995707221804766,-0.04983304319910009
2020-03-23,-0.025568138523694106,0.011834542800997827,0.044179590424960224,-0.046414029810334934
2020-03-24,0.09060333428866696,-0.006801992498483567,0.048530353360380474,0.08996648404902352
2020-03-25,0.01497013178079798,0.0005846886078839653,-0.01368964099270864,0.053844899329720475
2020-03-26,0.058389995926323435,0.0024206943776907686,0.012822223412266576,0.0705216030344118
2020-03-27,-0.029785830213709952,0.007411281223491439,-0.006460489804721581,0.0010003315592008732
2020-03-30,0.032475780837771806,0.0023142176827217753,0.004400644787818209,0.02184172314915278
2020-03-31,-0.014905529724725253,0.001814459890656428,-0.03184668568859872,-0.02416901440745356
2020-04-01,-0.045004900814416104,0.004071236385945198,0.009456223354449733,-0.06571202232000872
2020-04-02,0.023075576391245578,0.00016401132938659302,0.0163934225377782,0.0033709636348202565
2020-04-03,-0.014454343769361166,0.000738630111625227,0.0049374590529023266,-0.014508228040642113
2020-04-06,0.06716602866719068,-0.0045101099298789915,0.027710521817620126,0.0740738581969187
2020-04-07,0.0010198013421947039,-0.004448647173444842,-0.005354484768834378,0.009234069058429828
2020-04-08,0.033568378621695594,-0.0012413604507984788,-0.008907968786563414,0.06819145021870998
2020-04-09,0.01521720098282553,0.00215411778229746,0.026123560972308058,0.05607625162633978
2020-04-13,-0.009130362793557278,-0.0021494875329797214,0.017140343933811808,-0.04207331812797699
2020-04-14,0.0294932091588751,0.0013257883656658809,0.007868093580683189,0.028046053933362014
2020-04-15,-0.021248177428436654,0.008935792239691098,-0.005101958505246418,-0.03963465093476026
2020-04-16,0.0048244721502987975,0.0010661063250314573,-0.0008649946516461338,-0.011389435164915418
2020-04-17,0.027015533926029844,-0.002621229279285542,-0.019417471147623044,0.03158025617272675
2020-04-20,-0.01761804136606082,0.002628118179607286,0.007126124562213176,-0.03718313210978019
2020-04-21,-0.030363173373842645,0.002785506713488317,-0.006825274631933054,-0.018149330004670783
2020-04-22,0.02219442468289512,-0.003104384345891553,0.019670860003665247,0.015288113389494429
2020-04-23,-7.16711329119546e-05,0.0006554852235438613,0.00995486708021609,-0.008350398719870311
2020-04-24,0.013938613429431035,0.00024556320461521786,-0.004285520778353313,0.004279474845913844
2020-04-27,0.0144184747784879,-0.005321362143420605,-0.006640444141094992,0.034226818853901
2020-04-28,-0.004598705894729105,0.004362195664356028,-0.004456556273727319,0.008240369193885488
2020-04-29,0.02617824708321903,-0.0004917094591033733,0.005533445721913166,0.015027689312793857
2020-04-30,-0.009310193554113777,-0.002377875340071278,-0.018116569301821484,-0.011558498974109543
2020-05-01,-0.026473491014802786,0.001381942762193722,0.00617125761149806,-0.03376670236358248
2020-05-04,0.0027582885230914567,0.00016473746928302724,0.003504803873276119,-0.004895499205482712
2020-05-05,0.009239094623089139,-0.0007391698717013062,0.004241037483481591,0.0049195830202497515
2020-05-06,-0.006778414889264783,-0.003699836996835959,-0.012855591040204617,-0.01794945524270153
2020-05-07,0.01206664209396946,0.0061061897705980694,0.015350754880484763,0.014261922513377323
2020-05-08,0.016546437578979223,-0.0032806369360768306,-0.006010293229887331,0.02375376966824394
2020-05-11,0.00020503414155048638,-0.0027976717170669074,-0.006233636774804485,-0.014534955865686094
2020-05-12,-0.019931575755079978,0.003300965224942498,0.0038890673962401756,-0.0454666175945293
2020-05-13,-0.0176859202275933,0.0020555315194288326,0.00962264814750724,-0.02424171078039139
2020-05-14,0.011967506678994377,0.0015597651281167302,0.008850059782004704,0.0034869503363998966
2020-05-15,0.00459667615047743,-0.0006557513955300909,0.0056438144895878395,-0.003909276386059757
2020-05-18,0.030459766028883895,-0.006150158498773983,-0.007564144999551381,0.05915718354978594
2020-05-19,-0.010270989575409839,0.0028055855904933757,0.00965020617044443,-0.013448751800690273
2020-05-20,0.016987859170214392,0.00024689816192613456,0.0023742810342795018,0.008902402573087054
2020-05-21,-0.006903730403461927,0.0006576422389323877,-0.0145763375976391,0.0008276378371585569
2020-05-22,0.001898722503742789,0.0018911749568761849,0.005916836449104457,0.013500221492162012
2020-05-26,0.012320453076984927,-0.002625497221477535,-0.014214859559966153,0.03737917954966652
2020-05-27,0.014879303477813632,0.0008225631143394807,0.0018024320171106112,0.019916005762099287
2020-05-28,-0.001845052727020735,-0.0009040315234170038,0.003350344766475555,0.004753648777327424
2020-05-29,0.004455739140250881,0.0032080827714433546,0.0073584122707384125,-0.009973275396820247
2020-06-01,0.00404202300482881,-0.00039410915330095886,0.004603768848692402,0.023117886198864568
2020-06-02,0.008279844119957636,-0.0016420451885890142,-0.0064768271714218395,0.008078625924497818
2020-06-03,0.013308395570337694,-0.0059227366755932875,-0.01845018380928054,0.03205608948627958
2020-06-04,-0.0026268712997663535,-0.003971546654716329,0.010526269495827023,-0.00994881987483398
2020-06-05,0.025629539769938647,-0.004985066021319429,-0.02027532426346157,0.037867619988877665
2020-06-08,0.01208756418106316,0.0010856648614154807,0.010822142733466267,0.024796293297047134
2020-06-09,-0.007456640924030089,0.003586305664165401,0.00964183116931494,-0.016592015728420395
2020-06-10,-0.005580277506704312,0.007479378698334926,0.014324773012967418,-0.02542468623485372
2020-06-11,-0.05764870027778157,0.003547034898089274,-0.007214084989501601,-0.06419833242329265
2020-06-12,0.011976031287860511,-0.0022195123496377978,0.0014163170663434865,0.035843042676597214
2020-06-15,0.00933560305095682,-0.0008237772319726888,-0.0017832572551969017,0.014138483188662176
2020-06-16,0.019247458285763575,-0.0020608454439067225,-0.0004928345355281749,0.019689261922094303
2020-06-17,-0.0041540085724270925,0.001569539182022739,0.0019106166939522051,-0.01451139524913525
2020-06-18,0.0003853149090211616,0.0022271632599306646,-0.001968455156468263,-0.010953359275891139
2020-06-19,-0.0057147835121341695,0.0003292715309946015,0.011032995719469696,-0.014519347078366551
2020-06-22,0.006415293201352146,-0.0009049774422961177,0.006462217682632332,-0.0009988436784942323
2020-06-23,0.004603210151125969,-0.0003296827141530123,0.008419646377624934,-0.004124586329492419
2020-06-24,-0.025508729402108243,0.001895027244154246,-0.0034839130582626776,-0.028488802400536084
2020-06-25,0.010720647348679169,0.00016462067388078871,-0.0006027175913517757,0.012772259877747105
2020-06-26,-0.0237516507637775,0.0027126996249713375,0.004463149702982783,-0.019193482452870336
2020-06-29,0.01469768766345303,0.0009837141233295377,0.0005404803669293301,0.01930627559250553
2020-06-30,0.01280968681964434,-0.001802168430480977,0.004440918278166173,0.011854291106424109
2020-07-01,0.00700481923375551,-0.0015599535301072942,-0.004481089931769877,0.02304852285915726
2020-07-02,0.005506889174631047,0.001233753268054194,0.0021606086958432247,-0.002862612539119458
2020-07-06,0.015437175984912788,-0.00147881200704425,0.005988741319838731,-0.0004993221415136029
2020-07-07,-0.010313750423836976,0.0032086537732622933,0.006310260659329048,-0.019857759222683513
2020-07-08,0.007648434168327833,-0.0015580719797383402,0.006211565862881185,-0.0014016247926483816
2020-07-09,-0.005692627133763284,0.003203602992412513,-0.0027044004055614135,-0.006252718294769477
2020-07-10,0.01021050164454751,-0.0019651298687349827,-0.0025938951172596036,0.0030818434320192267
2020-07-13,-0.008658873098591813,0.0010664800216440007,0.0012411575864292868,-0.011904508345724651
2020-07-14,0.012958834749480452,-8.189308036488097e-05,0.004663568910189042,0.008420206239158734
2020-07-15,0.009187134865373148,-0.0003279660840944665,0.0008813320073604025,0.009764042172032417
2020-07-16,-0.0032930605025550674,0.000737706963912732,-0.009451688651900159,-0.011959498011847702
2020-07-17,0.002898922035535545,-0.00024581886032915,0.008238009985450212,0.013005670992734863
2020-07-20,0.00808170633396732,0.0006559716385452496,0.004820170160796611,-0.011948548568599615
2020-07-21,0.002127300627793316,0.001064265223634342,0.012050997596656066,0.0024442457768778514
2020-07-22,0.005692411872181058,0.0003273490978525917,0.015202340363078104,0.015271938723538714
2020-07-23,-0.01193192524574993,0.000981286577198981,0.008825301770064575,-0.00417151130709581
2020-07-24,-0.0064404592339976086,-0.0004901257223685063,0.008578870839228259,-0.007361914600022446
2020-07-27,0.0072927424059598955,-0.0015531430195805385,0.019753770786684832,0.00946277139517826
2020-07-28,-0.006342671809516087,0.002374131554068848,0.00834113103275036,0.019888413129011795
2020-07-29,0.012298680618155977,0.0013068918636383042,0.0075102306547618625,0.01937681779699396
2020-07-30,-0.0035680106626492236,0.0013865457227784095,-0.007400261112960993,-0.0064581612168735925
2020-07-31,0.007902362720520362,0.0002441784267483982,0.00908793109962347,-0.0018394720448297042
2020-08-03,0.0069520997872687396,-0.0004890396994218227,0.0011325390830079218,-0.013269913368254782
2020-08-04,0.0038626232171652397,0.0034246610318731108,0.021277725496816835,0.014942608900110343
2020-08-05,0.0062108287858684275,-0.0033311835494495012,0.009283241730161151,-0.005030056555053952
2020-08-06,0.006684541190761895,0.001141289794603484,0.013274069532868138,0.0016026592979645482
2020-08-07,0.0007181096991808467,-0.002117642378553053,-0.01588530528005727,0.014280453904857993
2020-08-10,0.0029889340332469594,-0.0010607760882611617,-0.003458957447482258,0.00157780135178065
2020-08-11,-0.008254720133179516,-0.0034312286909573553,-0.05369440853432972,-0.014420387995666806
2020-08-12,0.013942188098305941,-0.0029513365031161864,-0.004668202325739945,0.010082140110393878
2020-08-13,-0.0018079182368878621,-0.002055918663067313,0.023618065792215592,-0.012294594532852088
2020-08-14,2.9884088202480896e-05,0.0004945460978662553,-0.0043092158240957135,0.00012327576371062854
2020-08-17,0.0031768893822738953,0.001646984487371883,0.02169391289315903,0.00813317100448896
2020-08-18,0.002160113019566978,0.0017265122760230511,0.009008003623491856,-0.00476731591493873
2020-08-19,-0.004163469418546506,-0.0013132126789200393,-0.03156545548841261,-0.017563118692333735
2020-08-20,0.003113615593631547,0.0028764852441351962,0.006913929262821528,0.009500931843906768
2020-08-21,0.003546951789817232,0.0007373303377746776,-0.008010905834894388,0.0016104450473213294
2020-08-24,0.010133334690289875,-0.001392034538222342,-0.005658401286623649,0.006428911022536621
2020-08-25,0.0034991530150938477,-0.002377996191567311,0.0012154763574758753,0.002579809131202815
2020-08-26,0.010026047876270816,-0.0004107103855677252,0.011808847672626355,-0.00918988739591986
2020-08-27,0.0021866721006904566,-0.003536135477555935,-0.011561927956646234,0.014716724277914262
2020-08-28,0.006458819885112099,0.001650382484298829,0.0173802350530341,0.006581056381045114
2020-08-31,-0.0036222617578288707,0.0010709737155925048,0.002386259791001155,-0.010170319767128566
2020-09-01,0.009418680192173845,0.003277811495724814,0.0011902895553947967,0.0007338986632914324
2020-09-02,0.014463789649124648,0.001395406080122008,-0.013131628719242117,0.01857972604813085
2020-09-03,-0.03441452264901046,0.0013118209357094734,-0.00810423703378893,-0.012000573943521387
2020-09-04,-0.008164975400715258,-0.005566983372313095,0.0027602959130217375,-0.0052229460418949936
2020-09-08,-0.02732245683336343,0.002140576652979842,-0.0019269219593246456,-0.012209755354871454
2020-09-09,0.01974734524475008,-0.0004927997983560362,0.00970825655471863,0.009888325713162338
2020-09-10,-0.017363722675144078,0.001232533445530537,-0.0032231430104036063,-0.012239883385251948
2020-09-11,0.0005092193780360521,0.001559649206624325,-5.486005292487661e-05,-0.005575797983604858
2020-09-14,0.013171408807418183,-0.0009014908561657542,0.007892586821005798,0.024423437710105134
2020-09-15,0.005052293108381178,-0.0004923326505362757,-0.0023927480714920346,0.012042042716968737
2020-09-16,-0.003968761252139852,-0.0005746098746755024,0.0028345831622316187,0.005288905042714287
2020-09-17,-0.008795303105770369,0.0003286946059284368,-0.005489995652194879,-0.0194882475797854
2020-09-18,-0.011512777841085398,-0.0009028241640399726,0.0013117087099276947,-0.02255829337329418
2020-09-21,-0.011129402824320178,0.0018077942089760324,-0.020087296599797022,-0.030065124822072797
2020-09-22,0.010184305994481058,0.0,-0.004846314367596194,0.011961596132813224
2020-09-23,-0.023190787957860337,0.0,-0.021606497297661065,-0.03012195880641333
2020-09-24,0.0026654942635109258,0.0004920317619334647,0.003718800733685912,0.005372757088629276
2020-09-25,0.01616657135700339,0.00081984508841626,-0.0028499771605223767,0.020622534411922855
2020-09-28,0.01660972633815816,-0.00016396651626515713,0.01006056066236427,0.02046324078042905
2020-09-29,-0.005446149937539446,0.0007373477512762072,0.008432402483858015,-0.007188879391959779
2020-09-30,0.007582101017095777,-0.002701738374031315,-0.006004867330144381,0.003048801307221405
2020-10-01,0.006419932151878305,0.00056692500099631,0.008920516455577454,0.020010571870605842
2020-10-02,-0.009494594208271034,-0.0009852671281939118,-0.0008953758525005462,0.01725834696927997
2020-10-05,0.01773316725802987,-0.006327698979907592,0.004872915921881216,0.005736612598333357
2020-10-06,-0.014216060354979354,0.0023158288747058275,-0.011760774579356315,-0.006553615555703662
2020-10-07,0.017406546568624837,-0.0028878950344216614,-0.0004512229536247636,0.0014660445690681811
2020-10-08,0.008862910223355946,0.0018205120736360936,0.0035549310375408982,0.016711415761439197
2020-10-09,0.008930095071026711,-0.0004953863685286386,0.018161347296547614,-0.003959263055128059
2020-10-12,0.016087527198661578,0.0010741029121714707,-0.002871682500567352,0.004697781165885484
2020-10-13,-0.006526099515999695,0.0022291674072640877,-0.015728823528417535,-0.017144310510312843
2020-10-14,-0.006283571453074566,0.0003293080725954578,0.003094772946095059,-0.012197943610285922
2020-10-15,-0.0012355412102255103,-0.0010707265065096339,0.003646120384284801,0.005186202952879304
2020-10-16,-0.0006042521603490947,-0.000576624865168851,-0.0034652086045857677,-0.007124942274500223
2020-10-19,-0.015203662537686125,-0.0016495238552790559,0.0005047466985432791,-0.015590537059186116
2020-10-20,0.004005682488809281,-0.002148307861587484,0.0048209014703402,0.007164241052616704
2020-10-21,-0.0018928049706486982,-0.0013243640981276394,0.007531414803434444,-0.0029949737558693235
2020-10-22,0.005485381118522259,-0.0034818343729361434,-0.009800687777642758,-0.00012526306746118987
2020-10-23,0.003394945412315664,0.0014144415590593429,-0.001062475196895396,0.006009114405344906
2020-10-26,-0.018480126749084502,0.002658193735981529,-0.0005037860400700644,-0.014310608428865446
2020-10-27,-0.0034472602524039386,0.002236553237184191,0.0026323226696718383,-0.016033345587453396
2020-10-28,-0.03417880970148812,-8.242341380348961e-05,-0.01614344386479838,-0.023864548187076617
2020-10-29,0.010163481964473808,-0.004216201731241154,-0.004144728133141373,0.013407093650742663
2020-10-30,-0.010424715690027897,-0.003237809869478858,0.004561020978312902,-0.006614923019813812
2020-11-02,0.01120807346075936,0.0017172951347719234,0.009704919089013941,0.023893588305226476
2020-11-03,0.017656291382167844,-0.0022469981955371976,0.005676996717700833,0.019255205080894067
2020-11-04,0.02234917367660061,0.008422492054284358,-0.0005588578456844351,0.001751604366316828
2020-11-05,0.019502517539754516,-0.00016516606979477544,0.022983923404670703,0.004745698989250702
2020-11-06,-0.00022796317407491884,-0.003391005284636539,0.0014213621387162423,-0.006836202940475267
2020-11-09,0.012565590973132368,-0.0073861568799211685,-0.04427097823171633,0.03541923143416703
2020-11-10,-0.001466739121731453,-0.0028425426644536067,0.0033127817282887495,0.014626131105031526
2020-11-11,0.007428674500391974,0.001592974890152199,-0.004326595410341194,0.0038118131671773803
2020-11-12,-0.009701210904972557,0.0056921491811421365,0.006060679556170845,-0.01305497425472446
2020-11-13,0.013844751982776682,-0.001332024125221376,0.006819714153532219,0.02669565078873304
2020-11-16,0.012482775615788144,-0.0007495420106315986,-5.650127239831271e-05,0.01124381380558237
2020-11-17,-0.005378415101943479,0.0025856701044211228,-0.0036691725592956637,0.0009269091498951276
2020-11-18,-0.012035045474005579,-0.00033248686357478796,-0.005722348480656891,-0.019440179696283755
2020-11-19,0.004210321216814972,0.0010811646260768804,-0.0018804594035273237,0.0038942056571502626
2020-11-20,-0.006847917704391082,0.0017463291236956557,0.0030257979459697992,-0.0054070656778274495
2020-11-23,0.005994668343316301,-0.0019919549708364848,-0.0196938167555728,0.001890701244243731
2020-11-24,0.016113481385049644,-0.0015798612864119654,-0.015328336846880064,0.005308659240809588
2020-11-25,-0.0015419049987565048,0.00033329305360618733,-0.0004717367343725076,0.0005864108356468112
2020-11-27,0.002785390027593815,0.0029970026256853632,-0.010146901518740647,-0.004456181798348058
2020-11-30,-0.004427467622630354,-0.0006640764227447971,-0.006674981596057172,-0.010484140807614173
2020-12-01,0.01093749186069326,-0.00531962745772363,0.0210595460814611,0.012857113798050435
2020-12-02,0.002103697430616114,-0.0016712228752490121,0.00752153069206285,-0.007874852620118111
2020-12-03,-0.0002724347539061478,0.0026787764160127736,0.007873502810363364,0.008411238760545725
2020-12-04,0.008617600670191683,-0.003923743643385547,-0.002835427586930339,0.01527282716970646
2020-12-07,-0.0020548940949863814,0.0031009880566941206,0.014914066598165077,-0.008678796447217363
2020-12-08,0.0029259320883971984,0.0010027598073054644,0.003487910186290799,-0.003501552392243812
2020-12-09,-0.008968860788957311,-0.00141888645713395,-0.017094017094017144,-0.006208562497673875
2020-12-10,-0.0003269584404704817,0.0022567977829386354,-0.001913054093070632,-0.004360981508795714
2020-12-11,-0.0011727436616759679,0.0020012443224346477,0.0018586706605219216,-0.0009472016073448497
2020-12-14,-0.004476888079965935,-0.0005827470772973298,-0.005507636250083436,-0.0043844632231747616
2020-12-15,0.013519281449383413,-0.000999205955615201,0.013990959829817351,0.020471453176010845
2020-12-16,0.001569224857710605,-0.0008338143944034426,0.005519095329445722,0.0011662684313964444
2020-12-17,0.005592197060722226,-0.0007261951120629551,0.010520363984510617,0.009669075921323822
2020-12-18,-0.003992822714724786,-0.0008352656736352326,-0.0016974258370123785,-0.020075897238466256
2020-12-21,-0.003575630451966294,0.0006688009643855963,-0.003173869592184575,-0.005651975478794813
2020-12-22,-0.001685452834906953,0.0016713319810279792,-0.007903112071065643,0.006986400712928109
2020-12-23,0.0008986972523388204,-0.0020855489392874738,0.00664787877129025,-0.0064676724179287826
2020-12-24,0.0038902306001415976,0.0014211252031803845,0.003985267471422693,0.00875525439103364
2020-12-28,0.008590969405827042,8.344194059906052e-05,-0.003629142996869339,0.0059604131078405675
2020-12-29,-0.001907794478037128,-0.00016672109912074795,0.003642361648136694,-0.008532224887893292
2020-12-30,0.0014267954419180384,0.0006677400134531553,0.007655178894261816,0.005498189196474268
2020-12-31,0.0050808206901817865,0.0006669968670638404,0.003714145601823482,0.009629105529444182
2021-01-04,-0.013614077115064904,0.00025023588784089945,0.022258360658879317,-0.03249739791002981
2021-01-05,0.00688740945600963,-0.002333761486900343,0.0029616260665272787,0.0014603791950116296
2021-01-06,0.005978472565431048,-0.005848051675023558,-0.01624105266038789,0.0017016356114150089
2021-01-07,0.014857401212544197,-0.003528946987037762,-0.00233462025122122,-0.0019413737003975973
2021-01-08,0.005697935624912498,-0.0028673420576114106,-0.03420993723985433,0.009724142160043137
2021-01-11,-0.006740779929721441,-0.0019453900101602528,-0.0019614419353504164,-0.013241886421789473
2021-01-12,0.00021124696963270573,-0.0001697174883896757,0.006473960214956609,0.002317966394788984
2021-01-13,0.002692743024494293,0.003475113310943856,-0.004307374345463466,0.012171307152393673
2021-01-14,-0.003501939786796915,-0.002280475860953257,-0.0005190998467168306,0.005892054025812721
2021-01-15,-0.007292625114339035,0.0027090981325657015,-0.012407628760563338,0.011476669560144037
2021-01-19,0.007851683408745425,0.0005907506086115788,0.00847307255811236,-0.002836417126050539
2021-01-20,0.013839014301318286,0.00042179083087234837,0.016282289539807593,0.019082338571569712
2021-01-21,0.0009115579384286754,-0.0014336045264058406,-0.0006271772092728556,-0.00476836085933563
2021-01-22,-0.0035394991400349296,0.001520543186921186,-0.007873145210082533,0.0023370341526274263
2021-01-25,0.0039439544046102615,0.004047322236110151,0.0008626173693986328,0.00757886337867042
2021-01-26,-0.0015608585699278255,-0.0003358423895560847,-0.0024705999829396363,0.007058237841166992
2021-01-27,-0.024440427504235362,0.0011768172618644712,-0.006335623059913753,-0.017695061155481695
2021-01-28,0.008600151728042738,-0.002601939544661702,0.0009273614616172043,0.005380827954844403
2021-01-29,-0.020019660632049074,-0.001766887718333332,-0.0004053281700162614,-0.011518316895945957
2021-02-01,0.016645524744062223,0.0012482331041310246,0.009385291185094458,0.022834372930697233
2021-02-02,0.014140216066375721,-0.00252728527477597,-0.012167796413785958,0.005983638922179679
2021-02-03,0.0007864110383200007,-0.0024488710951855452,-0.0015106298641213156,-0.0025163571318651545
2021-02-04,0.011365396371649794,-0.00033866956050965236,-0.021530474690833024,0.006880804266789831
2021-02-05,0.003936001897402841,-0.0021173829852699777,0.009872160109213546,0.0035303553532388676
2021-02-08,0.0072221438514135095,0.00042436003579715553,0.010070118005137685,0.00544781467672939
2021-02-09,-0.0006658563670531858,0.0007636903708032605,0.0032649110578624185,0.0034994077720231775
2021-02-10,-0.00043564472126078613,0.002543138014451829,0.0036611162023989507,0.0053992958216455555
2021-02-11,0.0016148685139407704,-0.0007610964792450492,-0.008685078696598514,0.0021259022903048486
2021-02-12,0.004939927763043306,-0.003299993567866699,-0.0030372306060941767,0.00022318233754381467
2021-02-16,-0.0008663215645680067,-0.007216265850432668,-0.014353488272303538,-0.0077017633270284325
2021-02-17,0.00022970204495287305,0.0006838690650601276,-0.011352850687983307,-0.001237179222870366
2021-02-18,-0.004256026971490856,-8.506348424142107e-05,-6.0088418961767864e-05,-0.004279950128074028
2021-02-19,-0.0017658650634884143,-0.004016678430848075,0.004148551901348441,0.005768707372501014
2021-02-22,-0.007691861924763899,-0.0016307383239257955,0.014969164015496528,0.008322041292216031
2021-02-23,0.0012142049809220623,0.0007736562576543538,-0.0023007456922117253,0.0062458886791014745
2021-02-24,0.011019684987149114,-0.001373840938898696,-0.0007095264939214196,0.007647981536863524
2021-02-25,-0.024095745168450478,-0.013330282114133118,-0.018816524708764826,-0.01913980610996069
2021-02-26,-0.005152733082256167,0.008977584816004525,-0.024182906697045592,-0.01457881315609555
2021-03-01,0.02424019043098169,-0.0011233274511067703,-0.0017304170540851649,0.004438081033925956
2021-03-02,-0.0078034183689909,0.0018169785610249178,0.005447934683729505,-0.009630531692650601
2021-03-03,-0.013245671548055116,-0.0053552733398810615,-0.011021541189334294,-0.005720138096076521
2021-03-04,-0.012374712899249185,-0.004950210180712844,-0.009836893780889033,-0.011391086055572264
2021-03-05,0.0183966858081972,-0.00139661992793505,0.0006288110395962221,0.01094034953613554
2021-03-08,-0.004978791333153376,-0.003932786601843041,-0.010368190918767173,0.008634700578550758
2021-03-09,0.014277270319114521,0.004738196179951526,0.02127113294736649,0.006620212065040709
2021-03-10,0.006224816567127922,0.0020961327824013942,0.005098279923459348,0.009978400557131284
2021-03-11,0.010139141185048217,-0.00034894808760765894,-0.000866011298261804,0.01167625200848832
2021-03-12,0.0013469452273531246,-0.007235513948742889,-0.00018572795011984056,0.016757256822988342
2021-03-15,0.0059633857496126375,0.0012292413028518467,0.004396503999798185,0.014843839418933635
2021-03-16,-0.0012612751138160183,-0.0001752006078203916,0.0009248406787658592,-0.004086878400355376
2021-03-17,0.0034098682622771825,-0.0016670802010965158,0.00714498527693741,0.0008641302590155497
2021-03-18,-0.014549723262488712,-0.00623810293308058,-0.005810023730399405,-0.010142776425391742
2021-03-19,-0.0018503020238272994,-0.0006187019008881967,0.004183119739068708,-0.013625237237571253
2021-03-22,0.007985170818641363,0.003273184049056521,-0.0014702614866924923,0.00707246154088681
2021-03-23,-0.007871053745005518,0.004938327647385776,-0.007300628474884996,-0.0014264740733154202
2021-03-24,-0.005083358016172546,0.0013161419760900905,0.0034608341081703298,-0.005604313441237241
2021-03-25,0.005625678803434786,-0.0013144120232524426,-0.003633653726877295,0.010181742936908433
2021-03-26,0.016114948224253745,-0.0033345493638035073,0.0028434090575977233,0.02156688794395678
2021-03-29,-0.0005051506540709738,-0.0034336062298440106,-0.011896005111092234,-0.005816205047354361
2021-03-30,-0.002653153107553763,-0.0008837640227313814,-0.017091823816998808,0.001300073989026096
2021-03-31,0.004053338001216877,-0.001414548682816763,0.015167857324082767,-0.006059507257638264
2021-04-01,0.010799238973909109,0.004430097883444173,0.012628087827510459,0.018179942422939854
2021-04-05,0.014353000912468827,-0.0028224152233132793,-0.0003704010382533651,0.003849031676659953
2021-04-06,-0.0005905997658612883,0.004865078862654304,0.00802867506459215,0.0025561156006081998
2021-04-07,0.0011573151259436365,-0.0006159646503207661,-0.002818323186048577,0.0007437659462161683
2021-04-08,0.004746840810650799,0.0034355647359485264,0.01075202788807239,-0.0037154676081099236
2021-04-09,0.0072701484191337595,-0.0026339162683574058,-0.00753747660190629,-0.0011721189412499111
2021-04-12,0.00036456289084974003,-0.000616326228750963,-0.006063609158189043,0.005867271689607545
2021-04-13,0.0029637862812514904,0.004139544170384868,0.007086479573175097,0.004984557236045184
2021-04-14,-0.003415264904159998,-0.0012279375824548744,-0.004344315528953313,-0.0052763165119873445
2021-04-15,0.010742561012753171,0.006411041060208955,0.016162763416190717,0.01750471038071355
2021-04-16,0.003342296663594313,-0.0027054327830355884,0.006047777218550321,0.002189592955462727
2021-04-19,-0.0049128061708642035,-0.0010496279809418807,-0.0027652942409929215,0.001976480787379442
2021-04-20,-0.007321634326086901,0.0029778763386918428,0.0035565515706876827,0.008202789272126365
2021-04-21,0.00946211957151366,0.0005241165104084011,0.009911155680072392,0.006591389107469148
2021-04-22,-0.00913324470606236,0.0007854910305562512,-0.006483147356353358,-0.005422854247915332
2021-04-23,0.010842432485716591,-0.001308305324648984,-0.003831414124593202,0.005863633798832479
2021-04-26,0.002087795693895833,-0.0010477666558366128,0.002644245538133694,0.002965539685381824
2021-04-27,-0.0002155478662924093,-0.00393402417370714,-0.002517371003141977,-0.00010151839920424788
2021-04-28,-0.000287563990066797,0.0013165726927168997,0.002944390689552989,-0.0021416810107891537
2021-04-29,0.0063728379683583025,-0.0017530441305904088,-0.004133978948338446,0.00858482264941074
2021-04-30,-0.006570539444227919,0.0008777096677714535,-0.0033690142851713345,0.003951473018158236
2021-05-03,0.0021567655159273613,0.0017035950712709358,0.012978352341882271,-0.001917623614156927
2021-05-04,-0.006169118176541866,0.0013143810529578914,-0.007329692780131181,-0.006471889153191301
2021-05-05,0.0003125040248226352,0.0012249221802695942,0.004142168530566259,-0.01659040607902551
2021-05-06,0.007985755216199486,0.0004374312723238738,0.01667957921247054,0.005589245070368953
2021-05-07,0.007278097374086023,0.0003496521159627175,0.00899681760120985,0.013173958330815916
2021-05-10,-0.009902468265134745,-0.002009078299204159,0.0030305045955998366,-0.0003045553348992591
2021-05-11,-0.008924855189741732,-0.0016632785067455247,0.000174300035968189,-0.012600425552952599
2021-05-12,-0.021245234739452057,-0.004821687621078263,-0.009933813872024522,-0.02531665757910173
2021-05-13,0.012012618940480557,0.0033472247981256587,0.004107329913244362,0.012987367164624342
2021-05-14,0.015355356461059344,0.002195665021922366,0.009115862292308208,0.011882404965479543
2021-05-17,-0.0025446454051329948,-0.0009637391583240396,0.011639321781340195,0.001029889731655853
2021-05-18,-0.008615570843708897,0.0,0.001946172546249958,0.00020566938086452602
2021-05-19,-0.0026216981837529074,-0.0029814413562769815,0.000685616890880425,-0.0031893457338321163
2021-05-20,0.010757905991035654,0.004133694184078385,0.004567270124640199,0.01124990003223214
2021-05-21,-0.0008188694729968082,0.0003503538402387374,0.0004545724551812125,-0.0010206216963639658
2021-05-24,0.010194356558952178,0.0009629993305344531,0.001761036294059215,0.012464267653626404
2021-05-25,-0.0022187515057072726,0.0036735388416393455,0.009072814229376336,-0.0003026218157062832
2021-05-26,0.0019845920279468743,-0.0011324319821800488,-0.0017420486873281904,0.004441345363497939
2021-05-27,0.000524885019775212,-0.0017450438542675473,0.00039409662496781017,-0.002311327553189635
2021-05-28,0.0017888265191514652,-8.77740061129284e-05,0.003770176937892389,0.006043259555154945
2021-06-01,-0.0008808931867559933,-0.00018333859583008483,-0.0026909461441234628,0.018021720175946054
2021-06-02,0.0015725603247787046,0.0011371721375950106,0.004890446350902078,0.01170350793021191
2021-06-03,-0.0037112313403216968,-0.0025340783553216006,-0.019578228541437537,-0.0036940377341676545
2021-06-04,0.009145721510490201,0.005519390836806526,0.010783359066451448,0.00048790076662919013
2021-06-07,-0.0009702853793783772,-0.0007843112350203185,0.0040076283608136976,0.01180045137207375
2021-06-08,0.0002134429712505881,0.002877574274489092,-0.0030920774052216604,0.008288726023561566
2021-06-09,-0.0014919932804697833,0.00313023491446196,-0.0019175027218333307,0.0013385087568711374
2021-06-10,0.004648251342814325,0.003553766884264231,0.004294325821970535,0.007159716645583458
2021-06-11,0.0016525916896894532,-0.0014681097436408663,-0.011252390785353672,-0.003980760872487665
2021-06-14,0.002238931306572045,-0.0031137579989036768,-0.005860923791407013,0.003901656552684374
2021-06-15,-0.0018342193733166257,0.00017314553611136319,-0.0037777095572453234,-0.010712050602846634
2021-06-16,-0.005583249894434483,-0.006853371350384663,-0.016891711518855712,-0.00651552660925947
2021-06-17,-0.00033173949518183754,0.0035812394113363677,-0.030740427140865334,-0.0012540362337930544
2021-06-18,-0.013490339278063757,0.005657823966706443,-0.005547261946798776,-0.01699641530051077
2021-06-21,0.014315957385123035,-0.0032025771402660608,0.012247646651096789,0.020630440758220736
2021-06-22,0.00534621439830163,0.001823498018247438,-0.0041928539145718036,-0.005197759501938015
2021-06-23,-0.001205394373846369,-0.001993514625527104,-0.0006616578066259704,-0.0017415179496854671
2021-06-24,0.00591589204397458,-0.00017383632137024652,-0.0006019387497473438,-0.002157139142803244
2021-06-25,0.0035518989353542363,-0.0020844684134593283,0.0033124733437563947,0.006749805054594216
2021-06-28,0.002016038690755728,0.0031338913635905463,-5.999463986816611e-05,-0.002915155983682083
2021-06-29,0.0005380856601435724,0.0005201307329778526,-0.010505462725200698,-0.0027289063942843583
2021-06-30,0.0008415551289784329,0.0015614310497069628,0.004853503869870712,-0.005276895044734831
2021-07-01,0.005536624506529808,-0.0007192350386989732,0.0034413575356286863,0.004322538972848511
2021-07-02,0.007643604569721241,0.0036415867185330963,0.006558341503640763,0.003032431905296118
2021-07-06,-0.0018214823523001744,0.005269702254800945,0.004961455343207799,0.007314187176616471
2021-07-07,0.003534082934134153,0.0029220029716992,0.003806801143447114,0.003485534274330071
2021-07-08,-0.008147939199584342,0.002570663562760256,-0.0006518168637834609,-0.002798068830441758
2021-07-09,0.01067471711000767,-0.005042353920465148,0.003320562334123478,0.016447267507811114
2021-07-12,0.0035819113252597568,-0.0005156727744156653,-0.001241101031467462,0.00856676366972109
2021-07-13,-0.0034090113380331744,-0.003093877047455673,0.001301782371024407,-0.013967519900917047
2021-07-14,0.0014923359878864506,0.004310408535749932,0.010755182911599048,0.006986910399378932
2021-07-15,-0.0034155752633114878,0.004206428872737478,0.00017547964957964624,0.001615672994239148
2021-07-16,-0.007843595501286549,-0.00017100278707204986,-0.00970365108457183,-0.0006641831556072342
2021-07-19,-0.014767761503558186,0.008550386553662026,0.0011805498135817327,-0.018231790415396132
2021-07-20,0.01433017281365645,-0.0012718653151108095,-0.001297100524211059,0.023599941332541396
2021-07-21,0.008096479798325396,-0.005772001093583556,-0.0037192566567244567,-9.464349540111439e-05
2021-07-22,0.0020939990832775646,0.0023049741530296597,0.001955450591350383,-0.007937762750892863
2021-07-23,0.010287931900481606,-0.001533140864117044,-0.0031344183025339145,0.008287060175507843
2021-07-26,0.0024549452992503884,-0.0006823832810110009,-0.0023730060647713103,0.0004725994936911615
2021-07-27,-0.004557635955135586,0.004268395469581465,0.0016650735799190741,0.0056654327407641425
2021-07-28,-0.0004101609872554368,0.0008500658427263996,0.005046252863966982,-0.0034740003404646336
2021-07-29,0.004147525798680052,-0.0030578038162080157,0.011105233370970247,0.00018840043810142149
2021-07-30,-0.004856369182112297,0.0028114012229227825,-0.007886842666167015,0.0013189060775811168
2021-08-02,-0.0020980801525289916,0.004386427618548794,-0.0012366429443513294,-0.00216404560710326
2021-08-03,0.008135587540373024,0.0002542509458338671,-0.0007074766626713469,0.00122620269864826
2021-08-04,-0.004919127776377041,-0.0002541863187218718,0.0002359625041987723,-0.003107991575603042
2021-08-05,0.006332987594410255,-0.0036393798951666056,-0.0039520921003340925,0.011713615569430402
2021-08-06,0.0016525115441290428,-0.00586136476165211,-0.024991124040327772,-0.0017742035763416153
2021-08-09,-0.0008137224376491003,-0.0021360764354458883,-0.017735654639032372,-0.005331373050348476
2021-08-10,0.0012440102899780037,-0.0018840995256989013,0.00030919522248562537,-0.009497801102807513
2021-08-11,0.002484929302334349,0.0011154123545285,0.01378497662510525,0.0058862773795658185
2021-08-12,0.0029969318899634168,-0.0010282828368890495,0.0002438615008097944,0.0021706378365589085
2021-08-13,0.0018198781703087086,0.005747771099535504,0.014325811995228088,0.005462621524313205
2021-08-16,0.0023545630118675387,0.0022175821524916817,0.004988291568599701,-0.001217725683267279
2021-08-17,-0.006555114739773438,-0.0005107103747110653,-0.0014950364679763295,-0.0010316933467323652
2021-08-18,-0.010945137494622337,-0.0005111225080226545,0.0007786122169375354,-0.009106330909729565
2021-08-19,0.0015482596705671536,0.0022153918382616933,-0.002932408589264246,0.004831759606065633
2021-08-20,0.007957270896003399,-0.0009350874120346298,0.0005401616803368814,0.0049973145765207505
2021-08-23,0.00879650277994326,0.0002552144681451374,0.012177557387281546,-0.0018763113180638724
2021-08-24,0.001587254306931296,-0.0027219202816474164,-0.00047414113127741686,-0.004417642343306993
2021-08-25,0.0020984930439329474,-0.003923699970099559,-0.006937433805443538,-0.0006610610311301723
2021-08-26,-0.005903201151152615,0.0,0.0011344784228162208,0.00037788576220010306
2021-08-27,0.008940904679249906,0.0032538078026926875,0.015029547921398434,0.010482743071335232
2021-08-30,0.004397612828321629,0.0019632280588182116,-0.0049356385559711224,0.009999822195942754
2021-08-31,-0.0014815774540232196,-0.001874006735595457,0.0020076547129428413,0.004719264310126814
2021-09-01,0.0005314887898415499,0.00042714418730094295,5.8898619200498104e-05,0.01602503263412114
2021-09-02,0.003076751871013972,0.0011949326796782955,-0.0026517204262498373,0.00525745528242294
2021-09-03,-0.0002429033998531116,-0.002387542511909535,0.01069422486613747,0.00018029701747179772
2021-09-07,-0.0035756583013567544,-0.003931718985207722,-0.01958371853465668,-0.0112693909421957
2021-09-08,-0.0012180113418107652,0.0027462293201199195,-0.0025044029033459703,0.005015136995742742
2021-09-09,-0.004280252668624529,0.002823728244357282,0.004423489287242344,-0.020323008484525396
2021-09-10,-0.00788479886804061,-0.0031572464517406473,-0.005058656845151166,-0.014632263944214685
2021-09-13,0.002559404807762844,0.0011982820371676528,0.0033497597913456634,0.006766606760576499
2021-09-14,-0.005396732158030937,0.003762031146411049,0.006438546534438316,-0.001773437407497469
2021-09-15,0.00835295892395882,-0.0017032342030525172,-0.005864266379652205,0.0031795431944641184
2021-09-16,-0.0015852032495131674,-0.0031574303157059225,-0.02264197706190263,0.0008388790579654248
2021-09-17,-0.009741383891690103,-0.00291010357040844,-0.0015850424237688898,-0.008941614605335046
2021-09-20,-0.016673984810785303,0.005064709299332559,0.0071441542310690664,-0.0061090538600862
2021-09-21,-0.0009445625596600227,-0.0005976590676276539,0.006669036185550814,0.0004726935684571387
2021-09-22,0.009754558521895884,0.0009403141951886962,-0.0037340107339023376,0.009735354965300758
2021-09-23,0.012150056566826661,-0.009051271806660433,-0.011546389089901132,-0.001965766436777261
2021-09-24,0.0016474786001534625,-0.003015246911796776,-0.00128427290155253,-0.010692447078326173
2021-09-27,-0.002861017287015599,-0.0026793726485340175,0.00208203509820426,-0.01345037812389649
2021-09-28,-0.020151957533329434,-0.003812349447788188,-0.009716428402719801,-0.00676821483348633
2021-09-29,0.0016833369130071496,0.001043275725273407,-0.004504756024632184,0.007495850501661794
2021-09-30,-0.01222243659998734,0.0012167858322806868,0.01797665363761114,-0.016523223406887833
2021-10-01,0.01188432818373153,0.00408169173207007,0.0022530453929923144,0.01414812254894593
2021-10-04,-0.012896262074442943,-0.001210750111451886,0.0046783175745395145,0.00019377532245234974
2021-10-05,0.010405075636254812,-0.0031176030914855657,-0.004656532835140448,-0.006877242337504641
2021-10-06,0.004156055100162703,0.00026068333843798364,0.0026733243283083574,0.009558166879298335
2021-10-07,0.008645707407810121,-0.003995230237730518,-0.005271739220885419,0.002705075091577136
2021-10-08,-0.0018240041987354072,-0.0021797851614133723,0.00042636491147840516,-0.009442042302328368
2021-10-11,-0.007239599967986954,-0.0024469343482386163,-0.0018875818465466931,0.0025290348125657225
2021-10-12,-0.0024614982284688613,0.00455570870769173,0.004514430828637339,0.013097608572044894
2021-10-13,0.003597856094936347,0.001918522661017219,0.017794197805277356,0.00727822051294158
2021-10-14,0.016820301115772596,0.002350101552503814,0.0024464685904206362,0.012169552985858756
2021-10-15,0.007616061485942627,-0.0049498300675350215,-0.015892846243722114,-0.0007513379561657763
2021-10-18,0.002960478436147218,-0.0013963620475139216,-0.0024799108302698825,0.0025380861030745994
2021-10-19,0.007715018434967247,-0.0035830165434174166,0.003213671993580469,0.00046911892981782444
2021-10-20,0.003927533090139601,-0.0004384960332436405,0.008763958748792211,0.0157448592021856
2021-10-21,0.002608135988007021,-0.0026322081598220137,-0.0008987052245035265,0.001384122283034639
2021-10-22,-0.0010359942916009501,0.0025511857324511666,0.006116967151190034,0.0046991694618292446
2021-10-25,0.005362772776896563,0.001228124136061881,0.006914158513320778,0.0032098999867482547
2021-10-26,0.0008998908656707716,0.0012274723206895377,-0.00739951491266011,0.0027423459012749785
2021-10-27,-0.00443007452918609,0.005602172427720653,0.002624060476058121,-0.008478140919856658
2021-10-28,0.009648837184228487,-0.0026115890227452754,-0.00023788536339730548,0.013975313809884815
2021-10-29,0.002029033669955993,0.0004367398058198191,-0.008507900517562339,-0.011243935595976695
2021-11-01,0.0017202022665718797,-7.872578070566849e-05,0.005220584505493342,0.004952424408228184
2021-11-02,0.004043179161860477,0.002444635680141749,-0.0021490007233168074,0.004745236409230857
2021-11-03,0.0061050526807591154,-0.003135349840821533,-0.008315382622616663,0.00336049464487731
2021-11-04,0.004712649230498744,0.005416335517467008,0.011340951773961994,-0.009504795984503489
2021-11-05,0.003469637319125418,0.005474602716040389,0.0130629437586407,0.005117936588918237
2021-11-08,0.0008535810744982886,-0.004320925321104729,0.003591619309376348,-0.0008183072265798286
2021-11-09,-0.0033050927652562567,0.004599949698502526,0.0049281100201232775,0.00172904600772128
2021-11-10,-0.008044883295891037,-0.008553429890637898,0.010858781500706183,-0.004633001842507589
2021-11-11,0.0003235971959507644,-0.00322426547332455,0.005602086369596027,0.0016425692225601196
2021-11-12,0.007546704671526072,0.0020980675009265592,0.0018952552280546708,-0.0007288992902880764
2021-11-15,0.00034257654571256957,-0.003926046056827337,-0.0015477459282561279,0.007021248490705068
2021-11-16,0.003957547062141797,-0.0008759969314502403,-0.007233864736584827,-0.006610079735875463
2021-11-17,-0.0024292041821971644,0.003594581079908954,0.009137183945092442,0.003099225831382002
2021-11-18,0.0033964683865885803,0.0006113051209570841,-0.0032091550635745536,0.0001816648688273137
2021-11-19,-0.001788309077879191,0.0027061952336504547,-0.007646325240812324,-0.005905351521670044
2021-11-22,-0.002815065492337898,-0.007313244790400519,-0.022420457120115533,-0.0049349716264542876
2021-11-23,0.0013258821547565969,-0.004121980477405418,-0.008652404091134991,0.008082126933394607
2021-11-24,0.0026697875167205343,0.003082183632082014,-0.0009565020521100642,0.012117320550146804
2021-11-26,-0.022303070793029844,0.012906203313455933,-0.001615539860939763,-0.02781518804296912
2021-11-29,0.012266868223442584,-0.002253825102772722,-0.0013785494630753625,0.007407529462125639
2021-11-30,-0.019457815333315587,0.0059943279675893635,-0.006721853018899604,-0.01893395218938332
2021-12-01,-0.011107148768596864,0.001883772066716416,0.003987937535404162,-0.016488588567128093
2021-12-02,0.015316086765470693,-0.0021559463261295875,-0.005536820827328315,0.03000565046572201
2021-12-03,-0.008701142477926638,0.005877998081656344,0.008412002804647267,-0.0033293163702574624
2021-12-06,0.011843272073160271,-0.004984488088668693,-0.002460563224478851,0.017537448662732658
2021-12-07,0.02068460034683195,-0.003800499684285641,0.003549490636251651,0.014408057856041934
2021-12-08,0.0026481625559040545,-0.003207791407450533,0.0005395140531609943,0.007191609530588616
2021-12-09,-0.006751497792470862,0.0025227220915111648,-0.006111378376110088,-0.01445912283499895
2021-12-10,0.00941341277160479,0.000693642488582169,0.004219899491422874,0.0030792137042636725
2021-12-13,-0.00885824684066261,0.004768633113865439,0.00252130006200435,0.009389533071439082
2021-12-14,-0.006880202391227552,-0.001725749172126978,-0.009341302746070368,-0.01279049032105839
2021-12-15,0.015625181544661748,-0.0014694303025221123,0.004291534360497673,0.014043623307214759
2021-12-16,-0.008818517993377961,0.0029113092033508092,0.012097561477355745,-0.00035759034787630206
2021-12-17,-0.010643088760048824,0.0022463265405914257,-0.002140821851282393,-0.0012512683340966113
2021-12-20,-0.010633286209562609,-0.0008621819331948721,-0.0042312675861405635,-0.007785847996756412
2021-12-21,0.017759182094861492,-0.003968467419891875,-0.0004188884251822289,0.011274384857427044
2021-12-22,0.009998581631993853,0.0009530770785193265,0.009400024100517657,0.010256639602038486
2021-12-23,0.006222071191439804,-0.002077217417922994,0.0022540179789249937,-0.0010591673949260638
2021-12-27,0.01415209578587695,0.00034716638380305476,0.002367247994286892,0.016976278459263083
2021-12-28,-0.0008171844870792366,-0.00017379126526784194,-0.004310065233419702,0.0036844286795676418
2021-12-29,0.00127904136057988,-0.005115120497692249,-0.0002965076609273698,0.006729655367782472
2021-12-30,-0.002764345519833178,0.0033115729335615463,0.0071772153754725565,0.004340675033836616
2021-12-31,-0.0025201751606067635,-0.0011290964601262665,0.00683158799329231,0.002765793844027309
2022-01-03,0.0057900245829085595,-0.009304369726250483,-0.015383743445999576,-0.007844074337411522
2022-01-04,-0.00033507372472729724,-0.000526443092138229,0.007366515057776857,-0.0012164320439855825
2022-01-05,-0.01920208157133141,-0.004215626990637267,-0.00300766493835114,-0.028618811908076247
2022-01-06,-0.0009394434202099067,-0.0024695003487078537,-0.012244126909514819,0.0008957797950592816
2022-01-07,-0.0039533609578507045,-0.0032708470762102815,0.004551137683908024,-0.006620816907807137
2022-01-10,-0.0012446538725847667,-0.0002661567877628723,0.0030402057039400354,-0.005764166614427246
2022-01-11,0.009108429820158026,0.002395499567978465,0.0120646549718888,0.0015400003743113455
2022-01-12,0.0027035869871498974,0.00017698267166643689,0.002642622730480104,0.0011758560980696942
2022-01-13,-0.013778659117402392,0.0031862200521963757,-0.0033969884760131075,-0.001987515789423022
2022-01-14,0.0004089752534623958,-0.006881134571179226,-0.0028796749096049457,-0.009052274880082645
2022-01-18,-0.01770972192865894,-0.00755017800035207,-0.001650255097062403,-0.010505052809615112
2022-01-19,-0.010383307276178533,0.0024163527431753096,0.015880526897095182,-0.013478750986933408
2022-01-20,-0.0110680449625562,0.002143086412393025,-0.0024988838330701757,-0.012820556886199763
2022-01-21,-0.01963087006537223,0.005791159591874484,-0.0032624385581478954,-0.002464565023074905
2022-01-24,0.004246804317982855,-0.0008858538740634803,0.005494198734739664,0.001900590421237247
2022-01-25,-0.01220884460401983,-0.001330037368537984,0.0031971345443269072,-0.0039837469464995
2022-01-26,-0.0025089029572051835,-0.007102168564289357,-0.016166464916677392,-0.015617563338332974
2022-01-27,-0.00493799595750255,0.004202396658958163,-0.012898211138547944,-0.016542397560820876
2022-01-28,0.02483550001353385,0.0023151305169495373,-0.0029832934474428585,0.03236250456245959
2022-01-31,0.018011006979895994,0.0,0.005924537392067553,0.012291652212272464
2022-02-01,0.006756819259276403,-0.0013516485044545723,0.0008328835308379912,-0.003576800785748402
2022-02-02,0.009714247074247728,0.002047956464660494,0.0036259919505645666,0.01275283352930745
2022-02-03,-0.023505159886857085,-0.0042652030043973665,-0.0014214062993387344,-0.010633315735614879
2022-02-04,0.0047024213283601846,-0.007674125234558571,0.0015420788696549614,-0.009899231310214529
2022-02-07,-0.003209332244546337,0.00026966329272393175,0.007402581993851909,-0.0014283151232481472
2022-02-08,0.00822803333988098,-0.0032367551904529668,0.003056870675416823,-0.004672567419285789
2022-02-09,0.01463606394163186,0.0013531270263535955,0.0033991784238243117,0.022609883166567757
2022-02-10,-0.017965742909226257,-0.009187636398189314,-0.0037965605384254753,-0.023608787249764895
2022-02-11,-0.01971860033207573,0.0103635736558374,0.019054878321533186,-0.009115491913395113
2022-02-14,-0.0032693713519093004,-0.006928143928213282,0.005350715998122091,-0.009102164143578229
2022-02-15,0.0161268199792155,-0.002989964873856499,-0.009499848975192515,0.008990517750917748
2022-02-16,0.0011206184910286243,0.002090123068521077,0.010284254451501385,0.004648943615939816
2022-02-17,-0.021361180248782086,0.0053508584905728185,0.013668073780773726,-0.010604540326367817
2022-02-18,-0.0064749695192057866,0.0032470792783694247,-0.0007334549100845855,-0.006040994301853564
2022-02-22,-0.010731833404542424,-8.992457854006819e-05,0.0020890378623359407,-0.0036271829167390246
2022-02-23,-0.01773873329039166,-0.005215617935528938,0.0045072272703239324,-0.016528818106391507
2022-02-24,0.015049296270093881,0.0023504288009188468,-0.006450131470019049,0.016806611531378524
2022-02-25,0.022063895870314987,-0.00027025786679857333,-0.003330678220184624,0.024104737201187554
2022-02-28,-0.00255851262518203,0.011364976715836361,0.010365345791119474,-0.01489100492582418
2022-03-01,-0.015230200363471336,0.009740045595860725,0.018163415997793697,-0.005266152104647537
2022-03-02,0.01839610517621293,-0.015029979420608575,-0.010406339832951472,0.018725538128539165
2022-03-03,-0.004978467947919785,0.004308782390642918,0.005953415398956663,0.008180008976377495
2022-03-04,-0.008124517883558391,0.009920097548191231,0.015929145881701023,0.004581846669851952
2022-03-07,-0.029479126635346797,-0.004247841863857182,0.014862865283030269,-0.019764403604470737
2022-03-08,-0.007581871694777198,-0.006487671635229342,0.027358997610294145,-0.004846685982439869
2022-03-09,0.026810953000942606,-0.006172020636361464,-0.029711176156992036,0.01539046224068974
2022-03-10,-0.00451546140633452,-0.004590784552208627,0.0031212277978962533,0.002494295211413089
2022-03-11,-0.01271519118026232,-0.0002707469422836839,-0.007027884128157469,-0.007942624572068624
2022-03-14,-0.0073083142640151255,-0.01266332250478086,-0.015073711931138378,-0.007813216188971905
2022-03-15,0.02199052920551492,-0.0004576953261301586,-0.01870545038411886,0.006708346069136173
2022-03-16,0.022174168695649366,-0.0013751709558845748,0.006260803404375848,0.01187834209721017
2022-03-17,0.012510801227337387,-0.0019271451946090146,0.004888644573449508,0.01546088783420596
2022-03-18,0.010952717944181511,0.0029424038051084622,-0.008789852082788041,0.0
2022-03-21,-0.00029240239411210123,-0.013018904252139585,0.007640798069546317,-0.006109060393562293
2022-03-22,0.01170148610120747,-0.005481070246553421,-0.007250775291250955,0.002553149958747003
2022-03-23,-0.01287836431478695,0.006725535093119905,0.013659661796972422,-0.011219143198975767
2022-03-24,0.01507438740375866,-0.00556692467706521,0.007260367097212672,0.006330157261956737
2022-03-25,0.0048837393030820575,-0.010263053017373291,-0.004095451209537915,0.012485715546559861
2022-03-28,0.007112826637936109,0.002262471866804283,-0.018203790082975457,0.010637244316188843
2022-03-29,0.012370733094567266,0.004985065476775574,0.00044678784846130526,0.029340582466660603
2022-03-30,-0.006174779874452363,0.003930152613642823,0.008038419372069505,-0.007239152592487752
2022-03-31,-0.015391144751325414,0.0018650133243451883,0.000387595883929448,-0.01221410989277727
2022-04-01,0.0028340042036389956,-0.006511945603299152,-0.006365867342034592,0.019470587699933928
2022-04-04,0.008566656146475449,-0.0006562731127931487,0.004846769455083555,-0.004887863571636952
2022-04-05,-0.012631314087096612,-0.011915812157149652,-0.006264842571455875,-0.00491195519872889
2022-04-06,-0.00999948112882798,-0.0035133454714917356,0.002343216670796844,0.011883095840595104
2022-04-07,0.00503924270604128,-0.0024777257588030066,0.003784886240234764,-0.009936802326583782
2022-04-08,-0.0026740146333359416,-0.005062688303071661,0.006265969312183373,0.0016423978792394767
2022-04-11,-0.017092313644230583,-0.004800946423676344,0.004959463770487282,-0.010748797153264156
2022-04-12,-0.0037054049103504294,0.004824106701492248,0.007676751619003053,-0.0014732774216703604
2022-04-13,0.011453746904252826,0.002208000205891514,0.004788537865617837,0.007100692973601719
2022-04-14,-0.01245180563575099,-0.00900547865384449,-0.003303550666205468,-0.004303746660367147
2022-04-18,0.00041099180592962803,-0.002900135949999272,0.0030971927027434454,-0.004046129130626408
2022-04-19,0.01614272985825904,-0.006593120442186962,-0.015112904376299419,0.021791119912673906
2022-04-20,-0.0007413680764677411,0.007808269149363722,0.004894947496407287,0.016627458669852713
2022-04-21,-0.014953596772207978,-0.005520399948493293,-0.0035576001936850066,-0.006933082055649686
2022-04-22,-0.027439269381255182,0.0004871008850930725,-0.0097220932450649,-0.017544038909551696
2022-04-25,0.005797616816809237,0.006423889329771448,-0.017970993150090764,-0.0025509043067675208
2022-04-26,-0.02896077867167235,0.0066731571112534915,0.001525017044941901,-0.01644147886557934
2022-04-27,0.0028117526352537947,-0.005572271768491954,-0.00755702425744631,-0.006593525699696512
2022-04-28,0.025259599648388198,-0.0014491300577190724,0.005398323510093839,0.018416395559022414
2022-04-29,-0.036955832264647936,-0.005321244842692807,-0.00011297696546286318,-0.04589673055393606
2022-05-02,0.006019338985160383,-0.007450128717099158,-0.018540493535693647,-0.024148758269832316
2022-05-03,0.00458419070058147,0.0011776347384706565,0.00264926246698316,0.012422380380612497
2022-05-04,0.030452924517822,0.00646812108267425,0.009822544372671826,0.011490924613373421
2022-05-05,-0.035542667458385635,-0.010029264849287012,-0.003811138551277793,-0.02666795733956795
2022-05-06,-0.005969040478544629,-0.005704726442948838,0.0016558743678838361,-0.011869463541835601
2022-05-09,-0.03201735304586473,0.007418882192478771,-0.014479496708730832,-0.04404393341335755
2022-05-10,0.0023106431067470012,0.0033389501348741746,-0.008445202872691127,-0.018219753961458474
2022-05-11,-0.015886248102524148,0.0061652752982359615,0.008167128516088473,-0.002133369956038189
2022-05-12,-0.0010437563940085548,0.003307361665750186,-0.015333925720196762,0.0078024767709989895
2022-05-13,0.023907721019996053,-0.005235181024362046,-0.00810956630229509,0.026408034644056277
2022-05-16,-0.004057514442192045,0.0041906005311567185,0.009538483763206873,-0.006303156164048529
2022-05-17,0.020570333885024494,-0.0075700111936545245,-0.006279296383541522,0.013621726847565574
2022-05-18,-0.04031152721175546,0.007138940562825491,0.0005314848929158789,-0.029031410981078976
2022-05-19,-0.006124727084282022,0.0035923956341601393,0.014697234801531733,-0.004437439636599039
2022-05-20,0.0004366095892149868,0.004644059261897482,0.0006980112537449124,0.006367413141617373
2022-05-23,0.01871011468104178,-0.006067056159832829,0.004650369455528214,0.01159955392998091
2022-05-24,-0.0076337660731978785,0.00862310012992662,0.007521859850632806,0.008443643515570143
2022-05-25,0.008834935924866283,0.002017470475417671,-0.006029994959596108,0.008476502681068254
2022-05-26,0.019981326899493723,-0.0004793749315615825,-0.0018488983177334939,0.0012299962959700927
2022-05-27,0.02454922721008712,0.001438814526299792,0.00052102106703944,0.026822489208448763
2022-05-31,-0.005611073058692462,-0.010439823997188902,-0.009893009276743081,-0.012263321616735712
2022-06-01,-0.008088534851354745,-0.005630499993479421,0.006369033199590923,-0.00827705189390382
2022-06-02,0.019043399172244957,0.0014618405527462297,0.012309182073779512,0.013740372161027858
2022-06-03,-0.01641152673459456,-0.0019460473438328574,-0.010152017266979896,-0.013353332708009091
2022-06-06,0.0030450063577445174,-0.007507868704361154,-0.0044037229040009285,-0.003154718951964619
2022-06-07,0.00959208678815604,0.004028207997865296,0.006518420844169315,0.013781144312195792
2022-06-08,-0.010872143184489258,-0.0037185746106590534,-0.0009251975242893229,-0.023059178810041936
2022-06-09,-0.023782902243187465,-0.0008839613493017984,-0.0031832564859568535,-0.023706242929807053
2022-06-10,-0.02899552762192059,-0.009829704398168215,0.013412283666592417,-0.022170608779909284
2022-06-13,-0.03796819222799508,-0.01777028937406344,-0.026412288230091452,-0.04998904557690764
2022-06-14,-0.0030134309142244575,-0.007984718809778246,-0.008003209616781914,-0.007614608856514438
2022-06-15,0.014256383242321036,0.013958455039558393,0.013050939388113303,0.023705599390901
2022-06-16,-0.03309592966104158,0.006531000177996793,0.011243181594596585,-0.02628916270701953
2022-06-17,0.002155575189288106,0.0002993317149460051,-0.008222816311715064,0.007582622731311606
2022-06-21,0.02517347197388564,-0.005189380160588342,-0.0037367862070599722,0.013911298783237713
2022-06-22,-0.0018126986484441332,0.012640349055156985,0.003985188163408093,0.01270809183282462
2022-06-23,0.009802262548640028,0.00564714231054797,-0.006129257292171064,0.018998531935771945
2022-06-24,0.031794034312817354,-0.003546382891338795,-0.0009984622015154487,0.02127689643082098
2022-06-27,-0.0038197399148217626,-0.005635590427443993,-0.0011170700540719114,-0.0015036450968793913
2022-06-28,-0.020432867800673327,0.0012926621354407697,-0.0016480211262837052,-0.012153265081053632
2022-06-29,-0.0008144652970886179,0.008042987929011591,-0.0007663579045243951,-0.0062056315424549036
2022-06-30,-0.008124137913477991,0.007683376579022072,-0.006077047294322124,-0.0018626176339069378
2022-07-01,0.010576448843111264,0.010719916663184614,-0.0008310541616338707,0.01800029202529907
2022-07-05,0.0018885890752202705,0.0036806425829625233,-0.02120964335120412,-0.002803261104908694
2022-07-06,0.0033773190339601022,-0.008492456536346338,-0.015842188833696924,-0.0018379559237898802
2022-07-07,0.014977261513687612,-0.006132174701244719,0.000555053276362516,0.0027078012355155057
2022-07-08,-0.000822640459324564,-0.0060717896495923185,0.0004315313201161963,-0.005292950300731847
2022-07-11,-0.011423481935752489,0.007882461229552051,-0.005360507452973451,-0.002172142997787896
2022-07-12,-0.008848930145294864,0.002346278532487256,-0.0037167247224720867,-0.003918092112053184
2022-07-13,-0.005251775027076633,0.004291755794512797,0.004787690503602615,-0.0048076379641481815
2022-07-14,-0.002428638975621622,-0.005535866070028872,-0.014047055610919013,-0.009003257273170306
2022-07-15,0.019105256375186785,0.00341829484574796,-0.0020084561635671516,0.01695109001525963
2022-07-18,-0.008256981679374054,-0.002919973428523903,0.0009433945063559435,-0.007081645644266943
2022-07-19,0.027019257727519452,-0.004587761916424182,0.0023874693093759447,0.025894777444307238
2022-07-20,0.006372898045314379,-0.0009804443337551039,-0.009402031234323593,-0.0023532538026007632
2022-07-21,0.010183260926082571,0.011386039993976249,0.014110421925231709,0.007933179491055764
2022-07-22,-0.009278020870165049,0.011451673486162717,0.00249575020790771,0.005211609369720316
2022-07-25,0.001215031592536775,-0.0035501383947256215,-0.0027385476219622396,0.0016929584756613103
2022-07-26,-0.011830998510100499,0.0003849467226801906,-0.0011858106875901608,0.0010562149030686196
2022-07-27,0.025966261553872272,0.002021629704896055,0.010184984698782484,0.006014522832502811
2022-07-28,0.012542476409371783,0.009894478246051053,0.012185323455280006,0.03241062943921258
2022-07-29,0.014578677824310438,0.00038059392032119277,0.0028110896821249565,0.005384402491185103
2022-08-01,-0.0029613103339953817,0.005848194453258904,0.0056672312077465925,-0.008084058287308293
2022-08-02,-0.006597135822427824,-0.013825662574964537,-0.005938288400823777,-0.012836305671069304
2022-08-03,0.01565931597573078,0.004128861631783387,0.002438243761313297,0.0031992046658455564
2022-08-04,-0.0006755432399458972,0.005068300152625715,0.016539989487255546,-0.001543065674760813
2022-08-05,-0.0016901166553753288,-0.01446224445645794,-0.011246066300201418,0.0027818107312225226
2022-08-08,-0.0011610196209506096,0.00588898412611627,0.008470017618367853,0.00893865322103582
2022-08-09,-0.003970998131566206,-0.0029748784952928764,0.0030595386607856767,0.005498848684909685
2022-08-10,0.02100409832046135,0.0005773403085651552,-0.0025119508170524663,0.015191556986627441
2022-08-11,0.0,-0.00663832378613205,-0.0026382206776995876,-0.002394276332513323
2022-08-12,0.016928847171158612,0.003971113585362174,0.00919802099904432,0.017200071579623
2022-08-15,0.00412061235639638,0.0031832524672130713,-0.012867030834262327,0.004030710189867559
2022-08-16,0.001958985550873038,-0.0011540495555910635,-0.001750096754401964,-0.002643891784538943
2022-08-17,-0.007098000598015686,-0.006739269515075086,-0.006468335614034371,-0.005988490730178042
2022-08-18,0.002906306488401178,0.0019386186793821647,-0.0026164156896926194,-0.006617256598502652
2022-08-19,-0.013438052404489698,-0.00860971180784098,-0.007320625681104476,-0.01053888319289431
2022-08-22,-0.020822357428297522,-0.004390960411378764,-0.006637179344595956,-0.021804684799426988
2022-08-23,-0.0024194540124544694,-0.002450477060685463,0.0069908740848763085,-0.012840294750057102
2022-08-24,0.0032012027129919574,-0.0033407630893784734,0.0029489200401788818,0.005723164610032638
2022-08-25,0.014117663029824978,0.006408178906315953,0.003062787136294043,0.014899261825176424
2022-08-26,-0.03384896746874344,-0.0011757850116780322,-0.012152705301765265,-0.025180914012291278
2022-08-29,-0.006612269794048831,-0.005687845221692411,0.0006182375550920494,-0.00899401797019439
2022-08-30,-0.0109777887969017,-0.0002958028080428665,-0.008340578885610683,-0.013824528219133159
2022-08-31,-0.007609052440646358,-0.004143675558195725,-0.007725314789180926,-0.004708445020689234
2022-09-01,0.0031378305610698654,-0.007949411697676378,-0.008790162100319021,0.001827973061203192
2022-09-02,-0.01054468712030443,0.005601771275086875,0.008804709144487166,-0.013951524783947566
2022-09-06,-0.0037729518011866414,-0.011141741897823132,-0.0058394619355668365,0.0090334092142077
2022-09-07,0.017965235583413453,0.0065394538331833285,0.010168638866495439,0.019523136246157646
2022-09-08,0.0065359790000965035,-0.003698120238109337,-0.006002292729855863,0.002750862998900594
2022-09-09,0.015535447196479923,9.999748908851025e-05,0.005283756568463582,0.010867278839314709
2022-09-12,0.01074748948091453,-0.0024075126685203507,0.005068186218703863,0.00970670842140886
2022-09-13,-0.04348252207470715,-0.005630851812742033,-0.01301133993119441,-0.038246740558992354
2022-09-14,0.0038160925806391965,0.000505574729086522,-0.003847613448870524,-0.011393055943521246
2022-09-15,-0.011353555782785518,-0.00343631243784126,-0.018679143196684067,-0.018482157831907764
2022-09-16,-0.007628686568389109,0.0008114051865673044,0.005549107201315628,0.00011066702463402578
2022-09-19,0.007754856403481725,-0.0028374383292822936,0.0007700871329356929,-0.0014398186749084996
2022-09-20,-0.011478702770920446,-0.006199383654655222,-0.005706587274526553,-0.02428997805654809
2022-09-21,-0.017443764762905656,0.003988342909610143,0.004642973675810236,-0.015800987889258322
2022-09-22,-0.008399775628965434,-0.015074585863368517,-0.0005776772692025478,-0.012704818119141481
2022-09-23,-0.016754702240264763,0.0012410222048222508,-0.01727683040546535,-0.01329198925370989
2022-09-26,-0.009892751939646893,-0.016628500538935498,-0.011633219026207842,-0.02804402254599203
2022-09-27,-0.0025528648596189196,-0.00682724013388103,0.002049841746687875,-0.013317108598094984
2022-09-28,0.01967663211972348,0.022525112609830034,0.02078665233491006,0.020744842986089695
2022-09-29,-0.02088933904541712,-0.0046539757280050775,-0.00019392836526865853,-0.02938259715917335
2022-09-30,-0.01546331972272963,-0.0025974798307714098,6.462244018679009e-05,0.01122586825587879
2022-10-03,0.026401264594153373,0.011868297535344574,0.024309785681440932,0.017837154834279723
2022-10-04,0.03098673123218343,0.002063373989936945,0.014328122056449066,0.020220602796150233
2022-10-05,-0.0023284523509153887,-0.009471382690777963,-0.005538266375543777,-0.019579685549199755
2022-10-06,-0.010315607011701089,-0.005508345531084369,-0.00112629171222689,-0.027811779472797005
2022-10-07,-0.027894196062151932,-0.004911327836586876,-0.010962851258976669,-0.02407046674705282
2022-10-10,-0.0076349559711573756,-0.005881551137115193,-0.015201476317757034,-0.009426810987443357
2022-10-11,-0.006333086834337753,0.0025355779041547066,-0.002058091550185215,0.010168135978660509
2022-10-12,-0.0032984960090911564,0.003266654063792007,0.00534932850905423,-0.0104527263385511
2022-10-13,0.026390920787663807,-0.00420127479430521,-0.006923532232980256,0.01825749283886169
2022-10-14,-0.022788574253100435,-0.005590172660526416,-0.012458897998479546,-0.024846229455534385
2022-10-17,0.025696852172457874,0.001060656213519362,0.0028762090057179446,0.037693852786249815
2022-10-18,0.011749572724090385,0.0025429148107805055,0.0021509701146735782,0.010884392852102964
2022-10-19,-0.0070865593453118825,-0.01046257112864657,-0.013398358104674823,-0.024915451162979996
2022-10-20,-0.008385318352948534,-0.007476507356216411,-0.0015822103586343728,-0.00436563385204225
2022-10-21,0.024301612536906658,0.002259838578124951,0.017827646105301076,0.007866964364793283
2022-10-24,0.012236513746026079,-0.0012885720603518225,-0.003243594030472474,-0.00012785263289694093
2022-10-25,0.015968610994601562,0.012470703054394017,0.002277944142005106,0.0392884050981237
2022-10-26,-0.00753419115415177,0.005096257804317217,0.006363608620383543,-0.0006158388989317976
2022-10-27,-0.005339951922174846,0.007078211505950671,-0.001548523944967184,0.0014786586681054814
2022-10-28,0.023790785296983197,-0.005140053422619029,-0.010210687443231947,0.022022546071932547
2022-10-31,-0.007223357790159035,-0.0045337346456104655,-0.008161399648159207,-0.0010832791369559391
2022-11-01,-0.004375868449138731,-0.00018049526197627674,0.010203429757038585,-0.00036166494398903737
2022-11-02,-0.025096185409575922,-0.0016987753623811663,-0.006972548399621914,-0.02748630711690092
2022-11-03,-0.010296698109769742,-0.004360339825289827,-0.003806036048150885,-0.0013637812853152242
2022-11-04,0.014392898207502336,-0.002136048956436043,0.030696289684813083,0.013654654276509692
2022-11-07,0.009565621394305612,-0.0035326550889320796,-0.003962389674382338,0.0
2022-11-08,0.0053953531338908345,0.006659779660750376,0.023099074133724695,0.0030613465395472605
2022-11-09,-0.02060213429192226,0.003415234413836732,-0.0050172660211307285,-0.010255068652264443
2022-11-10,0.05495435891263467,0.022439580610998044,0.030444387121793204,0.07314650784078403
2022-11-11,0.00967840631309036,-0.00208015005074369,0.006606324071935177,-0.00011484694451924238
2022-11-14,-0.008506940481662562,-0.002397440622442515,0.002187655661719301,-0.024370678942081336
2022-11-15,0.00852916831904671,0.0074183192646462,0.0035168677995043307,0.010840190385061454
2022-11-16,-0.0076286589077687594,0.0073636930387182,-0.0022961020109516506,-0.009092150527789
2022-11-17,-0.0030599493056450155,-0.006795352840425317,-0.007267423593311895,-0.006822439272581526
2022-11-18,0.004540459751410042,-0.0035245926002618333,-0.006893636502166456,0.012673205256588993
2022-11-21,-0.003636012725719895,-0.0006235842877793107,-0.005589952950737276,0.005262874955166197
2022-11-22,0.013457133038061952,0.005724806144586481,0.00117372396636517,0.005468553181906977
2022-11-23,0.006301282617002357,0.0053819182916126085,0.006231840940288613,0.0008098433572225616
2022-11-25,-0.00022372218768196284,-0.000308909088853615,0.000858470616118101,0.0063591219292553625
2022-11-28,-0.015956774966524034,0.0004118564764992172,-0.007903495498554403,-0.02676921474295335
2022-11-29,-0.0017176435038498417,-0.00422030677807661,0.004940425418036076,0.01652711176081656
2022-11-30,0.031500614005839145,0.008993153646239982,0.012781920270785507,0.022877553867161726
2022-12-01,-0.0007359085612719252,0.010922623211777394,0.01838479961277617,-0.0021569665852109177
2022-12-02,-0.0011537514437672813,0.0020303962364007777,-0.0034556830535615868,-0.002958438152207976
2022-12-05,-0.01798923259063967,-0.010133525889482131,-0.017158885635801036,-0.018258564374941666
2022-12-06,-0.014414718339349264,0.006142501766703834,0.0027373742314797944,-0.009415524752979465
2022-12-07,-0.0017010884827993733,0.00875029604567934,0.009039101712364994,0.0019950744131469467
2022-12-08,0.007833697136176765,-0.0056483702426459725,0.0008416965556858891,0.0070266272966954535
2022-12-09,-0.007470156081566093,-0.007405353828702443,0.003544160110315664,-0.0018608042424331783
2022-12-12,0.014417237656153548,-0.0014302865533329934,-0.008260534556326027,0.007689604354433666
2022-12-13,0.007569910977531125,0.009005818717104708,0.017081132038632596,0.01849932984574254
2022-12-14,-0.006393494702899627,0.0027386129337063636,-0.0024330212847030186,-0.0068111560488997025
2022-12-15,-0.024461622354868484,0.0019458698700844934,-0.01635930934057528,-0.01337301835273108
2022-12-16,-0.011806147049906901,-0.002528775057568544,0.008708721678036602,-0.025834147737595847
2022-12-19,-0.008479701075886359,-0.008112647934268469,-0.0028178306902848504,-0.012724448695298318
2022-12-20,0.0013683991977355703,-0.0072591288069110416,0.016594482836064905,-0.002529461817853851
2022-12-21,0.014952367379695186,0.0012361206874353936,-0.0016560135809358112,0.008573759340013032
2022-12-22,-0.014265947494560116,-0.0003088718827291004,-0.012085358459954287,-0.004201208726209105
2022-12-23,0.005752037395260201,-0.004526875824169663,0.002998321039039853,0.008901360008557457
2022-12-27,-0.003943361915528132,-0.008372246522308946,0.008430011409881644,-0.00036247339089046093
2022-12-28,-0.01242790369609903,-0.00239725869355778,-0.004505807286929064,-0.017047778108964518
2022-12-29,0.018000458191627988,0.004910711046288041,0.005598251568726287,0.02189429498577944
2022-12-30,-0.00263436878743184,-0.004159032116558992,0.0046786689817972515,-0.007222037950620819
2023-01-03,-0.004209758729070812,0.007830549639434414,0.008370656531798915,0.0009700006010182616
2023-01-04,0.007720216769982136,0.007666105242255528,0.0094119059589024,0.022650263902288525
2023-01-05,-0.011413445164463853,-0.001439233142024654,-0.012451461859522062,-0.02688605462450644
2023-01-06,0.022932133652808107,0.012869251260138492,0.01870749684189077,0.026898714231181176
2023-01-09,-0.0005668095768806003,0.002540935803845956,0.0022451175785793698,0.00035547050004036684
2023-01-10,0.007012709262070649,-0.006285936897347577,0.0036760446135073455,0.002251002630679677
2023-01-11,0.012647871009704659,0.00642773869339619,-0.000686793935011365,0.03582003959865543
2023-01-12,0.0036408854742195906,0.008921453645387434,0.011568000967502767,0.01266839978129286
2023-01-13,0.0038796353881038748,-0.005325654639339428,0.012001783992939385,-0.006198692162050934
2023-01-17,-0.001832120029193196,-0.003131801293079328,-0.00654507834469964,0.0028351342623094133
2023-01-18,-0.01578793565168246,0.013579406055709287,-0.0028717524486322477,-0.014587861967481408
2023-01-19,-0.007279823842565203,-0.0018993435577726592,0.015868520044824974,-0.0055083596041303196
2023-01-20,0.018629107028864667,-0.006611698317121828,-0.003335405556458948,0.011885627407435262
2023-01-23,0.011998546522200337,-0.0032264375820407754,0.0018964337632443318,0.004561441054382831
2023-01-24,-0.0010735100416154886,0.005766174877122943,0.003618515163479552,0.0024973706863027356
2023-01-25,0.00037487710962302856,0.0011065962233571813,0.004603959599926544,0.00045298181116137926
2023-01-26,0.01099051626224301,-0.003617386201441808,-0.009055266877154966,0.011205397010230822
2023-01-27,0.0022974931049120073,-0.0015120670796481273,-0.0013929904624704337,0.0111931920756001
2023-01-30,-0.012546755068507331,-0.003130939223903728,-0.002566715270248765,-0.012729680177466118
2023-01-31,0.014703174982622302,0.0050652348851627504,0.0036362115419990015,0.02096654180639046
2023-02-01,0.01062783322629679,0.007192131916887945,0.012596814339808304,0.00614973901449023
2023-02-02,0.014557069930932087,-0.00040103434890470524,-0.02075193653580043,0.02270242653191934
2023-02-03,-0.010629034289933892,-0.01073562311287879,-0.024957770292002968,-0.01878307153228953
2023-02-06,-0.006111340267619614,-0.008620641182207178,0.0020754098721176284,-0.007287657236420886
2023-02-07,0.013078532872222937,-0.002455162314640935,0.000920425708082595,-0.002191164347024932
2023-02-08,-0.01093460031074378,0.003691807458506391,0.002471594120761589,-0.004721756843082181
2023-02-09,-0.008669302435457826,-0.004495641685558938,-0.007912418174625069,-0.010922197944377432
2023-02-10,0.002333644884199515,-0.004824113722366019,0.0019071943211166342,0.0034579133339487367
2023-02-13,0.011739151844691431,0.0023721535564480423,-0.005076170279846859,0.008892779002048323
2023-02-14,-0.00046036351512190876,-0.004526917551433973,0.0007537389032514774,-0.007932984345483951
2023-02-15,0.003247445298318441,-0.0029975256400900374,-0.00996466725346834,0.003998111595949094
2023-02-16,-0.013768753783681031,-0.0033177169028260067,-0.0008192368783922488,-0.009734613016034954
2023-02-17,-0.0024982293205089157,0.002808672889219821,0.002986790669610162,-0.00390939923999345
2023-02-21,-0.020061028730294916,-0.0108910762092298,-0.003737004613899475,-0.020074212232132682
2023-02-22,-0.0013781318929142472,0.0017825080384099579,-0.005626488586046308,-0.009041076545079907
2023-02-23,0.005319432055494788,0.0038735160446319306,-0.0005304511136865475,0.007506992056892425
2023-02-24,-0.010682391351167997,-0.00604845903358886,-0.00719467575637045,-0.017538070586974652
2023-02-27,0.003405924443931063,0.0030427690770833404,0.003920334893926292,0.0015165655141016199
2023-02-28,-0.0036960310683810116,0.0015689124119038222,0.00455596886271592,-0.001397636073839914
2023-03-01,-0.003835943879336834,-0.00799456426802303,0.005772150633673867,-0.012599324523534072
2023-03-02,0.0077772965870011035,-0.004113757509994431,-0.0005855636445488699,0.01169676941836384
2023-03-03,0.01603784837310407,0.008049702695119842,0.010723085619275707,0.015181268819711935
2023-03-06,0.0006927202080044825,-0.0017864077317136795,-0.005043830646819902,-0.003911113211086281
2023-03-07,-0.015328649785781967,0.00010546892311324996,-0.017480480627863337,-0.02332818841167905
2023-03-08,0.001632018049163575,-0.00031573646941840394,-0.00047445044105887124,0.011469890686485185
2023-03-09,-0.018449892982840832,0.006211323719534478,0.009849316056938173,-0.02291331826793208
2023-03-10,-0.014429330664282647,0.018416003690654437,0.021562856843419187,-0.03314172055389952
2023-03-13,-0.0014252820882890704,0.012123865461039385,0.022948211912439564,0.013116850851606188
2023-03-14,0.016530085938712302,-0.009440866131609105,-0.005791064746217711,0.009649666274175184
2023-03-15,-0.006254403402199404,0.014449668729605625,0.007804133170404848,-0.0007260767353876041
2023-03-16,0.01754512423522403,-0.0089906551262664,0.002020092008242713,-0.0021790627361731874
2023-03-17,-0.011692558811534526,0.011825135306048562,0.02912021467748982,-0.022688737085751365
2023-03-20,0.009615537072014124,-0.004030206078404985,0.0003808677357699519,0.01142173399971469
2023-03-21,0.013130647289386177,-0.008699210119066714,-0.018875115806276432,-0.004419006574290951
2023-03-22,-0.01704648509680018,0.013163325714859342,0.01702060989813825,-0.037356664304931786
2023-03-23,0.002703295222257429,0.005740836015829309,0.012538176085624908,-0.006275632149140398
2023-03-24,0.006561991828478275,0.0003003152227700756,-0.011252350246951037,0.025644167467569146
2023-03-27,0.0018698923174946813,-0.012313468196611499,-0.009256722051406152,-0.0011421724368918529
2023-03-28,-0.002244634806711554,-0.0006083740412938798,0.008189093257242153,-0.002414022511870728
2023-03-29,0.014534966633412694,-0.0017238259203237183,-0.00496077000653139,0.022162682250307375
2023-03-30,0.005855104372891828,0.0015236545435655113,0.009039576549164652,0.013084077242405456
2023-03-31,0.014094819956281812,0.005477969164784602,-0.005212246135594234,0.021402228501800957
2023-04-03,0.0038102902126926352,0.00471070106510818,0.007204410308019105,-0.007947916633684438
2023-04-04,-0.005548081276924299,0.006439194805934356,0.018640958960437715,-0.001335283081396299
2023-04-05,-0.0026181652892226515,0.004198887593654721,-0.0007979247786651378,-0.005348273785085178
2023-04-06,0.0039008430165612396,0.0002985621774631575,-0.007134091065472581,0.006843494792085014
2023-04-10,0.0010263369624086138,-0.009852788207257102,-0.007399886547073353,0.004612129847246571
2023-04-11,0.0002686158695797136,-0.00040229995203444613,0.006320556237305208,0.0042286094148846765
2023-04-12,-0.004075999121553875,0.002916308580584115,0.004885138866613126,-0.004812346938581791
2023-04-13,0.013282719849100122,-0.0033085145006047645,0.013515672558895409,-0.0030220491024970375
2023-04-14,-0.002442690964016836,-0.004929470992957263,-0.017710313033589165,-0.015520987483760185
2023-04-17,0.0035882743780331072,-0.006368528430861997,-0.0044537552497120325,0.020815274545037177
2023-04-18,0.0006521948705913161,0.0016278806223217757,0.003880780603893852,-0.002292378628872438
2023-04-19,-0.00016898305290813376,-0.002133093464022795,-0.004778520212877502,0.005925674690973715
2023-04-20,-0.0054570124811536,0.005802139023343589,0.00393825919904689,-0.009857880008425024
2023-04-21,0.0007767975418591089,-0.0024288394825775494,-0.00988766926809792,0.00012120600722087538
2023-04-24,0.0010431999693172322,0.004869418683439042,0.003039335460481629,-0.0037635277547802826
2023-04-25,-0.015873855759564015,0.009894167330563475,0.005086318131183543,-0.009870669546657718
2023-04-26,-0.004235609559104292,-0.0038989855340598734,-0.0054373863086726315,-0.009600053847804269
2023-04-27,0.01990792940318853,-0.006523572030191382,5.410039265330013e-05,0.02261714357286193
2023-04-28,0.008535262357087126,0.00747582876088293,0.0002706525128974846,0.012273416069209508
2023-05-01,-0.001009705619008705,-0.011769861013243732,-0.004491351825477108,-0.007442915831007535
2023-05-02,-0.011239188927547161,0.013018684199998187,0.019296640909943763,-0.016932639497005075
2023-05-03,-0.006864108708564465,0.006525846422113846,0.008479075840785555,-0.00393703037364157
2023-05-04,-0.007082862673597257,-0.00019936132256404004,0.00703295344911492,0.008275630926736222
2023-05-05,0.018512552327754506,-0.005387607523723692,-0.015647950479605433,0.016660530695477682
2023-05-08,0.0002666498787446958,-0.006118734250527558,0.0012269055761324754,-0.005783757365005138
2023-05-09,-0.004385421970216519,-0.0012117694092030895,0.007086162362163639,-0.004241828181846485
2023-05-10,0.004672414048531692,0.007478353428021611,-0.001428442843921074,0.00961543897782069
2023-05-11,-0.0017440354989586293,0.003710860240321967,-0.008582755587748347,-0.010970736882989107
2023-05-12,-0.0013105052014953378,-0.005995725890701742,-0.0017100802429794726,-0.0001216788172776484
2023-05-15,0.0034503499253437653,-0.0022117281471134564,0.0021412620336231925,-0.0017067023378211088
2023-05-16,-0.006682802198964,-0.0032240009421548033,-0.0124993937971285,-0.0250337236327427
2023-05-17,0.012139169602950695,-0.0032348637591724794,-0.0034618889303412725,0.013527242581554022
2023-05-18,0.009633165939851862,-0.006185835885634039,-0.012972911279784505,-0.004819710340823957
2023-05-19,-0.001455270190172775,-0.0037754084302289437,0.0098988291245512,-0.0016142057067483062
2023-05-22,0.0004062817431405019,-0.0018438124900708175,-0.002341497915543389,0.006094452901089564
2023-05-23,-0.011222932748939263,0.0016413340248551123,0.001200731149241463,-0.009395420941728516
2023-05-24,-0.0072449009438392276,-0.0025606520223013796,-0.008068450017086337,-0.021465131889301547
2023-05-25,0.008660207480567728,-0.006265077666558927,-0.009618027091793824,-0.00012764725541636324
2023-05-26,0.012950535283052123,0.0018599598863580091,0.003995567330169925,0.0114795467787423
2023-05-30,0.00038087163828981474,0.00784062687364484,0.006190554546333882,0.0037831243036503537
2023-05-31,-0.005545075901445595,0.0037874779654105684,0.0015382006614657051,0.0050251549523705474
2023-06-01,0.009500832520442204,0.002780538791491649,0.00789813034647624,0.00012521983311253315
2023-06-02,0.014461309915113407,-0.007951116002770875,-0.014747450675273721,0.024371651500861624
2023-06-05,-0.0019161264704548042,-0.00030819871220055806,0.006020416015011243,-0.006954439040842364
2023-06-06,0.002177196999536779,0.0006165874558610174,0.0010980396887689814,0.00958343392688743
2023-06-07,-0.0034576734540812115,-0.007293405979841405,-0.012010543410059138,0.01837642897056746
2023-06-08,0.006048478543570823,0.006726255783958024,0.013211240429905624,-0.006213766643568874
2023-06-09,0.0017945579164024839,-0.003597407402438635,-0.0026845203333208945,-0.005772353576496303
2023-06-12,0.009071932800124305,0.0016501400214095074,-0.0008788640365902101,0.00024189787860229295
2023-06-13,0.006592797958971719,-0.007105605301179541,-0.007367558613950331,0.006408743521497229
2023-06-14,0.0011907533074919652,0.0013483707683834556,0.0005539277015322863,0.0037247454006155145
2023-06-15,0.01239767093193933,0.007768641925476771,0.007030581691497284,0.005266862920773052
2023-06-16,-0.003406214175033173,-0.004317083055901394,-0.0015392159510752013,-0.0007144599237136617
2023-06-20,-0.0051882418638852235,0.0029939214751351084,-0.010350739592973501,-0.01179691280103623
2023-06-21,-0.005123558935491546,0.000926118558376654,-0.0014464228474878604,-0.006029215645016683
2023-06-22,0.0036096926380304595,-0.0056555835112880315,-0.009916979914319946,-0.014315046055861202
2023-06-23,-0.007560001358950963,0.004136344411388437,0.0027572461643308177,-0.013784692704539414
2023-06-26,-0.004085917745945689,0.002471883999733304,0.0017396047357047806,0.02308772352744759
2023-06-27,0.010963446982159342,-0.0034926127781709226,-0.004593535884055422,0.012319717609839964
2023-06-28,0.0005043250220784223,0.004020419367911643,-0.002307409851291853,0.0014460713495172417
2023-06-29,0.003941386905671029,-0.01026816849251655,-0.001071764681377263,0.011170227518315645
2023-06-30,0.011800789778114051,0.0021786517605646427,0.006663323502016594,0.005535565636379802
2023-07-03,0.0011505050437754516,-0.004337341986446419,0.0011218766110339118,0.009813208134040519
2023-07-05,-0.0014872831033548861,-0.004794234919118012,-0.00353003237800964,0.002251854840250367
2023-07-06,-0.007830598059588856,-0.008168380138138032,-0.002980200124891419,-0.007686038500593795
2023-07-07,-0.0025247215782113752,-0.0012670720983831707,0.007500997402107412,-0.0022638882864797205
2023-07-10,0.0025311119311206554,0.005180313432418204,0.0007836956455820054,0.004299368891812705
2023-07-11,0.006368466628352332,0.002103448738764113,0.0037476125602418087,0.014270599598720235
2023-07-12,0.008045997552762696,0.009760636274989132,0.013541420874312982,0.005393122518968951
2023-07-13,0.00793677916637292,0.008315419858230255,0.0007146999149643118,0.006414069070096451
2023-07-14,-0.0006226669854759725,-0.004948123993791964,-0.0031866482531699436,-0.0019699812100125724
2023-07-17,0.0034721441783767126,0.0016573399144175216,0.0007165567329587841,-0.006501484251001166
2023-07-18,0.007430573761473713,0.0011377352459429613,0.011456278139590825,-0.005492654651756856
2023-07-19,0.0022238540879879753,0.0034091498381707552,0.00016335645500209495,0.011280819927778296
2023-07-20,-0.006634644054109073,-0.00792718602182152,-0.005063389149303599,-0.0032535869363484737
2023-07-21,0.0,0.000829864968923788,-0.0030645332195952113,0.0046628790856138025
2023-07-24,0.004467338747906391,-0.0023849382753992066,-0.00428147332668416,0.008238641648854683
2023-07-25,0.002730203715845647,-0.0018709316274344578,0.005567859975791123,-0.007135318916010824
2023-07-26,0.0001534652181298668,0.003436842401044027,0.0048791150253855164,0.004520668135884698
2023-07-27,-0.006629990784436934,-0.010896967130235358,-0.01571197400361901,-0.021693878185745863
2023-07-28,0.009790505526976467,0.0032525812853219094,0.007981390400291666,-0.0008258561779490581
2023-07-31,0.0019040050895788863,0.0012549239954851021,0.0026944104889450315,0.006492713281585072
2023-08-01,-0.0028616095171389855,-0.005843185981364241,-0.010364679607279714,-0.0016417023083751259
2023-08-02,-0.013910840946214087,-0.002001056418108993,-0.004765602229612864,-0.0057568830504526325
2023-08-03,-0.002865720456627363,-0.007387750107156754,-0.0003341470787491252,-0.010870877544029822
2023-08-04,-0.0045227262661404755,0.01063234903322674,0.003620414278603157,-0.008123110332755368
2023-08-07,0.008728345887837552,-0.0024197220335661074,-0.0022753962847783527,0.012525355805861116
2023-08-08,-0.004348745397310005,0.005062319051628572,-0.006341080194621318,-0.006423076728799604
2023-08-09,-0.0066850716248575415,0.000629591424573972,-0.00475820704444585,-0.00011973017342514769
2023-08-10,0.00035891197381077156,-0.007655179477015217,-0.0010686044760203073,-0.0038315130403743236
2023-08-11,-0.0005831117228672911,-0.005283772163838241,0.0,0.001562666011128755
2023-08-14,0.0055199912097421144,-0.0015935425353765797,-0.003040588549344525,-0.006600132164885419
2023-08-15,-0.011648845341397318,-0.0019154849978374466,-0.002654474343068869,-0.011234741095919043
2023-08-16,-0.007338168132414502,-0.0038376845887663213,-0.005776029417432049,-0.012339896032479425
2023-08-17,-0.007620014964829669,-0.001284430717188978,-0.0015378724223797935,-0.008040249812820477
2023-08-18,0.000481477281478071,0.003000676278377634,0.00017112823031739666,0.0031176020175198715
2023-08-21,0.006506236440642299,-0.006196830288717425,0.002737670236275802,-0.009199408907245465
2023-08-22,-0.0027086349683950184,0.00042989307420215894,0.0016495566176504273,0.0028858015713748575
2023-08-23,0.011137783339478124,0.010853624810257978,0.01016464068195777,0.015763621680886297
2023-08-24,-0.01385908164401184,-0.0037207579471785213,-0.00022482031744353037,-0.003818076026562256
2023-08-25,0.007049859927363622,-0.00032037626797754015,-0.0012932863561120334,0.0007418113054058484
2023-08-28,0.006341315927350433,0.002775143346837927,0.0028713533365909427,0.009389596963858216
2023-08-29,0.014454721180120478,0.007131522396725654,0.009768091768254772,0.01211751680964146
2023-08-30,0.004118917872557359,-0.00010574622837700165,0.0025018747942815445,0.0036280789857854323
2023-08-31,-0.0014634035059160055,0.0020084876870736235,-0.0016637258183913595,-0.007350227599537629
2023-09-01,0.0018651470018735683,-0.006112711517854086,0.0004999240959600026,0.001699516624018349
2023-09-05,-0.004321878073714647,-0.006064788658311948,-0.008161685723844458,-0.011633725937714057
2023-09-06,-0.006722383040254631,-0.00256960412786289,-0.004534245193468567,-0.0020843638179688373
2023-09-07,-0.0030703114341791293,0.003434538452679492,0.0010684498647577367,0.006266045914941953
2023-09-08,0.0015060827955775125,0.00021404927162627096,0.0003370270596214642,-0.003906984107097222
2023-09-11,0.006576583948365355,-0.00171157200036276,0.001853109993606994,0.00012237959473226923
2023-09-12,-0.00548552598232066,0.0013929509396781725,-0.005156651253074851,-0.0004900957949270923
2023-09-13,0.001165871867306878,0.0011764852830389305,-0.0023100098564432514,-0.010913538462584804
2023-09-14,0.008622411855826906,-0.0022435684659016797,0.0005082241752882855,0.018100547566678893
2023-09-15,-0.012048339741322023,-0.003105545277565014,0.006603816566220333,-0.003774942109463386
2023-09-18,0.0005865321568145898,0.0009668112733123291,0.005887647601878543,-0.008922896412154713
2023-09-19,-0.002073700094547659,-0.0036489313517235056,-0.0009476457412548323,-0.004563770670550582
2023-09-20,-0.009193289671217464,-0.0007538668725448616,0.0007253927124595272,0.0008675022635162843
2023-09-21,-0.01652842480458383,-0.007437878951852661,-0.007248413758109917,-0.03404315170126715
2023-09-22,-0.002248656600978949,0.003909941848373233,0.0032013033173832195,-0.00756099766029672
2023-09-25,0.004205138844644685,-0.0073561897948044574,-0.005150588926742139,-0.0009039095065384029
2023-09-26,-0.014691202446539986,-0.0003270343538396281,-0.007990985893820302,-0.018224368785530465
2023-09-27,0.00039915419730851553,-0.0044695070079416865,-0.012366647894697436,-0.006713974552682189
2023-09-28,0.005797384548081874,0.002737235048218656,-0.004997187509914736,0.00959544479983121
2023-09-29,-0.002426988561784471,0.00021853740768462693,-0.01027534966921384,0.0029164197824143034
2023-10-02,-0.0003975862347961323,-0.008111568189989926,-0.010498705650611395,-0.018371835486475696
2023-10-03,-0.013386160539729741,-0.00827715955585584,-0.0028882419805683623,-0.01952323682251722
2023-10-04,0.007282130913677465,0.006343140697508964,-0.00011825651470720455,0.012221650184434996
2023-10-05,-0.00037690281712132734,0.0018799307173291702,-0.0018327868021307259,0.0055625420646066015
2023-10-06,0.011872889791437746,-0.005849979503961156,0.005153083621109555,0.002698201928239996
2023-10-09,0.006402109308006665,0.012768069482579358,0.01838544744893622,0.010898999105213747
2023-10-10,0.005204881069301948,-0.001973517148063597,-0.0016780958953311886,0.004791380564434844
2023-10-11,0.004096379242632953,0.005492199426008648,0.007303045938392039,0.017353679800549582
2023-10-12,-0.006096583216924967,-0.009613382738070109,-0.0030496507265770356,-0.014583482342422904
2023-10-13,-0.004980912219120448,0.006397621276047483,0.03214825984540237,-0.0025108003883637098
2023-10-16,0.010521443258854069,-0.005918788802775965,-0.004864928190345896,0.011921957102875025
2023-10-17,-4.5865141389489494e-05,-0.009811978856067993,0.001854273768354009,-0.0014397387212414792
2023-10-18,-0.013325087873513275,-0.0046768530416392284,0.014470816805260078,-0.021237566121611096
2023-10-19,-0.00878627754271677,-0.004921921388476691,0.012274016037125302,-0.023707545928024598
2023-10-20,-0.012287991864551095,0.005845822278822244,0.0027308974274993236,-0.006722213318879677
2023-10-23,-0.0017334012108565222,0.0046939614117513795,-0.0033770637265356784,-0.009806643539398974
2023-10-24,0.007539525328783103,0.0017802986960300249,-0.0001093308866343401,0.012833142804533182
2023-10-25,-0.014352274963949196,-0.008772868835250747,0.004208823642007475,-0.021484851748045264
2023-10-26,-0.011974567146153525,0.007618002954329572,0.0015784524505007003,0.019141676017686793
2023-10-27,-0.004532641917453395,0.0015569186903396925,0.011629799758343662,-0.016020055191009464
2023-10-30,0.011955587390342304,-0.003330852439471732,-0.00564054701797434,0.006315707939856363
2023-10-31,0.006280458411103362,-0.002116138610392837,-0.005456562573315948,0.017015680718504678
2023-11-01,0.010664539912952353,0.011517609262060136,-0.003150642851826202,0.0061709475349402965
2023-11-02,0.019164464276355764,0.006196762547548307,0.0033240729584831374,0.03284720545488917
2023-11-03,0.009123556473915384,0.007698295575843339,0.003638921283475316,0.02388495029763882
2023-11-06,0.002300232876921715,-0.005783871915545857,-0.007792560392528847,-0.01443488868746401
2023-11-07,0.002846140906889616,0.005707720068246935,-0.0041451308444239165,-0.008238799939390917
2023-11-08,0.0007324198062597098,0.004038327238571338,-0.00996764391222027,0.0032965729629184093
2023-11-09,-0.007798799342990881,-0.009892244030617836,0.003982968433291267,-0.015770520373028507
2023-11-10,0.015604807175139124,0.0010977723829692643,-0.010909752197912126,0.009347009013273233
2023-11-13,-0.0009531779348788127,-0.000547958908845958,0.005570720464602941,-0.008334485822790061
2023-11-14,0.019400710648425745,0.0150335053054369,0.008919177105678688,0.05549623180307828
2023-11-15,0.0021169837311705297,-0.0077841804112407376,-0.002635601473798599,0.0029068256923210356
2023-11-16,0.0012231033892862175,0.007518106019897219,0.011286077178189302,-0.0021422161082320645
2023-11-17,0.001244029886517728,0.0006489458045455532,-0.00010890234740634774,-0.000757807827045931
2023-11-20,0.007697435302022715,0.0014048778163975317,-0.0016333808174913145,0.007330633414848631
2023-11-21,-0.0021794027561510276,0.0012949558018000573,0.01079790063288577,-0.007026367670739608
2023-11-22,0.003860926500885986,-0.000322886278064094,-0.004262252597287075,0.004927861243365861
2023-11-24,0.0006151887358845087,-0.005175709062088085,0.005201596914642392,0.0028920564066474697
2023-11-27,-0.0018007845749422602,0.007586680442368321,0.006737817869841178,0.0036359061986130925
2023-11-28,0.000989885786104816,0.004410142525433924,0.013331852960406732,0.006620914653556964
2023-11-29,-0.0007033710616228817,0.0052473652877580435,0.0014794398574642376,0.006949527545032197
2023-11-30,0.003937529652588534,-0.004900656677880755,-0.004167950375202456,0.007271474846813231
2023-12-01,0.005915924469192646,0.009435220770735109,0.017271494075951965,0.024592972671265922
2023-12-04,-0.005249491996318523,-0.004146963316707608,-0.02161342646325959,0.0072845205271232505
2023-12-05,-0.0001969914288287855,0.007047273352308148,-0.0037794459254785195,-0.006638921141990051
2023-12-06,-0.004029729320089048,0.004135091117586143,0.0036868953454944897,-0.0029836907008374824
2023-12-07,0.007630307775091216,-0.00147803164323268,0.0016503277504122948,0.0028729272912990655
2023-12-08,0.00429915072868714,-0.006450881497686023,-0.01334039111485108,-0.0016708941004529576
2023-12-11,0.0038895629807889076,0.00010654499420303942,-0.011042895165362276,0.002749839891118766
2023-12-12,0.0045673206668572774,0.0021286933612623127,-0.0005446421195114404,-0.0005962098003546856
2023-12-13,0.01379001026096005,0.0148676751857999,0.022562533466176538,0.03829630893285629
2023-12-14,0.003209466014667095,0.008312935549490863,0.005862552982469849,0.02884071835027968
2023-12-15,-0.0016464608332517061,-0.0008327579661051576,-0.009166511771857233,-0.014072103847822426
2023-12-18,0.005624953749335804,-0.0021879103704053326,0.004545487184575592,-0.0022653168230302168
2023-12-19,0.006081022110664858,0.0018794009819704804,0.00681394057869511,0.007606528674011237
2023-12-20,-0.013857357401107273,0.004897919170542497,-0.005445982936102989,-0.012168992824867608
2023-12-21,0.009481934888156074,-0.001555450036783923,0.007070635455129759,0.008868207109407278
2023-12-22,0.0020096532964695157,-0.0009344262668248282,0.004434417088942322,0.003891587134463137
2023-12-26,0.004222507142810139,0.0006232413827371719,0.007620733251079592,0.007410716883549329
2023-12-27,0.0018080853378115158,0.007792145691597918,0.004537842226414179,0.0048664254163717224
2023-12-28,0.0003777242310194495,-0.003813982226211876,-0.005815437657636813,0.007095416725749759
2023-12-29,-0.0028949686440654654,-0.0024844057306726564,-0.001566841018672216,-0.011854164497770991
2024-01-02,-0.005596356311275752,-0.0037344034023184536,-0.002353909884146743,0.008601186472456224
2024-01-03,-0.00816655630028873,0.002395033918894285,-0.008336809604204354,-0.023900204900214606
2024-01-04,-0.003221207774758872,-0.006025338172728878,0.0010046128932528209,-0.0018394320908142747
2024-01-05,0.0013696975395152133,-0.003657803532984172,0.00015845540955172766,-0.0025336481222852925
2024-01-08,0.014276006656995133,0.003356800192974241,-0.007816271130823282,0.014316898262830557
2024-01-09,-0.0015171764938380905,-0.0004182513024086898,0.0003193567900841021,-0.006716006232203586
2024-01-10,0.005655475804245524,-0.0015688782516092292,-0.00228804710551489,0.0011462217288544796
2024-01-11,-0.0004406430412424722,0.0053423029864621,0.0019733072916665595,-0.009272145461434289
2024-01-12,0.0006927159626370916,0.0027094815341033307,0.009794068475553752,0.0060080328492417845
2024-01-16,-0.003671233311448918,-0.008105604284213141,-0.009488181898979597,-0.007350093698285209
2024-01-17,-0.005558695480359699,-0.003248107169520953,-0.01101595063528893,-0.018280917488033843
2024-01-18,0.008892805538544879,-0.0022071921931740013,0.008232882099906247,-0.005421159027292899
2024-01-19,0.01246608458137155,0.00010548910984775617,0.00298872590696031,0.01196816940737544
2024-01-22,0.0021143459729826564,0.003054599772316813,-0.003777957126316789,0.005971887364801587
2024-01-23,0.002916550057468603,-0.0025203103930473425,0.0038991332271092194,-0.006867664451297384
2024-01-24,0.0010932476051448425,-0.002842324636423421,-0.008246890539639895,-0.014299145038401573
2024-01-25,0.005438841777654968,0.004328323209706664,0.003969986681303217,0.012841852848817004
2024-01-26,-0.0012704534743315232,-0.0017868864544685614,-0.0006946931881827156,-0.002817628712819098
2024-01-29,0.007919446240754136,0.006002723741556748,0.0070584854445867595,0.006592943929981887
2024-01-30,-0.0007734882337023796,0.001360627173242257,0.0013805262268788976,-0.009356646628302157
2024-01-31,-0.016317332389816475,0.008363095896357198,-0.0007423479101065222,-0.009563337101051284
2024-02-01,0.01308817726383138,0.006193473110160053,0.01040067256889099,0.018118986804207093
2024-02-02,0.010527410320712027,-0.013013744493652224,-0.009453300862028224,-0.012410619034010084
2024-02-05,-0.00364118474871844,-0.009731997415078464,-0.005513988032274764,-0.020983932816355688
2024-02-06,0.002903296810174316,0.005389305095092611,0.005224693124019186,0.013441362518023414
2024-02-07,0.008340407765461633,-0.0017867464704333091,-0.0002651978305409086,-0.001433694080156367
2024-02-08,0.000441581975812122,-0.0032642406671599122,-0.0009018470501077624,0.00813677632574783
2024-02-09,0.005779520614053624,-0.0017957177616695352,-0.003876152075832917,0.0015429118586944846
2024-02-12,-0.00043910224687293553,0.0009525570693278418,-0.0026119694947860372,0.00023722952091786986
2024-02-13,-0.013772906115085304,-0.010996080487020388,-0.013788690196348319,-0.02061609193924352
2024-02-14,0.00908758864746062,0.0037416811576693743,-0.0005961123453055439,0.007863361478308573
2024-02-15,0.006899670102352484,0.0027691783287255856,0.0067238125229136525,0.02328645586119693
2024-02-16,-0.0049797844769921,-0.0043547702994645165,0.0036625695484677756,-0.010322425626809961
2024-02-20,-0.005505360495871137,0.00170686427110045,0.006064210073093879,-0.0017779749174196002
2024-02-21,0.000905721244936597,-0.0031948724433050746,5.331256612173263e-05,0.005580501405544558
2024-02-22,0.02069547359013213,0.00010690595393403335,0.00042672195902415666,0.0018893877734897924
2024-02-23,0.0006896938035241273,0.004593410500401962,0.005651511902278639,-0.0004713312775416201
2024-02-26,-0.003662613355522093,-0.0014886970703990032,-0.0022266895335479875,-0.01096579402437603
2024-02-27,0.001857752328964013,-0.002236061465631267,-0.0010626830578386315,0.0011923083376477184
2024-02-28,-0.001321565553773385,0.003628527266144488,0.00180849115899262,0.010121340183600447
2024-02-29,0.003594930455181,0.0020204937842138726,0.005150266749304189,0.008487662341296609
2024-03-01,0.00938825835618573,0.004565279688753421,0.018910791174389097,0.01192263488010914
2024-03-04,-0.0010724194381077634,-0.0022242925941993175,0.016174996770490724,0.009356663520617703
2024-03-05,-0.009994155680371097,0.006157708496904002,0.006020141664404566,-0.01213081913860059
2024-03-06,0.0050672841579046946,0.002426930155029705,0.008215401882095241,0.004981236996874472
2024-03-07,0.009926370346830415,0.0016840121864005742,0.005683843351386164,-0.00023035752523892228
2024-03-08,-0.006002176587923902,0.0007359793985697305,0.008452547868211147,0.011530012422816815
2024-03-11,-0.0008597807793050416,-0.0012603107527729973,0.00183502012710135,-0.004787528131161234
2024-03-12,0.010757124398922402,-0.004100495334334098,-0.01094062729637224,-0.00217615662578996
2024-03-13,-0.0015673362729731188,-0.002216954678642913,0.00700740378557585,-0.005050332040232974
2024-03-14,-0.0019767832569518307,-0.0074068598685470555,-0.004175139558116325,-0.014997749828901896
2024-03-15,-0.006866621980632592,-0.0017054638764298913,-0.00319440663913817,-0.0022252487131758647
2024-03-18,0.005943246772398769,-0.00117455987138948,0.0016022835845583838,0.0004695496364124363
2024-03-19,0.005557042851900507,0.002886327488295315,-0.0011498061737871268,-0.0003521461617460586
2024-03-20,0.009249342335327926,0.0023452028028718708,0.011911859798154678,0.006572824801096777
2024-03-21,0.0033044266676969247,0.00010649260625572587,-0.0010386361790747367,0.007229350415292712
2024-03-22,-0.001895648083675927,0.004891449750473509,-0.00802096899240623,-0.012586127139602832
2024-03-25,-0.00276252119301279,-0.0026454352641339662,0.0031944066391380588,-0.006148975402706758
2024-03-26,-0.0018471452544784883,0.0014852806657246198,0.003233961285236564,-0.004045231782429437
2024-03-27,0.008403658541902725,0.003813692295280724,0.007240660177973313,0.025803630660995003
2024-03-28,-0.00019103296889133592,-0.0009495574175543142,0.012900024807739996,0.007103591571826051
2024-04-01,-0.0017399274824990707,-0.009048063167666376,0.010208079384865787,-0.016767061138673323
2024-04-02,-0.006357920380894,-0.002138481400155934,0.014772360490971526,-0.012583780979213977
2024-04-03,0.0010984776758633519,0.0011784658548186222,0.008772374739768773,0.0010720417674761062
2024-04-04,-0.012206035808460802,0.0034250099827515257,-0.005734705223284009,-0.006424562203302564
2024-04-05,0.010446712129505098,-0.006612949458579709,0.017114197447370305,0.005149005577535615
2024-04-08,0.0005594304729916733,-0.002254543247601659,0.00622848536623688,0.010721868078128693
2024-04-09,0.0011567576165172344,0.00398154065323264,0.005497054993034878,0.013319241875331844
2024-04-10,-0.010012983815937515,-0.01329084007272574,-0.009463856185613961,-0.041409713857586516
2024-04-11,0.007546841654131775,-0.0014118139479369907,0.019433247203493043,0.003397596639269196
2024-04-12,-0.01380303434937058,0.004133549966535366,-0.013239324939518515,-0.011851576382569506
2024-04-15,-0.01252821742621646,-0.006391439333911952,0.01871915519396472,-0.017011295252306713
2024-04-16,-0.0018238321289676396,-0.0039248453651952175,0.0012220152803359419,-0.014068779607156356
2024-04-17,-0.0059182086936044875,0.006348339005824322,-0.007368252752093185,-0.00732415017342225
2024-04-18,-0.0020578568799927144,-0.0034805246871866258,0.0034154561341945833,0.00012715115641781516
2024-04-19,-0.008728122143266015,0.0013098010281631378,0.003131535140574959,0.004833588957711132
2024-04-22,0.009209032116670013,0.00010892375401017063,-0.02470249054532203,0.008860577246916135
2024-04-23,0.011866554887751901,0.0013081275065685016,-0.002458663172418052,0.00915930999449821
2024-04-24,-0.00047446412458451714,-0.00304800653527848,-0.0018600907225296837,0.0018649452687740098
2024-04-25,-0.003799006733054333,-0.0038212229337650783,0.005963468053189924,-0.005708463774550809
2024-04-26,0.009473892303857978,0.002739940963327081,0.003241927353549112,0.0004991239886102949
2024-04-29,0.003541505391073674,0.0040439335056503545,-0.002031218037689575,0.010229506615048845
2024-04-30,-0.015841202983064906,-0.004680881084537791,-0.019937078844561418,-0.016917682324858796
2024-05-01,-0.003247139553583356,0.003960524987232317,0.00906215232545482,0.0003767675498387302
2024-05-02,0.00935331726786992,0.0046980069977720085,-0.0030870874411647042,0.014063505755680161
2024-05-03,0.012395381347752421,0.005546488872431032,-0.0007976266365629092,0.006686388746339755
2024-05-06,0.010326814969085607,0.0008653781126155558,0.010518361024399514,0.0008609186268524471
2024-05-07,0.0011034873191710926,0.0025934391736888163,-0.004600326433150892,0.009462992041544771
2024-05-08,9.641757375833393e-05,-0.0028025760911359887,-0.002941061869504713,-0.008400277269839829
2024-05-09,0.005762080406812586,0.0030268145545544467,0.015778607960932778,0.020503445795955644
2024-05-10,0.0012882870372858957,-0.003232940433218534,0.008112513438038427,-0.0027671123039001433
2024-05-13,0.0001340377291474404,0.0011890309550941502,-0.011202103844459854,0.0032574376757317225
2024-05-14,0.004588156416386324,0.002915391790431654,0.008462045119477013,0.007695866784778405
2024-05-15,0.012383017623861736,0.007536853727337478,0.012838750510223873,0.013842569152906714
2024-05-16,-0.0020574118243179562,-0.0019235964009476358,-0.0038933433506626036,-0.0007062821911014705
2024-05-17,0.0014374286500424827,-0.003104788070229847,0.0164977725898805,-0.00011782990194175724
2024-05-20,0.0011521851699716201,-0.0015036826480143706,0.004023937591649318,-0.005889911720148966
2024-05-21,0.0024526293065789684,0.0025812649166603308,-0.001469548604570936,-0.00035572558306473656
2024-05-22,-0.0028794509447943595,-0.0012871306789162817,-0.01837396956557802,-0.009008909358443673
2024-05-23,-0.007304272871543005,-0.003544932450949889,-0.019944570339717638,-0.021530950124896142
2024-05-24,0.006616576997245716,0.0012933744444849626,0.0009271136061119734,0.0007334636926223936
2024-05-28,0.0006988250410566721,-0.005598579933709269,0.010513172896031486,-0.006596848530656119
2024-05-29,-0.0070027619181923795,-0.0048720183463464295,-0.009303812074716977,-0.009714535942842217
2024-05-30,-0.006633390328036115,0.005004724698867813,0.0018967600627461945,0.0146528998632387
2024-05-31,0.009108105228909258,0.0046554994491907475,-0.00586417430627717,0.01872480152957312
2024-06-03,0.0008152391819058469,0.0065492536251428035,0.008917780500373507,-0.0022826065221426273
2024-06-04,0.0011180466007918444,0.005476349098221034,-0.008977059834655465,0.007706365148074212
2024-06-05,0.011884842443602883,0.0036311626458156443,0.011845603201319,-0.0011951340025668777
2024-06-06,-1.833396013539712e-05,-0.00042588413191990693,0.007391356612921562,0.0019142208993216947
2024-06-07,-0.0012158224036638021,-0.010538376121143167,-0.03568330143379639,-0.009432768164231775
2024-06-10,0.0030895594518385305,-0.002151854653316354,0.009168181127878317,0.003375071730534085
2024-06-11,0.002408454165642615,0.005282884265167764,0.0028566106093961263,-0.003604078353937945
2024-06-12,0.008213141447610983,0.005577226294759985,0.0026617200115086614,0.008922121706833819
2024-06-13,0.0020131701068382135,0.006612393805535355,-0.008150148984962247,0.004063118019388412
2024-06-14,0.0006085064404608431,0.0023313351257692183,0.012959545903254766,-0.00023802798764893662
2024-06-17,0.00795914268166964,-0.004651298069264009,-0.005191652247571676,-0.003928546981038505
2024-06-18,0.0025404821506407327,0.004354429843359764,0.004007271832187298,0.003944041332709203
2024-06-20,-0.0027166597126226932,-0.0025381321927735456,0.012484347826456466,-0.0028571159791533907
2024-06-21,-0.0013403758589439763,0.00021219609386480265,-0.015493238109986152,0.0025071020339342276
2024-06-24,-0.003250759517070101,0.0008478994840888099,0.003957566385821121,0.0077409666447252334
2024-06-25,0.0038509684777763287,0.0008471811596206802,-0.004962237629221655,-0.012290188443330519
2024-06-26,0.001248036721894108,-0.006031232271881737,-0.009228168111804491,-0.003110955188968645
2024-06-27,0.0015764724631710525,0.0022355391437471894,0.011336925587312363,0.009721577899447498
2024-06-28,-0.003934977773824011,-0.005310717733114312,9.297647872519299e-05,0.007978550133556972
2024-07-01,0.0020580699833565586,-0.007443865228617619,0.002604589701363791,-0.00943152230644595
2024-07-02,0.006729603559596509,0.003776852865852831,-4.643394389247657e-05,0.004700365697418052
2024-07-03,0.004462421095612568,0.006665294675247901,0.011273000380832565,-0.0009597204290064942
2024-07-05,0.005766606836128396,0.005553227501521096,0.013486798057397165,0.0027619839264141355
2024-07-08,0.0011540265804428351,0.0003186904419183456,-0.012402074526820739,0.0032329271567770324
2024-07-09,0.0009723302119126753,-0.001380287995224938,0.0016957473442755777,-0.00023875209069135206
2024-07-10,0.009895400240772956,0.0009569115782335214,0.0036603361122538036,0.007402090992316701
2024-07-11,-0.00862266356548047,0.006372725018587877,0.017733403441032136,0.02867984409711899
2024-07-12,0.006307531646837727,0.002110761032865671,-0.0006270969301161999,0.007603641781478654
2024-07-15,0.0027501826800009344,-0.003159516297256415,0.0032271131671974818,0.006746028091662026
2024-07-16,0.005930116669278673,0.004437517784830813,0.019925798233449088,0.012265590918632663
2024-07-17,-0.014021014500708473,0.0008413578462633797,-0.004643206403117217,0.006843958400582828
2024-07-18,-0.00768505468631564,-0.002837761758307966,-0.006381186355259194,-0.008803127385440979
2024-07-19,-0.006640584713270448,-0.0031616729562978785,-0.017937829186174925,-0.0017987216558283947
2024-07-22,0.010309899385924082,-0.0009516504445358231,0.00031573231212611574,0.01036140348678738
2024-07-23,-0.0015686753676522613,0.0007407509404318002,0.003516676143213937,-0.0007802566739019134
2024-07-24,-0.022662260552714142,-0.0022207831827644187,-0.0035043524704835294,-0.014725483009125795
2024-07-25,-0.0052105164850400065,0.002225726037718312,-0.01564473026582147,-0.003283714410484029
2024-07-26,0.011199560910110984,0.004758821105923738,0.010534525866662925,0.017494376194548744
2024-07-29,0.0005881112482832851,0.0016843893454066006,-0.0014050562105476505,0.005135493389945678
2024-07-30,-0.005066718636549394,0.00210144548937663,0.009985461488319247,0.0077751094125555476
2024-07-31,0.01625464939413712,0.0073394181315076246,0.018110725786084414,-0.0035268665267073063
2024-08-01,-0.01416089772791107,0.004270570629736348,-0.003442943141866439,0.010065351865767402
2024-08-02,-0.01861835023491809,0.015489899032846477,-0.0019046282784819235,-0.0005475522088576046
2024-08-05,-0.029123845174314877,0.0010238158999016367,-0.012691935106198704,-0.02859648312011187
2024-08-06,0.009219682529805429,-0.008897429237227805,-0.008000713832612472,0.019738270933872037
2024-08-07,-0.006684028350486093,-0.003611826677676233,-0.0006796279952806517,-0.0068576385859427935
2024-08-08,0.023117343100528043,-0.0030031964901499064,0.015688013635013043,0.009800649597508704
2024-08-09,0.0044095475592684785,0.004051225464806629,0.0024552612171107047,0.004632155208610378
2024-08-12,0.0005255346745356437,0.0027932332944724525,0.017144665770273848,-0.00735556255017511
2024-08-13,0.01644569275588248,0.004436369432642362,-0.001532358906807807,0.008737108393993331
2024-08-14,0.0031547560307365607,0.0013349784291214473,-0.008155751250824572,0.0026314572479686493
2024-08-15,0.01714033478478072,-0.006256990796683404,0.0031388449312386157,-0.0007655015655964048
2024-08-16,0.00224201128468815,0.0019610062177559673,0.02238773852658915,-0.0005471927386014874
2024-08-19,0.009561329813109198,0.001339563064795657,-0.0016380226467286318,0.008321392357890867
2024-08-20,-0.0016261807830850739,0.004012208074482659,0.0036699887797402297,-0.0011943264534383102
2024-08-21,0.0034364727325479905,0.002049520020495299,-0.0013336178629832496,0.005327183222532339
2024-08-22,-0.00784856358069419,-0.004601819199689383,-0.011975011209935604,0.0029198486854440375
2024-08-23,0.010625422141984808,0.004623093841692016,0.011553425520716143,0.02199694101191918
2024-08-26,-0.0023837106752643278,-0.0012273827252576863,0.0031893380775307456,-0.00042182308520788414
2024-08-27,0.0013731295939918287,-0.0004095175568492593,0.002706671669018279,0.0014773982260878338
2024-08-28,-0.005805323569158638,-0.0005120008774256446,-0.007026862307456638,-0.0038995237503478553
2024-08-29,8.952696107789038e-05,-0.0017421180904590994,0.005177980359189593,-0.0030684696774030407
2024-08-30,0.009545995350848102,-0.0034906560022718303,-0.0071260085162319076,0.009658337075047374
2024-09-03,-0.020579015735476047,0.006592100663508349,-0.0043235765879541255,-0.0005255352433745086
2024-09-04,-0.002046921726743367,0.005851063604896067,0.000607926500195255,0.002839609566783974
2024-09-05,-0.002432081511849038,0.0023472394443160294,0.008332306942507639,-0.0032511316784091804
2024-09-06,-0.016830287177701186,0.0014253758500988312,-0.007402630408956501,-0.0009469640711050609
2024-09-09,0.011196238269804315,0.0014235145474525979,0.004205876079289794,0.011163762319075232
2024-09-10,0.004355957373518127,0.004264054943467821,0.004404097525005923,0.01447754377307442
2024-09-11,0.010258871438541872,-0.0007078526424014742,-0.001590555949419148,-0.0019506789056522589
2024-09-12,0.008423364442692094,-0.0016184640067388179,0.017567284525531468,0.0042176768132751175
2024-09-13,0.005222644079797112,0.0019251720418009821,0.009943683944142245,0.010448787341354127
2024-09-16,0.0014768050991735837,0.0026294453221666902,-8.374817448153493e-05,0.0033453946108523702
2024-09-17,0.0004087469851710157,-0.0018157262231847104,-0.0055309113549146804,-0.006971768695240854
2024-09-18,-0.0029660703972291813,-0.004345042146833955,-0.007710465405288858,-0.0012209095138007164
2024-09-19,0.01706458367548036,-0.0008120690873231196,0.01554075728197235,0.0002036067751740589
2024-09-20,-0.0017285073055404165,-0.0003049093756453125,0.012710660066880486,-0.003972018774355712
2024-09-23,0.0024986261292470058,-0.0006095025481592797,0.0019404068737312041,0.009918955599814261
2024-09-24,0.0028611393762469906,0.0011182424096951582,0.01396907347432852,0.0014176817246516205
2024-09-25,-0.002205258452771197,-0.004062067752773735,-0.001381767735031958,-0.006673535428977528
2024-09-26,0.00396478642197029,-0.0007138200021133967,0.005086884066794806,-0.009059421338400098
2024-09-27,-0.0014506180483944142,0.00397966992545018,-0.007935830791900744,0.001274196208986833
2024-09-30,0.0040075334110452054,-0.0027442671549977593,-0.007999374253898295,0.007862465503378324
2024-10-01,-0.008958539207961302,0.0036389796987348344,0.010491249392624136,-0.006466724568634286
2024-10-02,0.0004220236379359754,-0.002851842944528671,0.00020358719772617384,-0.0035128087403969444
2024-10-03,-0.00182832694911772,-0.005106506280094236,-0.0006920058878576718,-0.009123855783080392
2024-10-04,0.009087228063878072,-0.009649803885723895,-0.001996030315693287,-0.0048132071384964226
2024-10-07,-0.009040267787132517,-0.003628106020866273,-0.0033877625757333663,-0.008832002360325775
2024-10-08,0.009457613071693016,0.0008321399129866958,-0.007371925565205384,0.0020156468770444746
2024-10-09,0.006926470123619355,-0.0037422845797810966,-0.005446185963701722,0.0010586639286394028
2024-10-10,-0.0017500547466894334,-0.00010421427620743717,0.007342892553628744,-0.008883372494547292
2024-10-11,0.005988364033485238,0.0003131039711747885,0.010913408354139564,0.011310269234222625
2024-10-14,0.008178184812949185,-0.0017735862378139844,-0.001629502157067031,0.0060140550639573576
2024-10-15,-0.0077694473692956345,0.005120598660687259,0.003468359323146597,0.012060694488197576
2024-10-16,0.004346220853588489,0.0015597378574612186,0.005001609209081437,0.010984610606360468
2024-10-17,8.578902633948893e-05,-0.005190432680157175,0.00598831083503093,-0.007892646636953216
2024-10-18,0.003846664412038514,0.0011479336123583206,0.010618185005034864,0.007438889097311163
2024-10-21,-0.0016421922272843448,-0.007713148575516526,-0.00019900127714245208,-0.019587880016128434
2024-10-22,-0.0005312147796041611,-0.0009456141578455535,0.01078732362833379,0.0014644557057486018
2024-10-23,-0.009137468491534073,-0.002312988653721093,-0.012050555849465017,0.007311571056791477
2024-10-24,0.002162771484864434,0.0022130067946561915,0.007693259346016168,0.002177507315917371
2024-10-25,-0.00034540013052763996,-0.0022081202096289054,0.0020569789010425055,-0.009415505003033342
2024-10-28,0.003091558131063099,-0.002318610654840847,3.945407605776552e-05,0.0031336164562165703
2024-10-29,0.001618420450022695,0.00042287656359785153,0.010894858433216914,-0.007184563374021846
2024-10-30,-0.0030253149285649483,-0.0014784016506895759,0.005505891218995584,0.004404713052465148
2024-10-31,-0.019603209549842626,-0.0005286768773306028,-0.015495166963743978,-0.01691542066130791
2024-11-01,0.004220637142155814,-0.005921932030433563,-0.0041023758773532926,-0.011046269497596684
2024-11-04,-0.0021539921792302907,0.005337860371356307,0.0014259144001700363,0.010954849779152953
2024-11-05,0.012091704033957873,0.0005311084053296611,0.002254447895034817,0.013279561130934203
2024-11-06,0.024865733075589258,-0.010295061480013357,-0.030386729020158154,-0.02128336789327112
2024-11-07,0.0077319274489446865,0.008042764550157733,0.016076503855530166,0.011997760646170086
2024-11-08,0.004331879937762739,0.0021279272065615196,-0.006769426092267161,0.014925452488490532
2024-11-11,0.0009528509953158348,-0.0027602227510364896,-0.02347155656813127,-0.005006242022495999
2024-11-12,-0.003106436676122093,-0.006280731390756467,-0.008631355179477884,-0.013836498832055621
2024-11-13,0.00048582421637055617,-0.0006427004118738644,-0.010081225320474285,0.005527200762901252
2024-11-14,-0.006430280801580368,-0.00010708322156882666,-0.0026091417886487944,-0.008985109159545424
2024-11-15,-0.012808561421824072,0.000428905453647932,-0.0017720694429753658,0.0005332968433693352
2024-11-18,0.004097350969585634,0.0022503056593528026,0.019020246289590537,0.007249568134274131
2024-11-19,0.003655740179889566,0.0021383571813782254,0.008959325127211537,0.0048686484574362865
2024-11-20,0.00033861123273215554,-0.0014936997373489191,0.005632045702723465,-0.0012639738317348215
2024-11-21,0.005368359607974105,-0.0005342247227757557,0.008339500390982302,0.007382338311568315
2024-11-22,0.0030993072050216064,0.0006413948179464501,0.012892210445830665,0.0075377943529642
2024-11-25,0.0033922450746333155,0.010790431662757394,-0.029458856541118794,0.013923547582451956
2024-11-26,0.00522138804441763,-0.0021136015160532207,0.0019383092584315254,0.003996649713279732
2024-11-27,-0.003030023597922704,0.004024964546191612,0.002222714763140843,0.006430587924819431
2024-11-29,0.006212042831218234,0.004219779240127064,0.008624546377060671,-0.00446245336979656
2024-12-02,0.0017925292248484048,-8.438675559763187e-05,-0.008754403389975018,-0.014568213072226777
2024-12-03,0.0004637526558710636,-0.002845303872156313,0.002012776164397767,-0.005065505201744758
2024-12-04,0.006209316373416707,0.0038046786677101707,0.003033679807253664,-0.002701531503822019
2024-12-05,-0.0016454078303409503,-0.00010528494317019188,-0.007397709454119217,-0.0023964087669063883
2024-12-06,0.001895564054851917,0.00315870896581516,0.0003705687954560499,-0.00146216142423794
2024-12-09,-0.005149618902517306,-0.0034637420564382904,0.009919751769426055,0.0028239688478972624
2024-12-10,-0.00310917266864974,-0.0017906842630529551,0.01316431251835759,-0.014497276516744484
2024-12-11,0.007730670035946519,-0.002954597430608774,0.009533812345188464,-0.0023284084125954063
2024-12-12,-0.00515268872470287,-0.0038099141395676606,-0.014663722649505995,-0.0015910657153114238
2024-12-13,-0.00019849144435746258,-0.004674023785001813,-0.012091578404740733,-0.0028686746952115705
2024-12-16,0.004270015185904974,0.0003199423406745616,0.002415209844427002,-0.00351634240729648
2024-12-17,-0.004120034227280023,0.0,-0.0038386247250202787,-0.004811740678952847
2024-12-18,-0.029803379207074987,-0.007729292711097013,-0.01918507783771317,-0.041259226485825695
2024-12-19,-0.00030706338446473413,-0.004531073642718764,0.0014210967336203417,-0.015465866777301662
2024-12-20,0.012010899570405353,0.003684884039200087,0.010434056495473909,0.01684713734288823
2024-12-23,0.005988234505162948,-0.004427186656465909,-0.004708795377563968,0.003910783477557356
2024-12-24,0.011114966877270982,0.000542191911403922,0.001992014086009908,0.006642577335063793
2024-12-26,6.67571597052774e-05,0.0007586044183569562,0.006751179863859091,0.0026843000461884703
2024-12-27,-0.010526435622968289,-0.0025994740592847343,-0.0068705038771271765,-0.010039131527159295
2024-12-30,-0.011411785058558777,0.005864524008107885,-0.0031896811646235923,-0.00495763046710318
2024-12-31,-0.00363817687208412,-0.0018355675808633398,0.006233636577161361,0.00871919472277205
2025-01-02,-0.00245696097352488,0.0005411658784748585,0.013587714119632333,-0.008868393631733196
2025-01-03,0.012503583332969637,-0.001621827878656501,-0.007864039973028869,0.013138607114045353
2025-01-06,0.005760621082697703,-0.0009745188990235576,-0.0012320959587239777,-0.012856449713355977
2025-01-07,-0.01130420393540299,-0.004552455628307417,0.005633435188264313,-0.009513153374142491
2025-01-08,0.0014611505238784073,0.0017421874432448359,0.005315681488123669,0.0026300195764237255
2025-01-10,-0.015267648636208109,-0.007282793908553353,0.009558310004399662,-0.024404155143742945
2025-01-13,0.0015506829641329656,-0.0017517381745201233,-0.009951255605703757,0.01227347561734149
2025-01-14,0.0013757274030190558,0.00032913325506012114,0.005249423200524461,0.009122360754562964
2025-01-15,0.01819009004877592,0.010526479193810223,0.007488993695735191,0.0057215095893983214
2025-01-16,-0.001923047849739179,0.0023868914843701017,0.006910965874952435,0.02070756627431658
2025-01-17,0.010039796281914537,0.0007577130752052241,-0.005307269747253374,-0.0006686945674838629
2025-01-21,0.009153507061779642,0.003353221846767118,0.01548521901629396,0.018739615154192757
2025-01-22,0.005621565726746214,-0.0025874063185763463,0.005135652699768123,-0.01740947336369858
2025-01-23,0.005457860338953013,-0.0025937665880932936,-0.0014148699521492336,0.007354634377472413
2025-01-24,-0.0029192678824805363,0.0020588780397570172,0.006218705580030903,0.0034291822844074726
2025-01-27,-0.014145270885837502,0.006488625349924115,-0.0104048052682425,0.013339101476801174
2025-01-28,0.008592366591027911,0.00010735478167633872,0.008656417783572623,-0.012075727744648157
2025-01-29,-0.004482877969565591,-0.0011819122065018783,-0.0038404097330004827,-0.013214314964567153
2025-01-30,0.005367069831162752,0.0021514184457680496,0.01514551884715587,0.012721739723161374
2025-01-31,-0.005321754897484321,-0.001609903346415753,0.0019763991077348386,-0.0022038868026226233
2025-02-03,-0.0067298205432893,0.0007117389162867305,0.005337271410283728,-0.0020982493694354787
2025-02-04,0.006708266511638916,0.0024787818927163308,0.00984841707528572,0.000774802432148558
2025-02-05,0.0040545635919921885,0.00580500980943599,0.006209542410714253,0.014043773242422564
2025-02-06,0.003475711323454478,-0.0011756611273395778,-0.0026502562908058414,0.002508235539360415
2025-02-07,-0.009153456656979642,-0.0033174580099504247,0.0017841598670260694,-0.003263264140589528
2025-02-10,0.006791202782944872,-0.00021456217082582718,0.016938239196991,-0.0004366331861157535
2025-02-11,0.0007605776315475765,-0.002577214756370516,-0.0036516022155236305,0.004367437830945731
2025-02-12,-0.0032215675382295528,-0.006890708942884682,0.0010471549570203464,-0.009240326411392163
2025-02-13,0.010557311732341645,0.00748051110333825,0.009862831092105617,0.009984798524752758
2025-02-14,-4.889082138626044e-05,0.0041967327345588945,-0.014871773334245608,-0.004562755293963772
2025-02-18,0.0029357362526629682,-0.005358052161615556,0.01656090548123368,0.0044745556594283364
2025-02-19,0.0023549654159298328,0.0016162494188203258,0.000554096378723612,0.0007604827537077696
2025-02-20,-0.0041604218033111096,0.0020435502587741183,0.0005168326664386491,0.004776962213259406
2025-02-21,-0.017103962097052228,0.0059037190243453885,-0.0009225433005247696,-0.009832501967170115
2025-02-24,-0.004550606356782505,0.0021344746740366016,0.005429568123388684,0.003928379686653383
2025-02-25,-0.004973236186201824,0.007879836870734236,-0.013188334192659745,0.012282575830705245
2025-02-26,0.0005048991238569833,0.0027469504796560074,0.0015263333689308212,-0.004187773442367426
2025-02-27,-0.01596187606266053,-0.001158852919337705,-0.015239958822878874,0.003989768984356212
2025-02-28,0.01560552188516362,0.005485036268039867,-0.006265820058134697,0.008484637431148245
2025-03-03,-0.017519912848197983,0.003629737658942922,0.013180390342641513,0.004685725580954259
2025-03-04,-0.011836731125791644,-0.0031449817423025994,0.008697635934455272,-0.011553830148548383
2025-03-05,0.010747771889564772,-0.005573470708066575,0.0020813110966888537,0.011152703100853145
2025-03-06,-0.017751366236871347,-0.0005287928701308564,-0.005081207410422395,-0.02566545991343827
2025-03-07,0.005605112789569766,-0.0012697572221452846,0.0005219558189655249,0.005986734965433005
2025-03-10,-0.026635625916893613,0.006992500715623073,-0.008755937163287819,-0.00962997036314528
2025-03-11,-0.008312883898723533,-0.0035774752215577132,0.011727541035094546,-0.011690158890363733
2025-03-12,0.005306567271615936,-0.0029561410115125364,0.004346793335703092,-0.0030952425813208784
2025-03-13,-0.01333068748512689,0.004024204318485269,0.017756144523255468,-0.019738432379381332
2025-03-14,0.020655961652278343,-0.0034807618114700567,0.00039975774946587883,0.020022690242033514
2025-03-17,0.007711466552019708,0.0008468021641432344,0.0054135329342379634,0.017078947477902062
2025-03-18,-0.010808552121471915,0.001163293000083998,0.011671955843306048,-0.005233960059887299
2025-03-19,0.010890933806222636,0.0030631445316788852,0.004107707999658539,0.0012056036479008991
2025-03-20,-0.00289196596623309,0.0014741790010994738,-0.0012805854303336028,-0.0006567614375683206
2025-03-21,0.0003301609270389694,-0.0008411115530255753,-0.008049901213267985,-0.011064983313764709
2025-03-24,0.01790839914019271,-0.005788137552184991,-0.004452548665506595,0.015398483378258332
2025-03-25,0.0024038461538462563,0.0016936979199659863,0.004400365088198743,-0.011220450163243467
2025-03-26,-0.011938221555303774,-0.002325035839958245,-0.0008259812019960622,0.0039014564393602402
2025-03-27,-0.002655673818303672,-0.0008473444548577902,0.013405732882559862,-0.0025538453733702227
2025-03-28,-0.020138432989329713,0.008056770500094013,0.007412123023167849,-0.0013358604393368667
2025-03-31,0.006712831808701525,0.0029448377443390683,0.014363222998346137,0.00925213581772577
2025-04-01,0.0028243574234689817,0.0035133215278539964,-0.0019782303576065807,0.00044176518490934846
2025-04-02,0.006328417375800033,-0.0009434471658179566,0.0020516615880092903,0.006071923261084855
2025-04-03,-0.04928084518002507,0.0102821629799843,-0.006038278082531101,-0.03412715369101926
2025-04-04,-0.05854287733817165,0.0028040975287457748,-0.02339226273628292,-0.04339923253277478
2025-04-07,-0.0017812520990850844,-0.01190992904835031,-0.02148580630415131,-0.026246900329078504
2025-04-08,-0.0156627135192009,-0.005030713536515297,0.005443793790763651,-0.026832681478278442
2025-04-09,0.10501940080127703,-0.003160082870547143,0.03699125081478161,0.059656808323069965
2025-04-10,-0.043819186000878085,-0.006234908947669315,0.0244235794430141,-0.02282680849434715
2025-04-11,0.017842729535110458,-0.005635994655718846,0.019086664805096243,0.01222456359477464
2025-04-14,0.009701544310149135,0.008020478271750564,-0.005705977012200658,0.02068640071704264
2025-04-15,-0.0028008419098758397,0.0029705350529378727,0.005232379352138938,0.0030459634081541065
2025-04-16,-0.022227877495244908,0.004336701434575874,0.0325408102664011,-0.0007008671085629858
2025-04-17,0.0014266007089094312,-0.002843501463182352,-0.004390692094044635,0.014960337006896696
2025-04-21,-0.023802704228313765,-0.005386402864074991,0.03093558529908469,-0.020843004432609114
2025-04-22,0.026017952237926245,0.0007432149533959098,-0.014195668551963636,0.019405020178437482
2025-04-23,0.015495239607165034,0.0010611304370959918,-0.023978630729734163,0.001845844038517841
2025-04-24,0.021049035459204557,0.00540598600262765,0.014556277018207942,0.0036849793056292768
2025-04-25,0.007225320685248393,0.0037955868388266367,-0.010841679678267213,-0.0017210240644229824
2025-04-28,0.00038131807369912174,0.003990960055515691,0.01424210344049559,0.006206200950027441
2025-04-29,0.006299374906016286,0.0034522342540304063,-0.009738925467677184,0.005368268631024131
2025-04-30,0.0003969200081936908,0.001563943952497926,-0.007482221012837353,0.0035220441630681165
2025-05-01,0.007086899272892966,-0.004354818801089788,-0.02077228754256477,0.0032829540079382102
2025-05-02,0.014844110563275503,-0.0067128370334942344,0.0017481999132260562,0.012299849852092759
2025-05-05,-0.0057342225403400615,-0.0017952075306741921,0.029867754776654154,-0.002229442242626112
2025-05-06,-0.008358490505789407,0.0025387886064933696,0.02802400275899264,-0.007708613177391688
2025-05-07,0.0042055333826633845,0.002638001637029541,-0.014993060801348546,0.0011258454974267806
2025-05-08,0.0069678158690302805,-0.007787564791375545,-0.0196942722998793,-0.0039360278817256455
2025-05-09,-0.0012740912560312845,0.0007424007472585092,0.007254674259445482,0.006661310155485767
2025-05-12,0.033047360828913463,-0.006359334731473432,-0.028190568373488878,0.004934902347636605
2025-05-13,0.006604082332049677,-0.0007467692779479229,0.004258992599597278,-0.012723161638909963
2025-05-14,0.0012778727130509093,-0.0037358648515123383,-0.021037827999516923,-0.009835027696746157
2025-05-15,0.004884270229584153,0.0065360208634730466,0.015963953531585195,0.018266948879582356
2025-05-16,0.0063341153643989845,0.0003191277710272722,-0.012087047232674286,0.012445513770234395
2025-05-19,0.0010938207948751888,-0.000532194473642611,0.012880671121226372,0.0002214249612528807
2025-05-20,-0.0033621577891223,-0.0012776388645183712,0.0186222454642182,-0.00586802651256213
2025-05-21,-0.016850859230970072,-0.006929782594635947,0.007378683875855163,-0.02661772383090033
2025-05-22,0.0003947301607376552,0.0037575526713808927,-0.008861493387459118,-0.00457673385563917
2025-05-23,-0.00682577549886576,0.002887643246724414,0.021906288045034472,0.0010346250048014483
2025-05-27,0.020790560959966786,0.004159354163865592,-0.016949152542372836,0.017453196871730636
2025-05-28,-0.005785333975273588,-0.0027615023986183873,-0.0022660178699712707,-0.0010158262467966361
2025-05-29,0.0039474262075909206,0.004153595761176021,0.0059247154716217665,0.009037654156620611
2025-05-30,-0.001118549295088922,0.0029694583631592053,-0.006576942326457891,0.0
2025-06-02,0.005632907541234244,-0.003394664546410353,0.026581051258171673,0.0013433975332455272
2025-06-03,0.005702585572020968,-0.0009584224376906203,-0.008855551213511115,-0.0020125282341943995
2025-06-04,-0.0002684505635119905,0.00735233755317477,0.006441974072654677,0.0028008298942809873
2025-06-05,-0.004832782960816684,-0.002961724777307273,-0.00504987891618125,-0.0007820528255401138
2025-06-06,0.010269106845499198,-0.007956738885774528,-0.013416073696802311,0.004807811631184045
2025-06-09,0.0009010846984405241,0.0018179174062893377,0.004718534884218695,0.0013350861428764738
2025-06-10,0.005669725968590722,0.0017079265986528203,0.000293510988597534,0.008556696185259227
2025-06-11,-0.002851855182260943,0.004156197017001206,0.005412290790508978,-0.005398883989320202
2025-06-12,0.003974135565928627,0.004351047998788937,0.0124202002480438,0.004874220205694169
2025-06-13,-0.011180074561920939,-0.0036981170076063608,0.013100564311248064,-0.00970124383477533
2025-06-16,0.009514273488879121,-0.0028637451528420454,-0.01425909653729851,0.0007792668996320362
2025-06-17,-0.008545079722505178,0.004892553271052202,0.0005131941200071655,-0.0035594608281523943
2025-06-18,-0.0001506719699877479,0.0006351552900858426,-0.005385627565021256,0.003460528457108758
2025-06-20,-0.0023485936531058016,0.0006345826985529879,-0.00041901914110908933,-0.0006674843866754099
2025-06-23,0.009877445925917883,0.0034883723883452067,0.0030631724583116693,0.01502838501248327
2025-06-24,0.011047302183246677,0.003476330312628395,-0.015719378751237634,0.002632075179383131
2025-06-25,0.0005603485498484329,0.0004199416369401465,0.003037305817845004,-0.02406470916960768
2025-06-26,0.007823673022863797,0.0035674593186858505,-0.0011070472235482631,-0.0009281778192914425
2025-06-27,0.0049684261271674135,-0.0026140608791390685,-0.018123728993798327,0.002492442889252322
2025-06-30,0.00478128084883922,0.003983631914023178,0.01198454729743359,0.006441493814465904
2025-07-01,-0.0003237169474282764,-0.0018538763442986772,0.008923010663382636,0.0072983574522114125
2025-07-02,0.004533404674952779,-0.0020988574246453284,0.005527596405484614,0.002340964427088865
2025-07-03,0.007881227797216672,-0.0034704154138295307,-0.006822911403597365,0.0011119213561885388
2025-07-07,-0.007451977060185855,-0.003165810560228133,0.000748780548875283,-0.008553652464746042
2025-07-08,-0.0005477000385931685,-0.001482244881763073,-0.010443411868664265,-0.001456403113322513
2025-07-09,0.0059967873925852455,0.005195134967453274,0.004471282664348264,0.0007853677626266098
2025-07-10,0.0028201236361711235,-0.0005273708680265665,0.0022257895319868215,0.006278728548506418
2025-07-11,-0.0035154388382148127,-0.004643362935491724,0.009601575193336043,0.00011150963832484706
2025-07-14,0.0019083592723176945,-0.0004238007230935592,-0.0036553174266280575,0.006461494591539552
2025-07-15,-0.004273327403079508,-0.0039245496086712794,-0.004155705135267751,-0.014721979851059164
2025-07-16,0.003343222494186504,0.002768473542103189,0.004988096125243757,0.009437137656625572
2025-07-17,0.006119571230611909,-0.0003185899436295436,-0.0021735334020257513,-0.0011130545255261248
2025-07-18,-0.000732380053927173,0.002762049323569382,0.002600924347578637,0.002116990889252879
2025-07-21,0.0018962189772129268,0.003495781104024376,0.015370115792427752,0.004113941094776807
2025-07-22,0.00014305906725886608,0.0028499373202566236,0.009484882235462067,0.01716300875233423
2025-07-23,0.008507550549488707,-0.003578916160183021,-0.01240118112003663,0.0019595899297666364
2025-07-24,0.0003309737593313322,-0.0014790289433237458,-0.006118276977772341,-0.0034767477296964167
2025-07-25,0.004224394417492228,0.0023277878321057432,-0.0092499926477293,0.00010902742741381033
2025-07-28,-0.0002511098453120697,-0.002216880294615531,-0.00647361832754334,-0.016025371776982933
2025-07-29,-0.0026375098876267877,0.006559005757963199,0.002750389076383808,0.01606469628119478
2025-07-30,-0.0012594778557148967,-0.0034682266191091715,-0.017273497289540862,-0.014175112275204405
2025-07-31,-0.0037511184124822128,0.0008434685535170239,0.0066454015709211944,-0.014047113713656412
2025-08-01,-0.01639030421239296,0.011513005834444145,0.020299689958884537,-0.002468026936126022
2025-08-04,0.015199594494389679,0.0013585304484640126,0.005823229257701401,0.010233914448678716
2025-08-05,-0.005069872100040507,-0.0007305431226001247,0.0008040912066364925,0.00456426413965727
2025-08-06,0.007659667282124971,-0.000731160320759705,-0.00212110700071233,-0.007757088762904263
2025-08-07,-0.0008376633299287395,-0.0007316953073353005,0.008437987494967825,0.0029036396062334102
2025-08-08,0.007797543710129862,-0.0023011549806987164,-0.00022357985855403495,-0.008240442571397666
2025-08-11,-0.001977460235009665,0.0003146086276180071,-0.014374701087597641,-0.006624834143538871
2025-08-12,0.010646053664834954,-0.00020983992449763456,-0.0009074665058316222,0.005651631279443459
2025-08-13,0.0034231618938416197,0.0035645238036448035,0.0030492830145867345,0.00932898394639925
2025-08-14,9.295674690901201e-05,-0.003238321618751816,-0.006338706734070332,-0.007126857221801286
2025-08-15,-0.0023411604144276676,-0.0019912690383099285,0.0005858183101099534,0.005719961617085101
2025-08-18,-0.00021777244270015927,-0.0009451454651651092,-0.0015612675411803556,-0.008475340044559854
2025-08-19,-0.005425013223060993,0.002522716534632874,-0.005473279447945512,0.017208313812350662
2025-08-20,-0.002657103671908412,0.0014676730249423287,0.010122175284489776,0.0028747444880254935
2025-08-21,-0.004011689053040168,-0.0029312941538313098,-0.0034698951143765644,-0.0029766694334342203
2025-08-22,0.015356612804017011,0.005565003326168494,0.01070642694476942,0.01935179790607089
2025-08-25,-0.004400924130794515,-0.001984074888835674,-0.0024148368614391735,-0.005749444879090904
2025-08-26,0.004186869919697411,0.002615753481281624,0.007262047243691283,-0.002618656567429989
2025-08-27,0.0022786450217604504,0.0018782064610500804,0.0020187288833615202,0.00623563834294516
2025-08-28,0.003541316007178885,0.0022913282186360906,0.007419038046796889,-0.00260943533439284
2025-08-29,-0.005963671322057884,-0.0008311325671742642,0.00964990177666114,0.005450270539959279
2025-09-02,-0.007410335051375783,-0.0029844197086738022,0.023642559312442524,-0.016587243393817785
2025-09-03,0.0054196700659536745,0.0034537987594447372,0.007831992196408066,0.0005512950719630538
2025-09-04,0.008357315579839986,0.004484708899674672,-0.004418882618094533,0.0074922840518751865
2025-09-05,-0.002896237978525229,0.004880157017542963,0.01334594055214322,0.01126412463025006
2025-09-08,0.0024565607117745802,0.0030997927734770503,0.011388067271604019,-0.0058397297856388475
2025-09-09,0.0023119047121875624,-0.0023691311960117867,-0.002269905468609168,-0.00228425903793128
2025-09-10,0.002890849205147372,0.0026845616698216723,0.0035922056391106683,-0.0016354114112062668
2025-09-11,0.008310343110402796,0.001544466127227917,-0.0014913797811720864,0.018237406040044757
2025-09-12,-0.00033480283462006266,-0.002878666334274471,0.0019715725978484144,-0.004611752634892219
2025-09-15,0.005324009290667231,0.001649829647912382,0.01040483601055886,-0.0016162044542991083
2025-09-16,-0.0013768405847186527,0.0006175139800004281,0.0020064107533963593,-0.005288147945641808
2025-09-17,-0.0012424491104373603,-0.0021604955145462235,-0.007715171664187115,-0.0013018547722938312
2025-09-18,0.004672464780074215,-0.0032992378020607616,-0.0040063094596702875,0.002172557399134911
2025-09-19,0.004952930300824665,-0.0004138416409198431,0.010607227252210416,-0.006503889483270187
2025-09-22,0.004730992209795115,-0.001655805666051613,0.01730643093326134,0.0002180469430648202
2025-09-23,-0.005443480659860334,0.0027988114793857655,0.004086375052867464,0.005454432411942767
2025-09-24,-0.0031816581403536492,-0.002687368482672259,-0.009063049726670935,-0.00983593733196697
2025-09-25,-0.0046134455757694814,-0.0021767824559176807,0.004165188877066628,-0.0029866710857848755
2025-09-26,0.005729010168833648,-0.0005192866420246078,0.00577227044053652,0.009874584466606162
2025-09-29,0.0028105276492997877,0.0029096149841956187,0.016496514338703028,0.0003296111944974811
2025-09-30,0.003766799753069261,-0.0004143242265838287,0.008540004081594166,0.004063691310775885
2025-10-01,0.0034076065490575846,0.003369167239706039,0.0015753722020723782,0.0015313687653084607
2025-10-02,0.001151731459675398,0.001036407087133151,-0.003482825151325697,-0.005242502720399056
2025-10-03,-1.474998317585463e-05,-0.001966946425985383,0.008032937892485048,0.0037330459632969326
2025-10-06,0.0035861425551588777,-0.002904599439898181,0.01884573861512795,-0.009407165153284103
2025-10-07,-0.0037074427188158454,0.0024967211511275345,0.005159462258136571,-0.0036439652623275753
2025-10-08,0.005963018112918661,0.0002077744232802381,0.01649095687844504,-0.005208857567607916
2025-10-09,-0.002897019428214409,-0.000726403078229465,-0.018452848086064955,-0.005459133639743263
2025-10-10,-0.027027784753554496,0.006229899890566326,0.010097700011942212,-0.012770143187919136
2025-10-13,0.01534405245669701,0.0005159984402551832,0.02430104394061705,0.006354326046663417
2025-10-14,-0.0012216093756775015,0.0025782538579004477,0.007141189222626965,0.01026033523862302
2025-10-15,0.004439561180749063,-0.0011314655610678015,0.017332403569977117,0.014508984295984462
2025-10-16,-0.006810350456471936,0.00463441010824206,0.02338727694573084,-0.0035204069055548848
2025-10-17,0.0056763870144511674,-0.0016402970302648034,-0.01881705572696646,0.006513667381365051
2025-10-20,0.010400512350939195,0.0013348701268227625,0.03640197438905224,0.010090924273601587
2025-10-21,-1.4979984718554995e-05,0.001845699280669466,-0.06426889260666147,-0.0028232671398307208
2025-10-22,-0.005198867790280337,0.00020484376595919507,0.00010605594835544352,0.004246890817036331
2025-10-23,0.005929906487662118,-0.0032746442488923444,0.004002358382396931,-0.0006504726788166826
2025-10-24,0.008172552647061071,0.000923864774773353,-0.0033528327110016187,0.0029297196344224563
2025-10-27,0.011797810638544126,0.0,-0.027839530498784404,0.0028127957836590056
2025-10-28,0.0026558587258540545,0.0009233364695195867,-0.007166030388359279,-0.01963528275521309
2025-10-29,0.0004803961984587435,-0.0064563395054885175,-0.0037872684129753864,-0.025751066229898534
2025-10-30,-0.010998124123417385,-0.001444101738296899,0.01964188672951095,0.004744077572371719
2025-10-31,0.0032802000099823037,0.00041329054169891855,-0.005430550723012573,0.0025857377973925733
2025-11-03,0.001876606200154285,-0.0004764757255784069,0.0017929035935666526,-0.0014576960500414238
2025-11-04,-0.011853551302988707,0.001243544274350139,-0.017517195825319742,0.00168442602142993
2025-11-05,0.0034654938502332033,-0.004760700072142687,0.011564369498527016,0.0008968972096679018
2025-11-06,-0.010729329446956037,0.0050954579674105105,-0.0012005195756799036,-0.004816325220216466
2025-11-07,0.0009845249103577203,0.0004139801656524167,0.006119021470095687,0.015531798359940785
2025-11-10,0.015604317681877422,-0.0013446342173456527,0.02734111859838051,-0.0005542495433978889
2025-11-11,0.002289339069340812,0.0031070105164563433,0.003937814406542062,0.011199924701076114
2025-11-12,0.0005564170284204639,0.000206378528820661,0.016110762091908537,-0.007456911761845597
2025-11-13,-0.016594034139048364,-0.002890167766745333,-0.008083098515826892,-0.012263982912359306
2025-11-14,-0.0001638639805948694,-0.0016563697408281675,-0.018047911171504505,0.002125277095976541
2025-11-17,-0.009316344755070927,0.0011405975488800735,-0.011463979297139493,-0.008259742872119502
2025-11-18,-0.008397553718616058,0.0016572276236717087,0.007264932736103624,0.0040517579867291875
2025-11-19,0.0038632365293529425,-0.0007237712983764188,0.0016294519610446923,-0.007846704574018037
2025-11-20,-0.015242276237766972,0.002380061188290039,-0.0002933255655774847,-0.004180308723255588
2025-11-21,0.00996119766575232,0.0033032615425576672,-0.0015473311468576778,0.01622430565437316
2025-11-24,0.014718553120582678,0.0015433946116956143,0.01584423909859023,0.0026793997826246585
2025-11-25,0.009406036868025991,0.0025683063737822476,-0.00031569077041548876,0.009241753063355729
2025-11-26,0.006903450491409613,0.0008196622003100451,0.007998338908444147,0.004413066057967985
2025-11-28,0.005458373086222323,-0.0017405574335530583,0.012424331348639184,0.0032952138688426835
2025-12-01,-0.0045654326011898005,-0.005369588281171511,0.004821066034977672,-0.011495455528956144
2025-12-02,0.0018521605335179991,0.0008272864395169055,-0.006440050713598433,-0.003544103142574362
2025-12-03,0.0034628390228845785,0.002066831364541555,-0.0009296182229129313,0.0025563347192356645
2025-12-04,0.0007310609522068745,-0.0030938120517081114,0.0006461951944911615,-0.002438947312979556
2025-12-05,0.001899514150938808,-0.0020688067886325268,-0.0017823532991587676,-0.001111490867313103
2025-12-08,-0.003004291266267667,-0.002073258557313773,-0.002639449868615862,-0.007676860576925182
2025-12-09,-0.0008630053269349514,-0.0014542716310659287,0.005137202012788666,-0.003812062986572884
2025-12-10,0.006632175045054867,0.003224757609725737,0.004259147967166088,0.003601631967484753
2025-12-11,0.0023269817636015766,0.00010365851819993388,0.010769830543307712,0.00437348940663318
2025-12-12,-0.010752008599530072,-0.002695656970846505,0.005594579039939429,-0.001228099800459237
2025-12-15,-0.0015108498675291404,0.000831750243540208,0.0009103412637567754,0.0031302781896098697
2025-12-16,-0.002732363256316539,0.0028047017041037403,0.00022745542760316262,-0.007355431424224346
2025-12-17,-0.01100356428531768,-0.00020726507224522184,0.008588228474273762,0.0037048340011949232
2025-12-18,0.007551360600256851,0.002590129124572904,-0.0018032036998043566,-0.005257129212613898
2025-12-19,0.009063394238406408,-0.0022497267330412463,0.0011289903434381632,-0.00382329692293204
2025-12-22,0.006229909040435855,-0.0010390424367233697,0.02308160549906857,0.0051374339554175474
2025-12-23,0.004570344256512593,-0.0004160492675341354,0.013252341857567629,-0.0006800673487199482
2025-12-24,0.003517736660175297,0.002601512503098702,-0.004134082564786756,0.00657750903006038
2025-12-26,-0.00010139418790333643,0.0009341111386553802,0.011676735474757116,0.0011265696193769603
2025-12-29,-0.0035636809822511273,0.0014516425386905674,-0.0435283019531133,0.0020257023401670793
2025-12-30,-0.001221116197679395,-0.0010353034082197787,0.0007275678386380324,0.0020216071658003543
2025-12-31,-0.007408984561101173,-0.0033168266064543817,-0.006467991163222386,-0.008182067063981058
